"日期","国家","应用","渠道","版本","注册用户","广告场景","曝光人数","曝光次数","广告收益","点击次数"
2026-06-01,ao,RM06B,facebook,"1.3.5",73,ALL,56,171,1.8327000000,108
2026-06-01,ao,RM06B,facebook,"1.3.5",73,bkcp,16,17,0.0951500000,4
2026-06-01,ao,RM06B,facebook,"1.3.5",73,cl_open,33,33,0.7188500000,32
2026-06-01,ao,RM06B,facebook,"1.3.5",73,ho_open,27,41,0.4209000000,29
2026-06-01,ao,RM06B,facebook,"1.3.5",73,ngdcp,21,21,0.2525500000,12
2026-06-01,ao,RM06B,facebook,"1.3.5",73,searcp,12,15,0.0551000000,6
2026-06-01,ao,RM06B,facebook,"1.3.5",73,splcp,18,20,0.1512000000,12
2026-06-01,ao,RM06B,facebook,"1.3.6",68,ALL,50,148,1.7799500000,101
2026-06-01,ao,RM06B,facebook,"1.3.6",68,bkcp,13,13,0.0640000000,3
2026-06-01,ao,RM06B,facebook,"1.3.6",68,cl_open,32,34,0.6794000000,37
2026-06-01,ao,RM06B,facebook,"1.3.6",68,ho_open,25,37,0.2577000000,20
2026-06-01,ao,RM06B,facebook,"1.3.6",68,ngdcp,15,16,0.2025000000,11
2026-06-01,ao,RM06B,facebook,"1.3.6",68,searcp,10,12,0.1761000000,6
2026-06-01,ao,RM06B,facebook,"1.3.6",68,splcp,14,15,0.2178500000,13
2026-06-01,ar,RM06B,facebook,"1.3.5",288,ALL,233,971,19.7711000000,486
2026-06-01,ar,RM06B,facebook,"1.3.5",288,albcp,31,32,0.5559500000,13
2026-06-01,ar,RM06B,facebook,"1.3.5",288,bkcp,40,41,0.3458500000,12
2026-06-01,ar,RM06B,facebook,"1.3.5",288,cl_open,176,198,7.6044000000,152
2026-06-01,ar,RM06B,facebook,"1.3.5",288,ho_open,120,237,4.9308500000,115
2026-06-01,ar,RM06B,facebook,"1.3.5",288,ngdcp,85,85,2.0366000000,49
2026-06-01,ar,RM06B,facebook,"1.3.5",288,searcp,45,55,0.5682000000,25
2026-06-01,ar,RM06B,facebook,"1.3.5",288,skpcp,24,49,0.2806000000,14
2026-06-01,ar,RM06B,facebook,"1.3.5",288,splcp,91,127,2.4550500000,38
2026-06-01,ar,RM06B,facebook,"1.3.5",288,xzcp,43,125,0.6606000000,58
2026-06-01,ar,RM06B,facebook,"1.3.6",306,ALL,268,1432,29.5156500000,799
2026-06-01,ar,RM06B,facebook,"1.3.6",306,albcp,35,42,0.5855500000,31
2026-06-01,ar,RM06B,facebook,"1.3.6",306,bkcp,60,67,0.8802000000,25
2026-06-01,ar,RM06B,facebook,"1.3.6",306,cl_open,198,240,9.3839000000,193
2026-06-01,ar,RM06B,facebook,"1.3.6",306,cscp,12,17,0.1725500000,7
2026-06-01,ar,RM06B,facebook,"1.3.6",306,ho_open,157,387,9.0733000000,192
2026-06-01,ar,RM06B,facebook,"1.3.6",306,ngdcp,120,120,3.2460500000,82
2026-06-01,ar,RM06B,facebook,"1.3.6",306,offlcp,12,13,0.1169000000,7
2026-06-01,ar,RM06B,facebook,"1.3.6",306,searcp,63,84,1.1903500000,45
2026-06-01,ar,RM06B,facebook,"1.3.6",306,skpcp,37,80,0.6247000000,64
2026-06-01,ar,RM06B,facebook,"1.3.6",306,splcp,118,200,2.8165500000,79
2026-06-01,ar,RM06B,facebook,"1.3.6",306,xzcp,55,162,0.9715500000,68
2026-06-01,ar,RM08,facebook,"1.2.4",84,ALL,72,215,5.9641365688,138
2026-06-01,ar,RM08,facebook,"1.2.4",84,ccopen,52,60,2.2525041588,41
2026-06-01,ar,RM08,facebook,"1.2.4",84,hhopen,41,57,1.5768052796,31
2026-06-01,ar,RM08,facebook,"1.2.4",84,insabb,10,11,0.2681710471,7
2026-06-01,ar,RM08,facebook,"1.2.4",84,insback,11,11,0.1651816767,6
2026-06-01,ar,RM08,facebook,"1.2.4",84,insdown,11,13,0.3366512660,5
2026-06-01,ar,RM08,facebook,"1.2.4",84,insnewgd,26,26,0.6085925774,21
2026-06-01,ar,RM08,facebook,"1.2.4",84,insplayn,10,22,0.5434138439,16
2026-06-01,bo,RM06B,facebook,"1.3.5",149,ALL,124,611,6.4904000000,241
2026-06-01,bo,RM06B,facebook,"1.3.5",149,albcp,16,16,0.2965000000,4
2026-06-01,bo,RM06B,facebook,"1.3.5",149,bkcp,25,26,0.1101000000,4
2026-06-01,bo,RM06B,facebook,"1.3.5",149,cl_open,83,88,2.4861000000,84
2026-06-01,bo,RM06B,facebook,"1.3.5",149,ho_open,66,132,1.2165000000,46
2026-06-01,bo,RM06B,facebook,"1.3.5",149,ngdcp,57,58,0.9868500000,36
2026-06-01,bo,RM06B,facebook,"1.3.5",149,searcp,33,39,0.2773500000,13
2026-06-01,bo,RM06B,facebook,"1.3.5",149,skpcp,15,28,0.0900000000,6
2026-06-01,bo,RM06B,facebook,"1.3.5",149,splcp,57,105,0.7287500000,21
2026-06-01,bo,RM06B,facebook,"1.3.5",149,xzcp,25,105,0.2530500000,23
2026-06-01,bo,RM06B,facebook,"1.3.6",144,ALL,122,858,7.3385500000,365
2026-06-01,bo,RM06B,facebook,"1.3.6",144,albcp,19,21,0.0522500000,8
2026-06-01,bo,RM06B,facebook,"1.3.6",144,bkcp,32,37,0.0857000000,4
2026-06-01,bo,RM06B,facebook,"1.3.6",144,cl_open,80,93,2.3975500000,92
2026-06-01,bo,RM06B,facebook,"1.3.6",144,ho_open,77,189,2.2217000000,102
2026-06-01,bo,RM06B,facebook,"1.3.6",144,ngdcp,58,59,1.0189000000,40
2026-06-01,bo,RM06B,facebook,"1.3.6",144,searcp,37,48,0.3838000000,25
2026-06-01,bo,RM06B,facebook,"1.3.6",144,skpcp,16,126,0.1294000000,24
2026-06-01,bo,RM06B,facebook,"1.3.6",144,splcp,58,108,0.7869500000,38
2026-06-01,bo,RM06B,facebook,"1.3.6",144,xzcp,26,148,0.1681500000,29
2026-06-01,br,RM06B,Google Ads ACI,"1.3.5",351,ALL,272,1750,33.1113500000,906
2026-06-01,br,RM06B,Google Ads ACI,"1.3.5",351,albcp,34,39,0.6084500000,18
2026-06-01,br,RM06B,Google Ads ACI,"1.3.5",351,bkcp,62,72,0.5595000000,32
2026-06-01,br,RM06B,Google Ads ACI,"1.3.5",351,cl_open,208,251,11.1605500000,158
2026-06-01,br,RM06B,Google Ads ACI,"1.3.5",351,cscp,13,20,0.1034000000,12
2026-06-01,br,RM06B,Google Ads ACI,"1.3.5",351,ho_open,159,498,10.6801000000,277
2026-06-01,br,RM06B,Google Ads ACI,"1.3.5",351,ngdcp,148,154,3.6606500000,122
2026-06-01,br,RM06B,Google Ads ACI,"1.3.5",351,offlcp,10,10,0.0823000000,2
2026-06-01,br,RM06B,Google Ads ACI,"1.3.5",351,searcp,89,112,1.5130000000,45
2026-06-01,br,RM06B,Google Ads ACI,"1.3.5",351,skpcp,27,67,0.7122500000,44
2026-06-01,br,RM06B,Google Ads ACI,"1.3.5",351,splcp,127,198,2.4366000000,78
2026-06-01,br,RM06B,Google Ads ACI,"1.3.5",351,xzcp,67,312,1.3638500000,107
2026-06-01,br,RM06B,facebook,"1.3.5",1219,ALL,1027,4773,177.1153500000,2859
2026-06-01,br,RM06B,facebook,"1.3.5",1219,albcp,165,188,6.0052000000,111
2026-06-01,br,RM06B,facebook,"1.3.5",1219,bkcp,134,146,2.6715000000,73
2026-06-01,br,RM06B,facebook,"1.3.5",1219,cl_open,755,895,61.3721500000,773
2026-06-01,br,RM06B,facebook,"1.3.5",1219,cscp,26,33,0.8127500000,28
2026-06-01,br,RM06B,facebook,"1.3.5",1219,ho_open,623,1431,50.9738500000,860
2026-06-01,br,RM06B,facebook,"1.3.5",1219,ngdcp,423,426,18.4711000000,307
2026-06-01,br,RM06B,facebook,"1.3.5",1219,offlcp,14,14,0.1969000000,5
2026-06-01,br,RM06B,facebook,"1.3.5",1219,searcp,185,210,4.6722000000,101
2026-06-01,br,RM06B,facebook,"1.3.5",1219,skpcp,94,341,6.6952500000,125
2026-06-01,br,RM06B,facebook,"1.3.5",1219,splcp,420,556,16.3774500000,272
2026-06-01,br,RM06B,facebook,"1.3.5",1219,stccp,24,25,0.3699500000,24
2026-06-01,br,RM06B,facebook,"1.3.5",1219,xzcp,128,497,8.2286000000,179
2026-06-01,br,RM06B,unknown,"1.3.5",204,ALL,186,256,12.4389000000,14
2026-06-01,br,RM06B,unknown,"1.3.5",204,cl_open,180,184,11.7310000000,4
2026-06-01,br,RM06B,unknown,"1.3.5",204,ho_open,10,17,0.3934500000,2
2026-06-01,br,RM06B,unknown,"1.3.5",204,splcp,11,14,0.1411000000,3
2026-06-01,br,RM06B,Google Ads ACI,"1.3.6",355,ALL,268,1828,29.0141500000,759
2026-06-01,br,RM06B,Google Ads ACI,"1.3.6",355,albcp,35,42,0.5792000000,19
2026-06-01,br,RM06B,Google Ads ACI,"1.3.6",355,bkcp,55,65,0.5355000000,21
2026-06-01,br,RM06B,Google Ads ACI,"1.3.6",355,cl_open,208,239,9.5408500000,173
2026-06-01,br,RM06B,Google Ads ACI,"1.3.6",355,cscp,17,28,0.1131000000,5
2026-06-01,br,RM06B,Google Ads ACI,"1.3.6",355,ho_open,150,463,7.3858500000,174
2026-06-01,br,RM06B,Google Ads ACI,"1.3.6",355,ngdcp,136,141,3.3646000000,91
2026-06-01,br,RM06B,Google Ads ACI,"1.3.6",355,offlcp,14,14,0.0554000000,3
2026-06-01,br,RM06B,Google Ads ACI,"1.3.6",355,searcp,88,103,1.9590500000,41
2026-06-01,br,RM06B,Google Ads ACI,"1.3.6",355,skpcp,22,69,0.6460500000,23
2026-06-01,br,RM06B,Google Ads ACI,"1.3.6",355,splcp,128,203,2.7001000000,83
2026-06-01,br,RM06B,Google Ads ACI,"1.3.6",355,stccp,11,11,0.1629500000,3
2026-06-01,br,RM06B,Google Ads ACI,"1.3.6",355,xzcp,60,437,1.7540500000,119
2026-06-01,br,RM06B,facebook,"1.3.6",1208,ALL,1017,4611,168.0186000000,2810
2026-06-01,br,RM06B,facebook,"1.3.6",1208,albcp,149,157,4.3307500000,99
2026-06-01,br,RM06B,facebook,"1.3.6",1208,bkcp,145,158,3.0060500000,62
2026-06-01,br,RM06B,facebook,"1.3.6",1208,cl_open,762,903,59.1739500000,851
2026-06-01,br,RM06B,facebook,"1.3.6",1208,cscp,24,27,0.4099000000,6
2026-06-01,br,RM06B,facebook,"1.3.6",1208,ho_open,611,1478,51.0998500000,792
2026-06-01,br,RM06B,facebook,"1.3.6",1208,ngdcp,423,431,19.3212500000,296
2026-06-01,br,RM06B,facebook,"1.3.6",1208,offlcp,13,14,0.1664000000,6
2026-06-01,br,RM06B,facebook,"1.3.6",1208,rkgcp,12,12,0.2202000000,3
2026-06-01,br,RM06B,facebook,"1.3.6",1208,searcp,165,196,5.0841500000,110
2026-06-01,br,RM06B,facebook,"1.3.6",1208,secp,21,22,0.9102000000,26
2026-06-01,br,RM06B,facebook,"1.3.6",1208,skpcp,100,237,4.3434000000,117
2026-06-01,br,RM06B,facebook,"1.3.6",1208,splcp,400,536,15.1640500000,252
2026-06-01,br,RM06B,facebook,"1.3.6",1208,stccp,12,12,0.2035000000,7
2026-06-01,br,RM06B,facebook,"1.3.6",1208,xzcp,124,422,4.4049500000,180
2026-06-01,br,RM06B,unknown,"1.3.6",242,ALL,213,302,13.5536500000,55
2026-06-01,br,RM06B,unknown,"1.3.6",242,cl_open,203,205,12.4930500000,19
2026-06-01,br,RM06B,unknown,"1.3.6",242,ho_open,14,40,0.5533000000,10
2026-06-01,br,RM06B,unknown,"1.3.6",242,ngdcp,12,12,0.2405000000,8
2026-06-01,br,RM06B,unknown,"1.3.6",242,splcp,15,19,0.0999500000,7
2026-06-01,br,RM08,Google Ads ACI,"1.2.4",51,ALL,46,376,5.2515891946,111
2026-06-01,br,RM08,Google Ads ACI,"1.2.4",51,ccopen,40,53,1.6459568506,27
2026-06-01,br,RM08,Google Ads ACI,"1.2.4",51,hhopen,27,75,1.4850604444,33
2026-06-01,br,RM08,Google Ads ACI,"1.2.4",51,inscon,13,37,0.1473296783,4
2026-06-01,br,RM08,Google Ads ACI,"1.2.4",51,insdown,14,96,0.3810468320,10
2026-06-01,br,RM08,Google Ads ACI,"1.2.4",51,insnewgd,28,29,0.5918964804,15
2026-06-01,br,RM08,Google Ads ACI,"1.2.4",51,inssec,18,24,0.2922264872,2
2026-06-01,br,RM08,facebook,"1.2.4",1307,ALL,1106,4619,182.9330647649,2980
2026-06-01,br,RM08,facebook,"1.2.4",1307,ccopen,837,951,65.6940048114,932
2026-06-01,br,RM08,facebook,"1.2.4",1307,hhopen,625,1267,48.8343265976,717
2026-06-01,br,RM08,facebook,"1.2.4",1307,insabb,203,219,7.0121525776,144
2026-06-01,br,RM08,facebook,"1.2.4",1307,insback,142,157,2.6725026816,57
2026-06-01,br,RM08,facebook,"1.2.4",1307,inscon,178,312,6.0798507507,153
2026-06-01,br,RM08,facebook,"1.2.4",1307,insdown,227,584,11.5194049227,288
2026-06-01,br,RM08,facebook,"1.2.4",1307,inshg,22,22,0.5379666433,8
2026-06-01,br,RM08,facebook,"1.2.4",1307,insnewgd,460,469,23.6302831805,332
2026-06-01,br,RM08,facebook,"1.2.4",1307,inspa,18,18,0.3799178622,12
2026-06-01,br,RM08,facebook,"1.2.4",1307,insplayn,194,383,10.1993194677,205
2026-06-01,br,RM08,facebook,"1.2.4",1307,inssec,163,177,5.3678864944,111
2026-06-01,br,RM08,facebook,"1.2.4",1307,inssp,34,42,0.5676932151,12
2026-06-01,br,RM08,unknown,"1.2.4",190,ALL,181,201,11.0630648200,14
2026-06-01,br,RM08,unknown,"1.2.4",190,ccopen,171,171,10.2642854551,5
2026-06-01,br,RM08,unknown,"1.2.4",190,hhopen,14,19,0.5754873991,6
2026-06-01,cd,RM08,Google Ads ACI,"1.2.4",50,ALL,44,131,1.6134603991,50
2026-06-01,cd,RM08,Google Ads ACI,"1.2.4",50,ccopen,28,32,0.5703861673,19
2026-06-01,cd,RM08,Google Ads ACI,"1.2.4",50,hhopen,19,33,0.3439812751,9
2026-06-01,cd,RM08,Google Ads ACI,"1.2.4",50,insback,15,15,0.1475954894,3
2026-06-01,cd,RM08,Google Ads ACI,"1.2.4",50,insdown,11,12,0.1958734416,1
2026-06-01,cd,RM08,Google Ads ACI,"1.2.4",50,insnewgd,13,13,0.1341033464,6
2026-06-01,cd,RM08,Google Ads ACI,"1.2.4",50,inssec,11,11,0.0803376399,3
2026-06-01,cl,RM06B,facebook,"1.3.5",126,ALL,105,373,13.6582000000,231
2026-06-01,cl,RM06B,facebook,"1.3.5",126,albcp,12,16,0.4236000000,8
2026-06-01,cl,RM06B,facebook,"1.3.5",126,bkcp,11,12,0.2002000000,12
2026-06-01,cl,RM06B,facebook,"1.3.5",126,cl_open,88,104,5.9512000000,88
2026-06-01,cl,RM06B,facebook,"1.3.5",126,ho_open,51,107,3.5190500000,53
2026-06-01,cl,RM06B,facebook,"1.3.5",126,ngdcp,45,46,1.6452000000,35
2026-06-01,cl,RM06B,facebook,"1.3.5",126,searcp,13,15,0.6456500000,3
2026-06-01,cl,RM06B,facebook,"1.3.5",126,splcp,33,38,0.9305000000,14
2026-06-01,cl,RM06B,facebook,"1.3.6",104,ALL,92,240,10.1643500000,139
2026-06-01,cl,RM06B,facebook,"1.3.6",104,cl_open,76,85,5.0829500000,64
2026-06-01,cl,RM06B,facebook,"1.3.6",104,ho_open,42,70,2.0932500000,29
2026-06-01,cl,RM06B,facebook,"1.3.6",104,ngdcp,24,25,1.0517500000,15
2026-06-01,cl,RM06B,facebook,"1.3.6",104,splcp,15,20,0.4730000000,6
2026-06-01,cl,RM08,facebook,"1.2.4",71,ALL,54,154,5.5721162746,86
2026-06-01,cl,RM08,facebook,"1.2.4",71,ccopen,36,38,2.1119527736,33
2026-06-01,cl,RM08,facebook,"1.2.4",71,hhopen,22,43,1.1472383736,21
2026-06-01,cl,RM08,facebook,"1.2.4",71,insnewgd,29,29,1.3211432581,18
2026-06-01,co,RM06B,Google Ads ACI,"1.3.5",76,ALL,46,360,3.6079000000,126
2026-06-01,co,RM06B,Google Ads ACI,"1.3.5",76,bkcp,13,14,0.0581000000,3
2026-06-01,co,RM06B,Google Ads ACI,"1.3.5",76,cl_open,31,34,1.0964000000,16
2026-06-01,co,RM06B,Google Ads ACI,"1.3.5",76,ho_open,16,76,1.2279000000,35
2026-06-01,co,RM06B,Google Ads ACI,"1.3.5",76,ngdcp,24,25,0.3037500000,9
2026-06-01,co,RM06B,Google Ads ACI,"1.3.5",76,searcp,20,28,0.2264000000,10
2026-06-01,co,RM06B,Google Ads ACI,"1.3.5",76,splcp,20,30,0.2315000000,5
2026-06-01,co,RM06B,Google Ads ACI,"1.3.5",76,xzcp,17,121,0.3271500000,36
2026-06-01,co,RM06B,facebook,"1.3.5",812,ALL,675,3689,77.0876000000,1947
2026-06-01,co,RM06B,facebook,"1.3.5",812,albcp,84,97,1.5290000000,60
2026-06-01,co,RM06B,facebook,"1.3.5",812,bkcp,102,124,1.2490500000,55
2026-06-01,co,RM06B,facebook,"1.3.5",812,cl_open,471,570,28.0645000000,449
2026-06-01,co,RM06B,facebook,"1.3.5",812,cscp,26,33,0.3272500000,17
2026-06-01,co,RM06B,facebook,"1.3.5",812,ho_open,363,925,20.1108000000,495
2026-06-01,co,RM06B,facebook,"1.3.5",812,ngdcp,290,301,10.2168000000,230
2026-06-01,co,RM06B,facebook,"1.3.5",812,offlcp,21,24,0.2002000000,4
2026-06-01,co,RM06B,facebook,"1.3.5",812,searcp,137,190,2.7972000000,93
2026-06-01,co,RM06B,facebook,"1.3.5",812,secp,12,12,0.1871000000,7
2026-06-01,co,RM06B,facebook,"1.3.5",812,skpcp,60,270,1.7779000000,112
2026-06-01,co,RM06B,facebook,"1.3.5",812,splcp,258,402,6.4589500000,175
2026-06-01,co,RM06B,facebook,"1.3.5",812,stccp,11,22,0.1634000000,2
2026-06-01,co,RM06B,facebook,"1.3.5",812,xzcp,139,706,3.7052500000,241
2026-06-01,co,RM06B,Google Ads ACI,"1.3.6",96,ALL,61,746,5.7525000000,279
2026-06-01,co,RM06B,Google Ads ACI,"1.3.6",96,bkcp,27,33,0.0889500000,16
2026-06-01,co,RM06B,Google Ads ACI,"1.3.6",96,cl_open,40,62,1.6446000000,22
2026-06-01,co,RM06B,Google Ads ACI,"1.3.6",96,cscp,10,18,0.0673000000,7
2026-06-01,co,RM06B,Google Ads ACI,"1.3.6",96,ho_open,47,152,1.4191500000,73
2026-06-01,co,RM06B,Google Ads ACI,"1.3.6",96,ngdcp,36,38,0.4508500000,16
2026-06-01,co,RM06B,Google Ads ACI,"1.3.6",96,searcp,32,53,0.4209500000,25
2026-06-01,co,RM06B,Google Ads ACI,"1.3.6",96,skpcp,10,69,0.3785500000,14
2026-06-01,co,RM06B,Google Ads ACI,"1.3.6",96,splcp,35,65,0.3970500000,16
2026-06-01,co,RM06B,Google Ads ACI,"1.3.6",96,xzcp,32,232,0.8086500000,80
2026-06-01,co,RM06B,facebook,"1.3.6",793,ALL,670,3901,73.6348500000,2189
2026-06-01,co,RM06B,facebook,"1.3.6",793,albcp,79,95,1.8826000000,70
2026-06-01,co,RM06B,facebook,"1.3.6",793,bkcp,119,140,1.3071500000,70
2026-06-01,co,RM06B,facebook,"1.3.6",793,cl_open,468,570,27.7103000000,536
2026-06-01,co,RM06B,facebook,"1.3.6",793,cscp,37,46,0.2361000000,14
2026-06-01,co,RM06B,facebook,"1.3.6",793,ho_open,376,1006,17.2763500000,552
2026-06-01,co,RM06B,facebook,"1.3.6",793,ngdcp,284,298,8.6307000000,226
2026-06-01,co,RM06B,facebook,"1.3.6",793,offlcp,28,32,0.1948000000,15
2026-06-01,co,RM06B,facebook,"1.3.6",793,searcp,163,207,3.4852000000,122
2026-06-01,co,RM06B,facebook,"1.3.6",793,skpcp,73,220,1.5153000000,102
2026-06-01,co,RM06B,facebook,"1.3.6",793,splcp,287,492,7.1521500000,203
2026-06-01,co,RM06B,facebook,"1.3.6",793,stccp,15,17,0.3918500000,9
2026-06-01,co,RM06B,facebook,"1.3.6",793,xzcp,135,757,3.4079500000,261
2026-06-01,co,RM08,facebook,"1.2.4",149,ALL,120,381,9.1774655853,267
2026-06-01,co,RM08,facebook,"1.2.4",149,ccopen,83,96,3.3358929283,97
2026-06-01,co,RM08,facebook,"1.2.4",149,hhopen,51,91,2.0583076135,49
2026-06-01,co,RM08,facebook,"1.2.4",149,insabb,20,20,0.4125071947,6
2026-06-01,co,RM08,facebook,"1.2.4",149,insback,12,12,0.2612967868,7
2026-06-01,co,RM08,facebook,"1.2.4",149,inscon,11,22,0.2258437181,10
2026-06-01,co,RM08,facebook,"1.2.4",149,insdown,21,31,0.8385973920,17
2026-06-01,co,RM08,facebook,"1.2.4",149,insnewgd,43,43,1.1407503599,40
2026-06-01,co,RM08,facebook,"1.2.4",149,insplayn,16,38,0.4582432757,23
2026-06-01,co,RM08,facebook,"1.2.4",149,inssec,15,20,0.2619460297,12
2026-06-01,cr,RM06B,facebook,"1.3.5",89,ALL,80,397,14.1744000000,214
2026-06-01,cr,RM06B,facebook,"1.3.5",89,cl_open,67,77,5.9057500000,49
2026-06-01,cr,RM06B,facebook,"1.3.5",89,ho_open,50,121,3.3585000000,55
2026-06-01,cr,RM06B,facebook,"1.3.5",89,ngdcp,32,32,1.3364000000,23
2026-06-01,cr,RM06B,facebook,"1.3.5",89,searcp,11,18,0.5011000000,9
2026-06-01,cr,RM06B,facebook,"1.3.5",89,splcp,32,47,1.3581000000,37
2026-06-01,cr,RM06B,facebook,"1.3.5",89,xzcp,12,60,0.8855000000,26
2026-06-01,cr,RM06B,facebook,"1.3.6",96,ALL,76,401,12.7543000000,220
2026-06-01,cr,RM06B,facebook,"1.3.6",96,bkcp,11,13,0.1048000000,6
2026-06-01,cr,RM06B,facebook,"1.3.6",96,cl_open,62,75,5.0771500000,65
2026-06-01,cr,RM06B,facebook,"1.3.6",96,ho_open,45,119,3.6277500000,84
2026-06-01,cr,RM06B,facebook,"1.3.6",96,ngdcp,32,32,1.0566000000,10
2026-06-01,cr,RM06B,facebook,"1.3.6",96,searcp,11,12,0.4025000000,6
2026-06-01,cr,RM06B,facebook,"1.3.6",96,splcp,27,38,0.8931000000,8
2026-06-01,cr,RM06B,facebook,"1.3.6",96,xzcp,11,65,0.7656500000,18
2026-06-01,ec,RM06B,facebook,"1.3.5",174,ALL,144,708,14.5407500000,362
2026-06-01,ec,RM06B,facebook,"1.3.5",174,albcp,15,15,0.1803500000,4
2026-06-01,ec,RM06B,facebook,"1.3.5",174,bkcp,23,23,0.0839500000,5
2026-06-01,ec,RM06B,facebook,"1.3.5",174,cl_open,120,137,5.9838500000,122
2026-06-01,ec,RM06B,facebook,"1.3.5",174,ho_open,82,185,3.0741000000,103
2026-06-01,ec,RM06B,facebook,"1.3.5",174,ngdcp,71,73,1.5741500000,40
2026-06-01,ec,RM06B,facebook,"1.3.5",174,searcp,40,52,0.8792000000,22
2026-06-01,ec,RM06B,facebook,"1.3.5",174,skpcp,13,31,0.3354500000,10
2026-06-01,ec,RM06B,facebook,"1.3.5",174,splcp,62,97,2.0753000000,26
2026-06-01,ec,RM06B,facebook,"1.3.5",174,xzcp,27,76,0.2395500000,22
2026-06-01,ec,RM06B,facebook,"1.3.6",168,ALL,134,633,11.3126000000,323
2026-06-01,ec,RM06B,facebook,"1.3.6",168,albcp,16,18,0.2213000000,6
2026-06-01,ec,RM06B,facebook,"1.3.6",168,bkcp,24,26,0.2227000000,6
2026-06-01,ec,RM06B,facebook,"1.3.6",168,cl_open,100,109,4.1808500000,83
2026-06-01,ec,RM06B,facebook,"1.3.6",168,ho_open,73,159,2.4472500000,83
2026-06-01,ec,RM06B,facebook,"1.3.6",168,ngdcp,72,74,1.5353000000,57
2026-06-01,ec,RM06B,facebook,"1.3.6",168,searcp,25,29,0.2555500000,14
2026-06-01,ec,RM06B,facebook,"1.3.6",168,skpcp,14,26,0.3455000000,7
2026-06-01,ec,RM06B,facebook,"1.3.6",168,splcp,66,96,1.2904500000,33
2026-06-01,ec,RM06B,facebook,"1.3.6",168,xzcp,37,79,0.6638500000,31
2026-06-01,es,RM06B,facebook,"1.3.5",155,ALL,133,634,37.4325500000,312
2026-06-01,es,RM06B,facebook,"1.3.5",155,albcp,16,17,0.7760500000,9
2026-06-01,es,RM06B,facebook,"1.3.5",155,bkcp,23,24,0.6203500000,7
2026-06-01,es,RM06B,facebook,"1.3.5",155,cl_open,103,119,14.3736500000,78
2026-06-01,es,RM06B,facebook,"1.3.5",155,ho_open,84,181,9.6180500000,84
2026-06-01,es,RM06B,facebook,"1.3.5",155,ngdcp,59,62,3.7805000000,39
2026-06-01,es,RM06B,facebook,"1.3.5",155,searcp,34,36,2.0023000000,16
2026-06-01,es,RM06B,facebook,"1.3.5",155,skpcp,13,22,0.5851500000,4
2026-06-01,es,RM06B,facebook,"1.3.5",155,splcp,56,81,3.1818500000,31
2026-06-01,es,RM06B,facebook,"1.3.5",155,xzcp,27,74,2.0311500000,36
2026-06-01,es,RM06B,facebook,"1.3.6",142,ALL,113,521,25.2160000000,219
2026-06-01,es,RM06B,facebook,"1.3.6",142,albcp,16,21,0.5816500000,8
2026-06-01,es,RM06B,facebook,"1.3.6",142,bkcp,18,24,0.6983000000,8
2026-06-01,es,RM06B,facebook,"1.3.6",142,cl_open,72,86,7.3668000000,53
2026-06-01,es,RM06B,facebook,"1.3.6",142,ho_open,60,141,6.9968500000,64
2026-06-01,es,RM06B,facebook,"1.3.6",142,ngdcp,47,49,2.0927500000,18
2026-06-01,es,RM06B,facebook,"1.3.6",142,searcp,32,34,1.8574500000,17
2026-06-01,es,RM06B,facebook,"1.3.6",142,splcp,48,72,3.2043000000,22
2026-06-01,es,RM06B,facebook,"1.3.6",142,xzcp,21,50,1.7073000000,17
2026-06-01,gh,RM06B,facebook,"1.3.5",129,ALL,112,601,8.6001500000,315
2026-06-01,gh,RM06B,facebook,"1.3.5",129,albcp,32,33,0.6016500000,22
2026-06-01,gh,RM06B,facebook,"1.3.5",129,bkcp,26,26,0.2724000000,9
2026-06-01,gh,RM06B,facebook,"1.3.5",129,cl_open,62,72,2.4681000000,74
2026-06-01,gh,RM06B,facebook,"1.3.5",129,cscp,13,16,0.1372500000,4
2026-06-01,gh,RM06B,facebook,"1.3.5",129,ho_open,58,112,1.8903000000,53
2026-06-01,gh,RM06B,facebook,"1.3.5",129,ngdcp,32,32,0.5655000000,24
2026-06-01,gh,RM06B,facebook,"1.3.5",129,searcp,24,30,0.3659000000,20
2026-06-01,gh,RM06B,facebook,"1.3.5",129,skpcp,14,26,0.2532000000,10
2026-06-01,gh,RM06B,facebook,"1.3.5",129,splcp,49,75,0.9804500000,47
2026-06-01,gh,RM06B,facebook,"1.3.5",129,xzcp,35,166,0.9581000000,44
2026-06-01,gh,RM06B,facebook,"1.3.6",138,ALL,121,709,10.7598500000,394
2026-06-01,gh,RM06B,facebook,"1.3.6",138,albcp,26,29,0.7631500000,19
2026-06-01,gh,RM06B,facebook,"1.3.6",138,bkcp,25,28,0.2208000000,5
2026-06-01,gh,RM06B,facebook,"1.3.6",138,cl_open,77,80,2.9202000000,75
2026-06-01,gh,RM06B,facebook,"1.3.6",138,ho_open,64,141,2.1260500000,71
2026-06-01,gh,RM06B,facebook,"1.3.6",138,ngdcp,49,51,0.9894500000,44
2026-06-01,gh,RM06B,facebook,"1.3.6",138,searcp,28,39,0.5173000000,22
2026-06-01,gh,RM06B,facebook,"1.3.6",138,skpcp,15,49,0.3783000000,17
2026-06-01,gh,RM06B,facebook,"1.3.6",138,splcp,57,92,1.2199000000,58
2026-06-01,gh,RM06B,facebook,"1.3.6",138,xzcp,39,178,1.3728000000,67
2026-06-01,gt,RM06B,Google Ads ACI,"1.3.5",63,ALL,47,393,2.7354000000,220
2026-06-01,gt,RM06B,Google Ads ACI,"1.3.5",63,bkcp,18,21,0.2056000000,5
2026-06-01,gt,RM06B,Google Ads ACI,"1.3.5",63,cl_open,35,39,0.7950500000,39
2026-06-01,gt,RM06B,Google Ads ACI,"1.3.5",63,ho_open,32,113,0.5761500000,56
2026-06-01,gt,RM06B,Google Ads ACI,"1.3.5",63,ngdcp,23,23,0.1480500000,23
2026-06-01,gt,RM06B,Google Ads ACI,"1.3.5",63,searcp,23,28,0.2156000000,26
2026-06-01,gt,RM06B,Google Ads ACI,"1.3.5",63,skpcp,11,26,0.1116000000,13
2026-06-01,gt,RM06B,Google Ads ACI,"1.3.5",63,splcp,30,62,0.2453500000,15
2026-06-01,gt,RM06B,Google Ads ACI,"1.3.5",63,xzcp,15,59,0.3302500000,24
2026-06-01,gt,RM06B,facebook,"1.3.5",241,ALL,201,1385,17.5113500000,676
2026-06-01,gt,RM06B,facebook,"1.3.5",241,albcp,26,29,0.1593000000,10
2026-06-01,gt,RM06B,facebook,"1.3.5",241,bkcp,49,53,0.4920500000,20
2026-06-01,gt,RM06B,facebook,"1.3.5",241,cl_open,140,156,6.2604000000,131
2026-06-01,gt,RM06B,facebook,"1.3.5",241,cscp,15,15,0.0364500000,23
2026-06-01,gt,RM06B,facebook,"1.3.5",241,ho_open,138,361,4.0777000000,171
2026-06-01,gt,RM06B,facebook,"1.3.5",241,ngdcp,112,115,2.0407500000,99
2026-06-01,gt,RM06B,facebook,"1.3.5",241,offlcp,11,11,0.1093500000,4
2026-06-01,gt,RM06B,facebook,"1.3.5",241,searcp,76,95,1.0904000000,44
2026-06-01,gt,RM06B,facebook,"1.3.5",241,skpcp,38,79,0.3099500000,19
2026-06-01,gt,RM06B,facebook,"1.3.5",241,splcp,121,199,1.7114000000,68
2026-06-01,gt,RM06B,facebook,"1.3.5",241,xzcp,57,256,1.0422000000,82
2026-06-01,gt,RM06B,Google Ads ACI,"1.3.6",54,ALL,37,304,2.6629500000,136
2026-06-01,gt,RM06B,Google Ads ACI,"1.3.6",54,bkcp,12,14,0.0250000000,2
2026-06-01,gt,RM06B,Google Ads ACI,"1.3.6",54,cl_open,27,29,0.6707500000,25
2026-06-01,gt,RM06B,Google Ads ACI,"1.3.6",54,ho_open,26,95,0.8319500000,29
2026-06-01,gt,RM06B,Google Ads ACI,"1.3.6",54,ngdcp,24,26,0.2796000000,11
2026-06-01,gt,RM06B,Google Ads ACI,"1.3.6",54,searcp,20,26,0.1488500000,16
2026-06-01,gt,RM06B,Google Ads ACI,"1.3.6",54,splcp,26,45,0.3740000000,26
2026-06-01,gt,RM06B,Google Ads ACI,"1.3.6",54,xzcp,18,43,0.1750000000,21
2026-06-01,gt,RM06B,facebook,"1.3.6",259,ALL,233,1525,22.2082000000,704
2026-06-01,gt,RM06B,facebook,"1.3.6",259,albcp,31,34,0.4505000000,15
2026-06-01,gt,RM06B,facebook,"1.3.6",259,bkcp,46,50,0.2516500000,16
2026-06-01,gt,RM06B,facebook,"1.3.6",259,cl_open,170,196,7.1531000000,162
2026-06-01,gt,RM06B,facebook,"1.3.6",259,cscp,21,26,0.0349000000,5
2026-06-01,gt,RM06B,facebook,"1.3.6",259,ho_open,145,438,5.9121500000,159
2026-06-01,gt,RM06B,facebook,"1.3.6",259,ngdcp,128,134,2.3816500000,89
2026-06-01,gt,RM06B,facebook,"1.3.6",259,offlcp,13,15,0.0795500000,2
2026-06-01,gt,RM06B,facebook,"1.3.6",259,searcp,73,96,0.9379500000,37
2026-06-01,gt,RM06B,facebook,"1.3.6",259,skpcp,37,89,0.5404500000,29
2026-06-01,gt,RM06B,facebook,"1.3.6",259,splcp,145,223,2.8023000000,95
2026-06-01,gt,RM06B,facebook,"1.3.6",259,xzcp,67,207,1.4807000000,84
2026-06-01,hk,RM08,facebook,"1.2.4",75,ALL,72,536,22.3914287204,151
2026-06-01,hk,RM08,facebook,"1.2.4",75,ccopen,61,70,7.5302438473,43
2026-06-01,hk,RM08,facebook,"1.2.4",75,hhopen,47,126,5.8454091305,27
2026-06-01,hk,RM08,facebook,"1.2.4",75,insabb,15,19,0.5314265978,2
2026-06-01,hk,RM08,facebook,"1.2.4",75,insback,18,20,0.4136629118,4
2026-06-01,hk,RM08,facebook,"1.2.4",75,inscon,17,35,0.4767536608,5
2026-06-01,hk,RM08,facebook,"1.2.4",75,insdown,17,143,1.5465623975,35
2026-06-01,hk,RM08,facebook,"1.2.4",75,insnewgd,48,49,3.8823361760,14
2026-06-01,hk,RM08,facebook,"1.2.4",75,inssec,22,31,0.9439480152,12
2026-06-01,hn,RM06B,facebook,"1.3.5",248,ALL,214,1178,14.0834500000,621
2026-06-01,hn,RM06B,facebook,"1.3.5",248,albcp,22,22,0.1639500000,11
2026-06-01,hn,RM06B,facebook,"1.3.5",248,bkcp,33,37,0.1466500000,7
2026-06-01,hn,RM06B,facebook,"1.3.5",248,cl_open,147,167,4.9917500000,129
2026-06-01,hn,RM06B,facebook,"1.3.5",248,cscp,11,12,0.0571500000,4
2026-06-01,hn,RM06B,facebook,"1.3.5",248,ho_open,134,298,3.4000500000,144
2026-06-01,hn,RM06B,facebook,"1.3.5",248,ngdcp,111,115,1.7222000000,93
2026-06-01,hn,RM06B,facebook,"1.3.5",248,searcp,61,73,0.9670000000,45
2026-06-01,hn,RM06B,facebook,"1.3.5",248,skpcp,25,72,0.2580000000,44
2026-06-01,hn,RM06B,facebook,"1.3.5",248,splcp,103,166,1.2923000000,73
2026-06-01,hn,RM06B,facebook,"1.3.5",248,xzcp,48,195,0.9288000000,62
2026-06-01,hn,RM06B,facebook,"1.3.6",220,ALL,188,933,13.8306000000,543
2026-06-01,hn,RM06B,facebook,"1.3.6",220,albcp,15,15,0.2174500000,10
2026-06-01,hn,RM06B,facebook,"1.3.6",220,bkcp,30,31,0.1049500000,5
2026-06-01,hn,RM06B,facebook,"1.3.6",220,cl_open,133,156,4.7000000000,152
2026-06-01,hn,RM06B,facebook,"1.3.6",220,ho_open,115,254,3.7410500000,151
2026-06-01,hn,RM06B,facebook,"1.3.6",220,ngdcp,93,98,1.4886000000,79
2026-06-01,hn,RM06B,facebook,"1.3.6",220,searcp,45,52,0.5857000000,32
2026-06-01,hn,RM06B,facebook,"1.3.6",220,skpcp,27,51,0.5602000000,11
2026-06-01,hn,RM06B,facebook,"1.3.6",220,splcp,107,130,1.7983000000,58
2026-06-01,hn,RM06B,facebook,"1.3.6",220,xzcp,50,122,0.4362000000,36
2026-06-01,id,RM06B,Google Ads ACI,"1.3.5",840,ALL,690,4804,28.0920500000,2765
2026-06-01,id,RM06B,Google Ads ACI,"1.3.5",840,albcp,95,103,0.5746000000,74
2026-06-01,id,RM06B,Google Ads ACI,"1.3.5",840,bkcp,177,216,0.7459500000,99
2026-06-01,id,RM06B,Google Ads ACI,"1.3.5",840,cl_open,402,503,6.6877500000,423
2026-06-01,id,RM06B,Google Ads ACI,"1.3.5",840,cscp,71,99,0.3371000000,39
2026-06-01,id,RM06B,Google Ads ACI,"1.3.5",840,ho_open,404,1200,6.6011000000,686
2026-06-01,id,RM06B,Google Ads ACI,"1.3.5",840,ngdcp,310,320,3.0411000000,277
2026-06-01,id,RM06B,Google Ads ACI,"1.3.5",840,offlcp,43,44,0.1623000000,18
2026-06-01,id,RM06B,Google Ads ACI,"1.3.5",840,searcp,296,370,2.1803500000,247
2026-06-01,id,RM06B,Google Ads ACI,"1.3.5",840,secp,17,18,0.1382500000,25
2026-06-01,id,RM06B,Google Ads ACI,"1.3.5",840,skpcp,54,104,0.5736000000,54
2026-06-01,id,RM06B,Google Ads ACI,"1.3.5",840,splcp,378,700,3.0602500000,344
2026-06-01,id,RM06B,Google Ads ACI,"1.3.5",840,stccp,21,21,0.2032500000,19
2026-06-01,id,RM06B,Google Ads ACI,"1.3.5",840,xzcp,233,1082,3.5919000000,442
2026-06-01,id,RM06B,facebook,"1.3.5",161,ALL,125,797,8.1279500000,529
2026-06-01,id,RM06B,facebook,"1.3.5",161,albcp,15,16,0.1549000000,15
2026-06-01,id,RM06B,facebook,"1.3.5",161,bkcp,32,36,0.1992500000,16
2026-06-01,id,RM06B,facebook,"1.3.5",161,cl_open,64,99,1.9404500000,112
2026-06-01,id,RM06B,facebook,"1.3.5",161,ho_open,82,239,2.4165500000,135
2026-06-01,id,RM06B,facebook,"1.3.5",161,ngdcp,52,52,1.1962000000,59
2026-06-01,id,RM06B,facebook,"1.3.5",161,searcp,49,61,0.8603500000,45
2026-06-01,id,RM06B,facebook,"1.3.5",161,splcp,56,90,0.6265000000,58
2026-06-01,id,RM06B,facebook,"1.3.5",161,xzcp,28,161,0.5854500000,65
2026-06-01,id,RM06B,unknown,"1.3.5",192,ALL,116,396,1.5379000000,134
2026-06-01,id,RM06B,unknown,"1.3.5",192,bkcp,19,20,0.0310000000,4
2026-06-01,id,RM06B,unknown,"1.3.5",192,cl_open,96,124,0.9071000000,39
2026-06-01,id,RM06B,unknown,"1.3.5",192,ho_open,33,80,0.2844000000,28
2026-06-01,id,RM06B,unknown,"1.3.5",192,ngdcp,17,18,0.0331000000,10
2026-06-01,id,RM06B,unknown,"1.3.5",192,searcp,16,19,0.0312500000,11
2026-06-01,id,RM06B,unknown,"1.3.5",192,splcp,22,37,0.0744500000,7
2026-06-01,id,RM06B,unknown,"1.3.5",192,xzcp,13,74,0.1262000000,17
2026-06-01,id,RM06B,Google Ads ACI,"1.3.6",815,ALL,671,4905,28.8655000000,2801
2026-06-01,id,RM06B,Google Ads ACI,"1.3.6",815,albcp,105,113,0.9297500000,69
2026-06-01,id,RM06B,Google Ads ACI,"1.3.6",815,bkcp,194,236,0.7237000000,121
2026-06-01,id,RM06B,Google Ads ACI,"1.3.6",815,cl_open,401,496,7.1211000000,392
2026-06-01,id,RM06B,Google Ads ACI,"1.3.6",815,cscp,77,98,0.4589000000,51
2026-06-01,id,RM06B,Google Ads ACI,"1.3.6",815,ho_open,409,1183,6.9142500000,754
2026-06-01,id,RM06B,Google Ads ACI,"1.3.6",815,ngdcp,307,321,3.3295000000,256
2026-06-01,id,RM06B,Google Ads ACI,"1.3.6",815,offlcp,46,48,0.1323500000,18
2026-06-01,id,RM06B,Google Ads ACI,"1.3.6",815,searcp,261,339,1.6139500000,190
2026-06-01,id,RM06B,Google Ads ACI,"1.3.6",815,secp,18,18,0.2673500000,10
2026-06-01,id,RM06B,Google Ads ACI,"1.3.6",815,skpcp,65,115,0.4726500000,59
2026-06-01,id,RM06B,Google Ads ACI,"1.3.6",815,splcp,342,600,2.7289000000,340
2026-06-01,id,RM06B,Google Ads ACI,"1.3.6",815,stccp,15,18,0.0872500000,10
2026-06-01,id,RM06B,Google Ads ACI,"1.3.6",815,xzcp,247,1303,4.0234000000,523
2026-06-01,id,RM06B,facebook,"1.3.6",133,ALL,104,543,13.3604000000,376
2026-06-01,id,RM06B,facebook,"1.3.6",133,albcp,28,30,0.4972500000,22
2026-06-01,id,RM06B,facebook,"1.3.6",133,bkcp,31,32,0.5089500000,12
2026-06-01,id,RM06B,facebook,"1.3.6",133,cl_open,59,69,1.9805500000,62
2026-06-01,id,RM06B,facebook,"1.3.6",133,ho_open,65,184,3.3364500000,121
2026-06-01,id,RM06B,facebook,"1.3.6",133,ngdcp,41,41,1.1926000000,44
2026-06-01,id,RM06B,facebook,"1.3.6",133,searcp,32,38,1.0633000000,26
2026-06-01,id,RM06B,facebook,"1.3.6",133,splcp,45,55,1.0782000000,28
2026-06-01,id,RM06B,facebook,"1.3.6",133,xzcp,18,70,3.5736500000,35
2026-06-01,id,RM06B,unknown,"1.3.6",159,ALL,112,470,1.3064500000,156
2026-06-01,id,RM06B,unknown,"1.3.6",159,bkcp,16,25,0.0290500000,10
2026-06-01,id,RM06B,unknown,"1.3.6",159,cl_open,86,91,0.6761000000,26
2026-06-01,id,RM06B,unknown,"1.3.6",159,ho_open,45,121,0.2468500000,46
2026-06-01,id,RM06B,unknown,"1.3.6",159,ngdcp,21,27,0.0781000000,15
2026-06-01,id,RM06B,unknown,"1.3.6",159,searcp,18,22,0.0363000000,7
2026-06-01,id,RM06B,unknown,"1.3.6",159,splcp,27,42,0.0882000000,21
2026-06-01,id,RM06B,unknown,"1.3.6",159,xzcp,13,98,0.1031500000,17
2026-06-01,id,RM08,Google Ads ACI,"1.2.4",85,ALL,70,753,2.9898654296,317
2026-06-01,id,RM08,Google Ads ACI,"1.2.4",85,ccopen,49,61,0.7604637141,38
2026-06-01,id,RM08,Google Ads ACI,"1.2.4",85,hhopen,38,94,0.3397707991,49
2026-06-01,id,RM08,Google Ads ACI,"1.2.4",85,insabb,10,13,0.0429352566,3
2026-06-01,id,RM08,Google Ads ACI,"1.2.4",85,insback,27,34,0.1598854781,8
2026-06-01,id,RM08,Google Ads ACI,"1.2.4",85,inscon,29,65,0.2039912196,20
2026-06-01,id,RM08,Google Ads ACI,"1.2.4",85,insdown,40,335,0.7814379806,131
2026-06-01,id,RM08,Google Ads ACI,"1.2.4",85,inshg,11,11,0.0217669694,6
2026-06-01,id,RM08,Google Ads ACI,"1.2.4",85,insnewgd,36,37,0.1934917235,17
2026-06-01,id,RM08,Google Ads ACI,"1.2.4",85,inssec,46,71,0.4227250113,38
2026-06-01,id,RM08,facebook,"1.2.4",110,ALL,95,827,7.2738457919,375
2026-06-01,id,RM08,facebook,"1.2.4",110,ccopen,57,72,1.9065077337,77
2026-06-01,id,RM08,facebook,"1.2.4",110,hhopen,63,161,2.0914269964,87
2026-06-01,id,RM08,facebook,"1.2.4",110,insabb,23,24,0.4227296117,14
2026-06-01,id,RM08,facebook,"1.2.4",110,insback,20,22,0.1135106954,7
2026-06-01,id,RM08,facebook,"1.2.4",110,inscon,27,86,0.3642563544,23
2026-06-01,id,RM08,facebook,"1.2.4",110,insdown,38,343,0.8932413344,107
2026-06-01,id,RM08,facebook,"1.2.4",110,insnewgd,42,43,0.6566043906,30
2026-06-01,id,RM08,facebook,"1.2.4",110,insplayn,22,34,0.3430367411,15
2026-06-01,id,RM08,facebook,"1.2.4",110,inssec,22,30,0.4530158014,10
2026-06-01,ke,RM06B,facebook,"1.3.5",114,ALL,91,755,8.0717000000,335
2026-06-01,ke,RM06B,facebook,"1.3.5",114,albcp,26,32,0.3693500000,21
2026-06-01,ke,RM06B,facebook,"1.3.5",114,bkcp,27,31,0.2521000000,5
2026-06-01,ke,RM06B,facebook,"1.3.5",114,cl_open,53,54,1.9649000000,46
2026-06-01,ke,RM06B,facebook,"1.3.5",114,ho_open,59,161,1.7966000000,65
2026-06-01,ke,RM06B,facebook,"1.3.5",114,ngdcp,33,34,0.7559500000,21
2026-06-01,ke,RM06B,facebook,"1.3.5",114,searcp,26,43,0.2095000000,19
2026-06-01,ke,RM06B,facebook,"1.3.5",114,skpcp,11,35,0.2397500000,7
2026-06-01,ke,RM06B,facebook,"1.3.5",114,splcp,53,98,1.0899000000,32
2026-06-01,ke,RM06B,facebook,"1.3.5",114,xzcp,39,246,1.3012000000,110
2026-06-01,ke,RM06B,facebook,"1.3.6",112,ALL,93,763,6.7939000000,329
2026-06-01,ke,RM06B,facebook,"1.3.6",112,albcp,23,24,0.2807000000,14
2026-06-01,ke,RM06B,facebook,"1.3.6",112,bkcp,26,29,0.0840000000,6
2026-06-01,ke,RM06B,facebook,"1.3.6",112,cl_open,60,64,2.7484000000,50
2026-06-01,ke,RM06B,facebook,"1.3.6",112,ho_open,55,151,0.9764000000,75
2026-06-01,ke,RM06B,facebook,"1.3.6",112,ngdcp,37,41,0.6233500000,28
2026-06-01,ke,RM06B,facebook,"1.3.6",112,offlcp,10,11,0.1469000000,8
2026-06-01,ke,RM06B,facebook,"1.3.6",112,searcp,29,49,0.3663000000,16
2026-06-01,ke,RM06B,facebook,"1.3.6",112,skpcp,12,34,0.0674000000,15
2026-06-01,ke,RM06B,facebook,"1.3.6",112,splcp,48,126,0.8206500000,51
2026-06-01,ke,RM06B,facebook,"1.3.6",112,xzcp,41,217,0.6171500000,61
2026-06-01,ke,RM08,Google Ads ACI,"1.2.4",62,ALL,51,464,2.4449705804,157
2026-06-01,ke,RM08,Google Ads ACI,"1.2.4",62,ccopen,29,33,0.6325354093,21
2026-06-01,ke,RM08,Google Ads ACI,"1.2.4",62,hhopen,27,57,0.2531867230,21
2026-06-01,ke,RM08,Google Ads ACI,"1.2.4",62,insback,17,19,0.1026879368,5
2026-06-01,ke,RM08,Google Ads ACI,"1.2.4",62,inscon,20,57,0.0956826747,7
2026-06-01,ke,RM08,Google Ads ACI,"1.2.4",62,insdown,34,128,0.6404382477,37
2026-06-01,ke,RM08,Google Ads ACI,"1.2.4",62,insnewgd,21,22,0.2476004632,7
2026-06-01,ke,RM08,Google Ads ACI,"1.2.4",62,inssec,25,33,0.1596456788,18
2026-06-01,mx,RM06B,facebook,"1.3.4",58,ALL,37,195,5.8285500000,73
2026-06-01,mx,RM06B,facebook,"1.3.4",58,cl_open,24,25,1.7658500000,16
2026-06-01,mx,RM06B,facebook,"1.3.4",58,ho_open,19,38,1.8181000000,17
2026-06-01,mx,RM06B,facebook,"1.3.4",58,ngdcp,15,15,0.5294500000,8
2026-06-01,mx,RM06B,facebook,"1.3.4",58,splcp,20,25,0.5212500000,13
2026-06-01,mx,RM06B,facebook,"1.3.4",58,xzcp,10,49,0.4282500000,11
2026-06-01,mx,RM06B,Google Ads ACI,"1.3.5",330,ALL,209,2682,26.5182500000,1036
2026-06-01,mx,RM06B,Google Ads ACI,"1.3.5",330,albcp,33,41,0.3531500000,11
2026-06-01,mx,RM06B,Google Ads ACI,"1.3.5",330,bkcp,82,123,0.9940000000,43
2026-06-01,mx,RM06B,Google Ads ACI,"1.3.5",330,cl_open,134,166,5.6779000000,84
2026-06-01,mx,RM06B,Google Ads ACI,"1.3.5",330,cscp,22,38,0.1144500000,6
2026-06-01,mx,RM06B,Google Ads ACI,"1.3.5",330,ho_open,139,482,6.6396000000,225
2026-06-01,mx,RM06B,Google Ads ACI,"1.3.5",330,ngdcp,98,102,1.5162000000,39
2026-06-01,mx,RM06B,Google Ads ACI,"1.3.5",330,offlcp,27,31,0.1363500000,4
2026-06-01,mx,RM06B,Google Ads ACI,"1.3.5",330,searcp,105,171,1.8705500000,66
2026-06-01,mx,RM06B,Google Ads ACI,"1.3.5",330,skpcp,43,201,1.2847000000,62
2026-06-01,mx,RM06B,Google Ads ACI,"1.3.5",330,splcp,121,311,2.5614000000,123
2026-06-01,mx,RM06B,Google Ads ACI,"1.3.5",330,xzcp,95,993,5.2780000000,363
2026-06-01,mx,RM06B,facebook,"1.3.5",1908,ALL,1622,11227,314.5905500000,5310
2026-06-01,mx,RM06B,facebook,"1.3.5",1908,albcp,213,248,7.3474000000,95
2026-06-01,mx,RM06B,facebook,"1.3.5",1908,bkcp,346,417,5.5568500000,139
2026-06-01,mx,RM06B,facebook,"1.3.5",1908,cl_open,1107,1298,94.7892000000,1058
2026-06-01,mx,RM06B,facebook,"1.3.5",1908,cscp,79,106,1.8082500000,49
2026-06-01,mx,RM06B,facebook,"1.3.5",1908,ho_open,1032,2958,95.5541000000,1366
2026-06-01,mx,RM06B,facebook,"1.3.5",1908,jclcp,12,14,0.1482000000,7
2026-06-01,mx,RM06B,facebook,"1.3.5",1908,lkcp,18,18,0.1618000000,12
2026-06-01,mx,RM06B,facebook,"1.3.5",1908,ngdcp,728,741,28.9751500000,446
2026-06-01,mx,RM06B,facebook,"1.3.5",1908,offlcp,95,110,1.3073000000,33
2026-06-01,mx,RM06B,facebook,"1.3.5",1908,rkgcp,26,26,1.1016000000,19
2026-06-01,mx,RM06B,facebook,"1.3.5",1908,searcp,405,568,10.5627500000,278
2026-06-01,mx,RM06B,facebook,"1.3.5",1908,secp,37,38,1.3610000000,16
2026-06-01,mx,RM06B,facebook,"1.3.5",1908,skpcp,211,707,7.0435500000,289
2026-06-01,mx,RM06B,facebook,"1.3.5",1908,splcp,798,1334,31.1536000000,524
2026-06-01,mx,RM06B,facebook,"1.3.5",1908,stccp,30,33,0.8181500000,22
2026-06-01,mx,RM06B,facebook,"1.3.5",1908,xzcp,462,2611,26.9016500000,957
2026-06-01,mx,RM06B,unknown,"1.3.5",256,ALL,221,331,14.4154000000,48
2026-06-01,mx,RM06B,unknown,"1.3.5",256,cl_open,197,200,12.7427000000,11
2026-06-01,mx,RM06B,unknown,"1.3.5",256,ho_open,27,50,0.8712500000,16
2026-06-01,mx,RM06B,unknown,"1.3.5",256,ngdcp,11,11,0.2432500000,3
2026-06-01,mx,RM06B,unknown,"1.3.5",256,searcp,12,14,0.0736000000,2
2026-06-01,mx,RM06B,unknown,"1.3.5",256,splcp,14,23,0.1836500000,3
2026-06-01,mx,RM06B,Google Ads ACI,"1.3.6",326,ALL,226,3101,30.4565500000,1214
2026-06-01,mx,RM06B,Google Ads ACI,"1.3.6",326,albcp,27,40,0.6021500000,22
2026-06-01,mx,RM06B,Google Ads ACI,"1.3.6",326,bkcp,73,114,0.7090500000,57
2026-06-01,mx,RM06B,Google Ads ACI,"1.3.6",326,cl_open,150,201,6.4180500000,80
2026-06-01,mx,RM06B,Google Ads ACI,"1.3.6",326,cscp,27,49,0.1662000000,5
2026-06-01,mx,RM06B,Google Ads ACI,"1.3.6",326,ho_open,140,489,7.1880000000,203
2026-06-01,mx,RM06B,Google Ads ACI,"1.3.6",326,ngdcp,124,133,2.5069500000,54
2026-06-01,mx,RM06B,Google Ads ACI,"1.3.6",326,offlcp,39,43,0.1541000000,13
2026-06-01,mx,RM06B,Google Ads ACI,"1.3.6",326,searcp,120,216,2.3205000000,86
2026-06-01,mx,RM06B,Google Ads ACI,"1.3.6",326,skpcp,29,251,1.0683500000,110
2026-06-01,mx,RM06B,Google Ads ACI,"1.3.6",326,splcp,142,367,3.3953000000,147
2026-06-01,mx,RM06B,Google Ads ACI,"1.3.6",326,xzcp,106,1177,5.6905500000,433
2026-06-01,mx,RM06B,facebook,"1.3.6",1980,ALL,1625,10998,307.6933000000,5015
2026-06-01,mx,RM06B,facebook,"1.3.6",1980,albcp,220,261,7.2626000000,129
2026-06-01,mx,RM06B,facebook,"1.3.6",1980,bkcp,334,399,6.0795500000,124
2026-06-01,mx,RM06B,facebook,"1.3.6",1980,cl_open,1115,1330,93.3189000000,1045
2026-06-01,mx,RM06B,facebook,"1.3.6",1980,cscp,79,108,1.8528500000,38
2026-06-01,mx,RM06B,facebook,"1.3.6",1980,ho_open,1001,2895,96.3645500000,1221
2026-06-01,mx,RM06B,facebook,"1.3.6",1980,lkcp,10,10,0.0504500000,2
2026-06-01,mx,RM06B,facebook,"1.3.6",1980,ngdcp,744,768,31.1699500000,475
2026-06-01,mx,RM06B,facebook,"1.3.6",1980,offlcp,93,105,1.1409000000,34
2026-06-01,mx,RM06B,facebook,"1.3.6",1980,rkgcp,20,20,0.7385000000,10
2026-06-01,mx,RM06B,facebook,"1.3.6",1980,searcp,408,578,11.1932500000,224
2026-06-01,mx,RM06B,facebook,"1.3.6",1980,secp,36,39,1.1238000000,17
2026-06-01,mx,RM06B,facebook,"1.3.6",1980,skpcp,193,819,7.1858000000,340
2026-06-01,mx,RM06B,facebook,"1.3.6",1980,splcp,743,1244,26.5631500000,412
2026-06-01,mx,RM06B,facebook,"1.3.6",1980,stccp,25,25,0.8049500000,12
2026-06-01,mx,RM06B,facebook,"1.3.6",1980,xzcp,426,2385,22.6694000000,928
2026-06-01,mx,RM06B,unknown,"1.3.6",299,ALL,255,493,20.0824500000,149
2026-06-01,mx,RM06B,unknown,"1.3.6",299,cl_open,231,234,16.6315000000,15
2026-06-01,mx,RM06B,unknown,"1.3.6",299,ho_open,26,67,1.5042500000,44
2026-06-01,mx,RM06B,unknown,"1.3.6",299,ngdcp,16,16,0.5428000000,2
2026-06-01,mx,RM06B,unknown,"1.3.6",299,splcp,15,29,0.5025500000,13
2026-06-01,mx,RM08,Google Ads ACI,"1.2.4",78,ALL,66,822,5.5586198367,196
2026-06-01,mx,RM08,Google Ads ACI,"1.2.4",78,ccopen,49,57,1.1110478437,21
2026-06-01,mx,RM08,Google Ads ACI,"1.2.4",78,hhopen,33,92,0.8778619447,24
2026-06-01,mx,RM08,Google Ads ACI,"1.2.4",78,insabb,12,13,0.3315033417,1
2026-06-01,mx,RM08,Google Ads ACI,"1.2.4",78,insback,28,33,0.2065001291,8
2026-06-01,mx,RM08,Google Ads ACI,"1.2.4",78,inscon,26,72,0.3529206551,25
2026-06-01,mx,RM08,Google Ads ACI,"1.2.4",78,insdown,37,390,1.1962575063,61
2026-06-01,mx,RM08,Google Ads ACI,"1.2.4",78,inshg,10,14,0.0288465008,6
2026-06-01,mx,RM08,Google Ads ACI,"1.2.4",78,insnewgd,44,46,0.7435141014,26
2026-06-01,mx,RM08,Google Ads ACI,"1.2.4",78,insplayn,12,21,0.1485558354,3
2026-06-01,mx,RM08,Google Ads ACI,"1.2.4",78,inssec,39,67,0.4142001268,18
2026-06-01,mx,RM08,Google Ads ACI,"1.2.4",78,inssp,12,14,0.0402228631,2
2026-06-01,mx,RM08,facebook,"1.2.4",730,ALL,603,3014,116.5624705426,1482
2026-06-01,mx,RM08,facebook,"1.2.4",730,ccopen,420,483,35.2609506911,355
2026-06-01,mx,RM08,facebook,"1.2.4",730,hhopen,332,754,31.3218208963,348
2026-06-01,mx,RM08,facebook,"1.2.4",730,insabb,100,104,5.1724300152,56
2026-06-01,mx,RM08,facebook,"1.2.4",730,insatt,11,11,0.6256994863,4
2026-06-01,mx,RM08,facebook,"1.2.4",730,insback,112,118,3.1085814082,40
2026-06-01,mx,RM08,facebook,"1.2.4",730,inscon,97,203,4.3533411488,55
2026-06-01,mx,RM08,facebook,"1.2.4",730,insdown,144,627,10.7975865497,290
2026-06-01,mx,RM08,facebook,"1.2.4",730,inshg,13,13,0.2220383215,6
2026-06-01,mx,RM08,facebook,"1.2.4",730,insnewgd,244,250,12.9772626275,135
2026-06-01,mx,RM08,facebook,"1.2.4",730,inspa,15,15,0.6101683648,5
2026-06-01,mx,RM08,facebook,"1.2.4",730,insplayn,110,259,7.0909476338,113
2026-06-01,mx,RM08,facebook,"1.2.4",730,insrrr,14,14,0.8067855812,10
2026-06-01,mx,RM08,facebook,"1.2.4",730,inssec,100,120,3.4852993334,55
2026-06-01,mx,RM08,facebook,"1.2.4",730,inssp,32,38,0.6942083336,8
2026-06-01,mx,RM08,unknown,"1.2.4",152,ALL,137,505,10.7438277070,149
2026-06-01,mx,RM08,unknown,"1.2.4",152,ccopen,127,141,8.5309989249,11
2026-06-01,mx,RM08,unknown,"1.2.4",152,hhopen,29,56,1.0946351488,20
2026-06-01,my,RM08,facebook,"1.2.4",77,ALL,66,407,14.9670875056,267
2026-06-01,my,RM08,facebook,"1.2.4",77,ccopen,44,51,3.6811727118,66
2026-06-01,my,RM08,facebook,"1.2.4",77,hhopen,42,121,5.4596562307,68
2026-06-01,my,RM08,facebook,"1.2.4",77,insabb,10,11,0.2235988811,5
2026-06-01,my,RM08,facebook,"1.2.4",77,insback,20,21,0.5649093300,2
2026-06-01,my,RM08,facebook,"1.2.4",77,inscon,13,41,0.4697161783,19
2026-06-01,my,RM08,facebook,"1.2.4",77,insdown,19,81,1.6435353890,66
2026-06-01,my,RM08,facebook,"1.2.4",77,insnewgd,24,24,1.2947665429,19
2026-06-01,my,RM08,facebook,"1.2.4",77,insplayn,11,18,0.3907099506,7
2026-06-01,my,RM08,facebook,"1.2.4",77,inssec,17,21,0.6763650997,8
2026-06-01,ng,RM06B,facebook,"1.3.5",153,ALL,124,581,6.7628000000,258
2026-06-01,ng,RM06B,facebook,"1.3.5",153,albcp,23,25,0.2593500000,11
2026-06-01,ng,RM06B,facebook,"1.3.5",153,bkcp,20,22,0.2021000000,9
2026-06-01,ng,RM06B,facebook,"1.3.5",153,cl_open,52,53,1.2961500000,58
2026-06-01,ng,RM06B,facebook,"1.3.5",153,ho_open,83,185,2.4014000000,71
2026-06-01,ng,RM06B,facebook,"1.3.5",153,ngdcp,46,49,0.7705500000,34
2026-06-01,ng,RM06B,facebook,"1.3.5",153,searcp,18,19,0.1592000000,7
2026-06-01,ng,RM06B,facebook,"1.3.5",153,skpcp,11,37,0.1784500000,7
2026-06-01,ng,RM06B,facebook,"1.3.5",153,splcp,46,64,0.7787000000,20
2026-06-01,ng,RM06B,facebook,"1.3.5",153,xzcp,31,113,0.6550000000,38
2026-06-01,ng,RM06B,facebook,"1.3.6",130,ALL,96,493,7.4482500000,290
2026-06-01,ng,RM06B,facebook,"1.3.6",130,albcp,14,15,0.2084500000,9
2026-06-01,ng,RM06B,facebook,"1.3.6",130,bkcp,19,19,0.2363000000,14
2026-06-01,ng,RM06B,facebook,"1.3.6",130,cl_open,50,53,2.2354500000,57
2026-06-01,ng,RM06B,facebook,"1.3.6",130,ho_open,57,123,1.7876500000,81
2026-06-01,ng,RM06B,facebook,"1.3.6",130,ngdcp,33,33,0.7252000000,26
2026-06-01,ng,RM06B,facebook,"1.3.6",130,searcp,16,20,0.2167000000,8
2026-06-01,ng,RM06B,facebook,"1.3.6",130,splcp,47,90,1.0634000000,45
2026-06-01,ng,RM06B,facebook,"1.3.6",130,xzcp,20,91,0.6000500000,38
2026-06-01,ng,RM08,facebook,"1.2.4",52,ALL,38,192,2.1755346094,69
2026-06-01,ng,RM08,facebook,"1.2.4",52,ccopen,14,16,0.4230930245,17
2026-06-01,ng,RM08,facebook,"1.2.4",52,hhopen,18,26,0.2977688766,11
2026-06-01,ng,RM08,facebook,"1.2.4",52,insback,11,14,0.0496528523,2
2026-06-01,ng,RM08,facebook,"1.2.4",52,insdown,16,59,0.4972767020,16
2026-06-01,ng,RM08,facebook,"1.2.4",52,insnewgd,16,16,0.3329674686,11
2026-06-01,ni,RM06B,facebook,"1.3.5",143,ALL,131,729,5.4982000000,339
2026-06-01,ni,RM06B,facebook,"1.3.5",143,albcp,20,21,0.1849500000,10
2026-06-01,ni,RM06B,facebook,"1.3.5",143,bkcp,24,28,0.0650000000,8
2026-06-01,ni,RM06B,facebook,"1.3.5",143,cl_open,82,95,1.9426500000,74
2026-06-01,ni,RM06B,facebook,"1.3.5",143,cscp,12,17,0.0598000000,4
2026-06-01,ni,RM06B,facebook,"1.3.5",143,ho_open,72,168,1.4095500000,84
2026-06-01,ni,RM06B,facebook,"1.3.5",143,ngdcp,71,71,0.5235000000,50
2026-06-01,ni,RM06B,facebook,"1.3.5",143,searcp,30,42,0.1068000000,12
2026-06-01,ni,RM06B,facebook,"1.3.5",143,skpcp,17,68,0.2004500000,29
2026-06-01,ni,RM06B,facebook,"1.3.5",143,splcp,66,83,0.4343000000,38
2026-06-01,ni,RM06B,facebook,"1.3.5",143,xzcp,38,124,0.5471500000,29
2026-06-01,ni,RM06B,facebook,"1.3.6",137,ALL,120,591,6.3665500000,289
2026-06-01,ni,RM06B,facebook,"1.3.6",137,albcp,15,16,0.1083000000,9
2026-06-01,ni,RM06B,facebook,"1.3.6",137,bkcp,19,20,0.1237000000,2
2026-06-01,ni,RM06B,facebook,"1.3.6",137,cl_open,81,88,2.0135500000,79
2026-06-01,ni,RM06B,facebook,"1.3.6",137,ho_open,74,178,1.8265000000,70
2026-06-01,ni,RM06B,facebook,"1.3.6",137,ngdcp,48,49,0.7178000000,25
2026-06-01,ni,RM06B,facebook,"1.3.6",137,searcp,25,30,0.2046000000,21
2026-06-01,ni,RM06B,facebook,"1.3.6",137,skpcp,17,66,0.4947500000,21
2026-06-01,ni,RM06B,facebook,"1.3.6",137,splcp,62,78,0.4514500000,47
2026-06-01,ni,RM06B,facebook,"1.3.6",137,xzcp,26,51,0.3714500000,12
2026-06-01,pe,RM06B,Google Ads ACI,"1.3.5",98,ALL,62,382,6.0489000000,200
2026-06-01,pe,RM06B,Google Ads ACI,"1.3.5",98,bkcp,12,18,0.0659000000,8
2026-06-01,pe,RM06B,Google Ads ACI,"1.3.5",98,cl_open,42,47,2.5215500000,38
2026-06-01,pe,RM06B,Google Ads ACI,"1.3.5",98,ho_open,38,80,1.1326000000,44
2026-06-01,pe,RM06B,Google Ads ACI,"1.3.5",98,ngdcp,29,30,0.6069000000,18
2026-06-01,pe,RM06B,Google Ads ACI,"1.3.5",98,searcp,24,34,0.4492000000,14
2026-06-01,pe,RM06B,Google Ads ACI,"1.3.5",98,splcp,31,52,0.5134500000,21
2026-06-01,pe,RM06B,Google Ads ACI,"1.3.5",98,xzcp,17,51,0.1868000000,28
2026-06-01,pe,RM06B,TIKTOK,"1.3.5",68,ALL,65,369,13.1178000000,169
2026-06-01,pe,RM06B,TIKTOK,"1.3.5",68,bkcp,16,17,0.1064500000,3
2026-06-01,pe,RM06B,TIKTOK,"1.3.5",68,cl_open,49,54,6.1458000000,34
2026-06-01,pe,RM06B,TIKTOK,"1.3.5",68,ho_open,36,92,2.0173000000,39
2026-06-01,pe,RM06B,TIKTOK,"1.3.5",68,ngdcp,40,45,1.5795500000,26
2026-06-01,pe,RM06B,TIKTOK,"1.3.5",68,searcp,27,32,0.9367000000,12
2026-06-01,pe,RM06B,TIKTOK,"1.3.5",68,splcp,37,50,1.2400500000,25
2026-06-01,pe,RM06B,TIKTOK,"1.3.5",68,xzcp,19,45,0.3841500000,16
2026-06-01,pe,RM06B,facebook,"1.3.5",604,ALL,501,2932,99.5744000000,1559
2026-06-01,pe,RM06B,facebook,"1.3.5",604,albcp,49,52,1.2581000000,26
2026-06-01,pe,RM06B,facebook,"1.3.5",604,bkcp,94,107,1.9198500000,37
2026-06-01,pe,RM06B,facebook,"1.3.5",604,cl_open,378,445,43.7496500000,402
2026-06-01,pe,RM06B,facebook,"1.3.5",604,cscp,19,32,0.1230500000,10
2026-06-01,pe,RM06B,facebook,"1.3.5",604,ho_open,292,695,20.2474000000,348
2026-06-01,pe,RM06B,facebook,"1.3.5",604,ngdcp,244,250,10.8871000000,182
2026-06-01,pe,RM06B,facebook,"1.3.5",604,offlcp,16,19,0.0719500000,8
2026-06-01,pe,RM06B,facebook,"1.3.5",604,searcp,139,190,4.0992000000,84
2026-06-01,pe,RM06B,facebook,"1.3.5",604,secp,15,15,0.4637500000,5
2026-06-01,pe,RM06B,facebook,"1.3.5",604,skpcp,64,140,1.4360000000,40
2026-06-01,pe,RM06B,facebook,"1.3.5",604,splcp,240,379,10.5807500000,145
2026-06-01,pe,RM06B,facebook,"1.3.5",604,xzcp,114,592,4.3616500000,263
2026-06-01,pe,RM06B,Google Ads ACI,"1.3.6",66,ALL,39,334,6.3322500000,135
2026-06-01,pe,RM06B,Google Ads ACI,"1.3.6",66,bkcp,12,14,0.2324500000,3
2026-06-01,pe,RM06B,Google Ads ACI,"1.3.6",66,cl_open,30,40,2.2488000000,19
2026-06-01,pe,RM06B,Google Ads ACI,"1.3.6",66,ho_open,22,77,1.4268500000,29
2026-06-01,pe,RM06B,Google Ads ACI,"1.3.6",66,ngdcp,19,19,0.4446500000,15
2026-06-01,pe,RM06B,Google Ads ACI,"1.3.6",66,searcp,17,26,0.5820000000,8
2026-06-01,pe,RM06B,Google Ads ACI,"1.3.6",66,splcp,22,38,0.7301000000,20
2026-06-01,pe,RM06B,Google Ads ACI,"1.3.6",66,xzcp,15,93,0.5714500000,35
2026-06-01,pe,RM06B,TIKTOK,"1.3.6",71,ALL,67,372,14.8932000000,186
2026-06-01,pe,RM06B,TIKTOK,"1.3.6",71,bkcp,11,12,0.0589000000,4
2026-06-01,pe,RM06B,TIKTOK,"1.3.6",71,cl_open,55,62,7.0708000000,50
2026-06-01,pe,RM06B,TIKTOK,"1.3.6",71,ho_open,35,82,2.4882000000,44
2026-06-01,pe,RM06B,TIKTOK,"1.3.6",71,ngdcp,40,40,1.3505000000,23
2026-06-01,pe,RM06B,TIKTOK,"1.3.6",71,searcp,21,26,0.8695000000,16
2026-06-01,pe,RM06B,TIKTOK,"1.3.6",71,splcp,42,59,1.2594500000,12
2026-06-01,pe,RM06B,TIKTOK,"1.3.6",71,xzcp,18,56,1.1162000000,19
2026-06-01,pe,RM06B,facebook,"1.3.6",596,ALL,502,2534,93.1713500000,1239
2026-06-01,pe,RM06B,facebook,"1.3.6",596,albcp,58,58,1.0947000000,30
2026-06-01,pe,RM06B,facebook,"1.3.6",596,bkcp,94,105,1.2110000000,30
2026-06-01,pe,RM06B,facebook,"1.3.6",596,cl_open,362,409,37.5932500000,298
2026-06-01,pe,RM06B,facebook,"1.3.6",596,cscp,24,38,0.5515000000,9
2026-06-01,pe,RM06B,facebook,"1.3.6",596,ho_open,267,643,18.6305500000,281
2026-06-01,pe,RM06B,facebook,"1.3.6",596,ngdcp,223,228,10.3153500000,178
2026-06-01,pe,RM06B,facebook,"1.3.6",596,offlcp,15,18,0.1283500000,4
2026-06-01,pe,RM06B,facebook,"1.3.6",596,searcp,144,170,5.5012000000,81
2026-06-01,pe,RM06B,facebook,"1.3.6",596,secp,15,15,0.3233500000,13
2026-06-01,pe,RM06B,facebook,"1.3.6",596,skpcp,54,123,1.0849500000,33
2026-06-01,pe,RM06B,facebook,"1.3.6",596,splcp,244,360,10.9817500000,161
2026-06-01,pe,RM06B,facebook,"1.3.6",596,stccp,10,13,0.5922500000,2
2026-06-01,pe,RM06B,facebook,"1.3.6",596,xzcp,114,345,5.1289000000,115
2026-06-01,pe,RM08,facebook,"1.2.4",94,ALL,74,340,13.5153196822,181
2026-06-01,pe,RM08,facebook,"1.2.4",94,ccopen,46,53,3.9939325890,60
2026-06-01,pe,RM08,facebook,"1.2.4",94,hhopen,41,75,3.4432865105,25
2026-06-01,pe,RM08,facebook,"1.2.4",94,insabb,12,13,0.1773213553,4
2026-06-01,pe,RM08,facebook,"1.2.4",94,insback,13,13,0.3058269037,3
2026-06-01,pe,RM08,facebook,"1.2.4",94,inscon,15,30,0.3565614355,9
2026-06-01,pe,RM08,facebook,"1.2.4",94,insdown,21,63,1.1726934834,29
2026-06-01,pe,RM08,facebook,"1.2.4",94,insnewgd,40,40,2.3818404873,33
2026-06-01,pe,RM08,facebook,"1.2.4",94,insplayn,17,31,0.7932173233,10
2026-06-01,pe,RM08,facebook,"1.2.4",94,inssec,14,16,0.6592064382,4
2026-06-01,ph,RM06B,Google Ads ACI,"1.3.5",56,ALL,47,472,3.2214000000,203
2026-06-01,ph,RM06B,Google Ads ACI,"1.3.5",56,bkcp,20,23,0.1955500000,10
2026-06-01,ph,RM06B,Google Ads ACI,"1.3.5",56,cl_open,32,37,0.6977500000,20
2026-06-01,ph,RM06B,Google Ads ACI,"1.3.5",56,ho_open,32,90,0.8936500000,42
2026-06-01,ph,RM06B,Google Ads ACI,"1.3.5",56,ngdcp,22,24,0.2794500000,12
2026-06-01,ph,RM06B,Google Ads ACI,"1.3.5",56,searcp,17,36,0.1153500000,18
2026-06-01,ph,RM06B,Google Ads ACI,"1.3.5",56,splcp,26,59,0.4115000000,29
2026-06-01,ph,RM06B,Google Ads ACI,"1.3.5",56,xzcp,23,178,0.4792000000,60
2026-06-01,ph,RM06B,Google Ads ACI,"1.3.6",62,ALL,55,383,2.8755000000,190
2026-06-01,ph,RM06B,Google Ads ACI,"1.3.6",62,bkcp,20,27,0.1539500000,15
2026-06-01,ph,RM06B,Google Ads ACI,"1.3.6",62,cl_open,27,33,0.6244500000,25
2026-06-01,ph,RM06B,Google Ads ACI,"1.3.6",62,ho_open,32,65,0.7528000000,35
2026-06-01,ph,RM06B,Google Ads ACI,"1.3.6",62,ngdcp,24,26,0.2690000000,22
2026-06-01,ph,RM06B,Google Ads ACI,"1.3.6",62,searcp,19,30,0.0723000000,3
2026-06-01,ph,RM06B,Google Ads ACI,"1.3.6",62,splcp,31,46,0.3455000000,15
2026-06-01,ph,RM06B,Google Ads ACI,"1.3.6",62,xzcp,28,115,0.3706500000,54
2026-06-01,ph,RM08,Google Ads ACI,"1.2.4",54,ALL,48,862,4.6946686497,246
2026-06-01,ph,RM08,Google Ads ACI,"1.2.4",54,ccopen,31,41,0.7066514689,22
2026-06-01,ph,RM08,Google Ads ACI,"1.2.4",54,hhopen,37,124,0.6727799062,55
2026-06-01,ph,RM08,Google Ads ACI,"1.2.4",54,insback,25,29,0.0662934531,6
2026-06-01,ph,RM08,Google Ads ACI,"1.2.4",54,inscon,26,73,0.3328299800,23
2026-06-01,ph,RM08,Google Ads ACI,"1.2.4",54,insdown,42,424,1.9098639222,107
2026-06-01,ph,RM08,Google Ads ACI,"1.2.4",54,inshg,15,17,0.0647569633,2
2026-06-01,ph,RM08,Google Ads ACI,"1.2.4",54,insnewgd,31,31,0.4377739533,13
2026-06-01,ph,RM08,Google Ads ACI,"1.2.4",54,inssec,40,76,0.3746450353,14
2026-06-01,ph,RM08,Google Ads ACI,"1.2.4",54,inssp,11,14,0.0409544850,0
2026-06-01,ph,RM08,facebook,"1.2.4",788,ALL,686,4252,57.6801827714,2077
2026-06-01,ph,RM08,facebook,"1.2.4",788,ccopen,431,506,15.8139521478,432
2026-06-01,ph,RM08,facebook,"1.2.4",788,hhopen,395,812,14.7171307764,415
2026-06-01,ph,RM08,facebook,"1.2.4",788,insabb,91,102,1.5081643590,44
2026-06-01,ph,RM08,facebook,"1.2.4",788,insatt,18,18,0.7362976085,14
2026-06-01,ph,RM08,facebook,"1.2.4",788,insback,143,160,1.1100257249,61
2026-06-01,ph,RM08,facebook,"1.2.4",788,inscon,164,383,2.6267413739,160
2026-06-01,ph,RM08,facebook,"1.2.4",788,insdown,290,1446,7.8371999230,540
2026-06-01,ph,RM08,facebook,"1.2.4",788,inshg,42,45,0.7438744027,17
2026-06-01,ph,RM08,facebook,"1.2.4",788,insnewgd,289,296,6.6633849242,198
2026-06-01,ph,RM08,facebook,"1.2.4",788,insplayn,100,153,2.4188858714,64
2026-06-01,ph,RM08,facebook,"1.2.4",788,inssec,179,241,2.5314332493,96
2026-06-01,ph,RM08,facebook,"1.2.4",788,inssp,60,72,0.7776558243,33
2026-06-01,ph,RM08,unknown,"1.2.4",108,ALL,91,130,2.8327803352,25
2026-06-01,ph,RM08,unknown,"1.2.4",108,ccopen,78,80,2.3881880666,7
2026-06-01,ph,RM08,unknown,"1.2.4",108,hhopen,22,44,0.3828735350,14
2026-06-01,py,RM06B,facebook,"1.3.5",79,ALL,63,301,3.6014000000,118
2026-06-01,py,RM06B,facebook,"1.3.5",79,albcp,10,10,0.0437000000,3
2026-06-01,py,RM06B,facebook,"1.3.5",79,cl_open,41,49,1.4874500000,39
2026-06-01,py,RM06B,facebook,"1.3.5",79,ho_open,36,100,0.9325000000,38
2026-06-01,py,RM06B,facebook,"1.3.5",79,ngdcp,20,20,0.4163000000,7
2026-06-01,py,RM06B,facebook,"1.3.5",79,searcp,16,18,0.2300000000,4
2026-06-01,py,RM06B,facebook,"1.3.5",79,splcp,24,36,0.3097500000,12
2026-06-01,py,RM06B,facebook,"1.3.5",79,xzcp,14,37,0.1060500000,7
2026-06-01,py,RM06B,facebook,"1.3.6",66,ALL,50,242,4.0475000000,120
2026-06-01,py,RM06B,facebook,"1.3.6",66,cl_open,35,39,1.5618500000,36
2026-06-01,py,RM06B,facebook,"1.3.6",66,ho_open,26,59,0.8937000000,30
2026-06-01,py,RM06B,facebook,"1.3.6",66,ngdcp,25,25,0.4996500000,12
2026-06-01,py,RM06B,facebook,"1.3.6",66,searcp,15,16,0.2353000000,2
2026-06-01,py,RM06B,facebook,"1.3.6",66,splcp,27,35,0.4617000000,19
2026-06-01,sv,RM06B,facebook,"1.3.5",148,ALL,122,570,8.8454500000,296
2026-06-01,sv,RM06B,facebook,"1.3.5",148,albcp,15,15,0.1738500000,9
2026-06-01,sv,RM06B,facebook,"1.3.5",148,bkcp,20,20,0.1977000000,4
2026-06-01,sv,RM06B,facebook,"1.3.5",148,cl_open,86,89,3.1637500000,62
2026-06-01,sv,RM06B,facebook,"1.3.5",148,ho_open,73,187,2.7181000000,84
2026-06-01,sv,RM06B,facebook,"1.3.5",148,ngdcp,60,61,0.8870500000,53
2026-06-01,sv,RM06B,facebook,"1.3.5",148,searcp,40,44,0.4427000000,28
2026-06-01,sv,RM06B,facebook,"1.3.5",148,skpcp,14,17,0.1102500000,4
2026-06-01,sv,RM06B,facebook,"1.3.5",148,splcp,56,79,0.8935000000,31
2026-06-01,sv,RM06B,facebook,"1.3.5",148,xzcp,20,43,0.1467000000,13
2026-06-01,sv,RM06B,facebook,"1.3.6",137,ALL,114,484,10.1393500000,309
2026-06-01,sv,RM06B,facebook,"1.3.6",137,albcp,19,20,0.2086000000,7
2026-06-01,sv,RM06B,facebook,"1.3.6",137,bkcp,16,16,0.2724000000,5
2026-06-01,sv,RM06B,facebook,"1.3.6",137,cl_open,80,88,2.8730000000,92
2026-06-01,sv,RM06B,facebook,"1.3.6",137,ho_open,62,150,3.0867500000,92
2026-06-01,sv,RM06B,facebook,"1.3.6",137,ngdcp,53,54,1.2683500000,39
2026-06-01,sv,RM06B,facebook,"1.3.6",137,searcp,26,27,0.6133500000,20
2026-06-01,sv,RM06B,facebook,"1.3.6",137,skpcp,15,22,0.2480000000,6
2026-06-01,sv,RM06B,facebook,"1.3.6",137,splcp,54,63,1.2018500000,25
2026-06-01,sv,RM06B,facebook,"1.3.6",137,xzcp,17,33,0.1474000000,19
2026-06-01,us,RM06B,facebook,"1.3.5",650,ALL,543,2696,407.9465000000,1283
2026-06-01,us,RM06B,facebook,"1.3.5",650,albcp,88,114,15.7082000000,48
2026-06-01,us,RM06B,facebook,"1.3.5",650,bkcp,58,75,6.3808000000,24
2026-06-01,us,RM06B,facebook,"1.3.5",650,cl_open,416,470,123.1240000000,348
2026-06-01,us,RM06B,facebook,"1.3.5",650,cscp,19,39,3.1219500000,17
2026-06-01,us,RM06B,facebook,"1.3.5",650,ho_open,325,753,124.7238000000,332
2026-06-01,us,RM06B,facebook,"1.3.5",650,ngdcp,250,255,53.0165500000,147
2026-06-01,us,RM06B,facebook,"1.3.5",650,searcp,96,154,15.2443500000,76
2026-06-01,us,RM06B,facebook,"1.3.5",650,secp,12,12,2.2660000000,4
2026-06-01,us,RM06B,facebook,"1.3.5",650,skpcp,34,100,6.8516000000,32
2026-06-01,us,RM06B,facebook,"1.3.5",650,splcp,214,333,34.0884000000,145
2026-06-01,us,RM06B,facebook,"1.3.5",650,xzcp,68,357,18.8278000000,88
2026-06-01,us,RM06B,unknown,"1.3.5",98,ALL,87,238,26.3271000000,51
2026-06-01,us,RM06B,unknown,"1.3.5",98,cl_open,85,90,20.5470000000,10
2026-06-01,us,RM06B,facebook,"1.3.6",602,ALL,507,2098,365.1156000000,986
2026-06-01,us,RM06B,facebook,"1.3.6",602,albcp,82,88,14.5636000000,39
2026-06-01,us,RM06B,facebook,"1.3.6",602,bkcp,56,62,6.1399000000,19
2026-06-01,us,RM06B,facebook,"1.3.6",602,cl_open,376,412,110.9399000000,288
2026-06-01,us,RM06B,facebook,"1.3.6",602,cscp,14,20,0.9372500000,4
2026-06-01,us,RM06B,facebook,"1.3.6",602,ho_open,277,648,112.9225500000,261
2026-06-01,us,RM06B,facebook,"1.3.6",602,ngdcp,234,242,44.6687000000,126
2026-06-01,us,RM06B,facebook,"1.3.6",602,searcp,94,122,16.6562000000,61
2026-06-01,us,RM06B,facebook,"1.3.6",602,secp,11,11,2.7075500000,3
2026-06-01,us,RM06B,facebook,"1.3.6",602,skpcp,20,30,2.4569000000,6
2026-06-01,us,RM06B,facebook,"1.3.6",602,splcp,192,243,36.4734000000,98
2026-06-01,us,RM06B,facebook,"1.3.6",602,stccp,20,22,2.9568500000,7
2026-06-01,us,RM06B,facebook,"1.3.6",602,xzcp,60,181,12.6081500000,69
2026-06-01,us,RM06B,unknown,"1.3.6",74,ALL,69,72,20.1947000000,2
2026-06-01,us,RM06B,unknown,"1.3.6",74,cl_open,67,67,18.7307500000,1
2026-06-01,us,RM08,facebook,"1.2.4",469,ALL,418,2174,304.8672999126,1057
2026-06-01,us,RM08,facebook,"1.2.4",469,ccopen,330,403,93.0114907816,253
2026-06-01,us,RM08,facebook,"1.2.4",469,hhopen,202,471,70.6279347661,211
2026-06-01,us,RM08,facebook,"1.2.4",469,insabb,82,111,16.3252496081,71
2026-06-01,us,RM08,facebook,"1.2.4",469,insatt,16,16,3.1387155586,5
2026-06-01,us,RM08,facebook,"1.2.4",469,insback,56,65,6.5661216060,27
2026-06-01,us,RM08,facebook,"1.2.4",469,inscon,72,144,14.4619932620,60
2026-06-01,us,RM08,facebook,"1.2.4",469,insdown,101,495,29.9579447530,188
2026-06-01,us,RM08,facebook,"1.2.4",469,insnewgd,204,209,43.4003990881,117
2026-06-01,us,RM08,facebook,"1.2.4",469,inspa,20,21,3.2991679372,8
2026-06-01,us,RM08,facebook,"1.2.4",469,insplayn,37,125,11.0798032107,56
2026-06-01,us,RM08,facebook,"1.2.4",469,inssec,59,71,9.0751758639,38
2026-06-01,us,RM08,facebook,"1.2.4",469,inssp,23,29,2.7308580044,16
2026-06-01,us,RM08,unknown,"1.2.4",88,ALL,80,147,23.3315708206,36
2026-06-01,us,RM08,unknown,"1.2.4",88,ccopen,75,79,16.0870577854,8
2026-06-01,us,RM08,unknown,"1.2.4",88,hhopen,12,30,4.2880748080,12
2026-06-01,ve,RM06B,facebook,"1.3.5",295,ALL,246,1316,9.1027500000,567
2026-06-01,ve,RM06B,facebook,"1.3.5",295,albcp,42,46,0.2750500000,24
2026-06-01,ve,RM06B,facebook,"1.3.5",295,bkcp,56,65,0.1474500000,12
2026-06-01,ve,RM06B,facebook,"1.3.5",295,cl_open,151,178,3.5453500000,157
2026-06-01,ve,RM06B,facebook,"1.3.5",295,cscp,10,20,0.0120500000,1
2026-06-01,ve,RM06B,facebook,"1.3.5",295,ho_open,142,298,1.9640500000,101
2026-06-01,ve,RM06B,facebook,"1.3.5",295,ngdcp,112,113,1.2178000000,93
2026-06-01,ve,RM06B,facebook,"1.3.5",295,searcp,69,89,0.3940000000,56
2026-06-01,ve,RM06B,facebook,"1.3.5",295,skpcp,25,74,0.1732500000,23
2026-06-01,ve,RM06B,facebook,"1.3.5",295,splcp,117,211,0.9791000000,62
2026-06-01,ve,RM06B,facebook,"1.3.5",295,xzcp,50,202,0.3241000000,33
2026-06-01,ve,RM06B,facebook,"1.3.6",316,ALL,243,1143,8.9645000000,571
2026-06-01,ve,RM06B,facebook,"1.3.6",316,albcp,32,35,0.2172500000,12
2026-06-01,ve,RM06B,facebook,"1.3.6",316,bkcp,42,46,0.1712500000,13
2026-06-01,ve,RM06B,facebook,"1.3.6",316,cl_open,159,181,3.3596500000,168
2026-06-01,ve,RM06B,facebook,"1.3.6",316,ho_open,120,266,2.2952500000,105
2026-06-01,ve,RM06B,facebook,"1.3.6",316,ngdcp,106,109,1.2422500000,95
2026-06-01,ve,RM06B,facebook,"1.3.6",316,searcp,57,73,0.3300000000,30
2026-06-01,ve,RM06B,facebook,"1.3.6",316,skpcp,24,87,0.1703500000,25
2026-06-01,ve,RM06B,facebook,"1.3.6",316,splcp,94,143,0.7220000000,52
2026-06-01,ve,RM06B,facebook,"1.3.6",316,xzcp,49,179,0.3812000000,64
2026-06-01,ve,RM08,facebook,"1.2.4",51,ALL,34,154,1.4377210657,80
2026-06-01,ve,RM08,facebook,"1.2.4",51,ccopen,28,31,0.5598047794,28
2026-06-01,ve,RM08,facebook,"1.2.4",51,hhopen,10,20,0.3363188274,16
2026-06-01,ve,RM08,facebook,"1.2.4",51,insnewgd,10,11,0.1367130344,8
2026-06-01,za,RM08,Google Ads ACI,"1.2.4",51,ALL,42,389,2.4229878347,155
2026-06-01,za,RM08,Google Ads ACI,"1.2.4",51,ccopen,25,31,0.5524582323,15
2026-06-01,za,RM08,Google Ads ACI,"1.2.4",51,hhopen,24,69,0.4128802678,28
2026-06-01,za,RM08,Google Ads ACI,"1.2.4",51,insback,14,17,0.0704360139,10
2026-06-01,za,RM08,Google Ads ACI,"1.2.4",51,inscon,12,38,0.1742752668,16
2026-06-01,za,RM08,Google Ads ACI,"1.2.4",51,insdown,21,154,0.5739556194,54
2026-06-01,za,RM08,Google Ads ACI,"1.2.4",51,insnewgd,15,16,0.2532048367,8
2026-06-01,za,RM08,Google Ads ACI,"1.2.4",51,inssec,19,28,0.2225163121,14
2026-05-31,ao,RM06B,facebook,"1.3.5",176,ALL,143,517,4.9619500000,311
2026-05-31,ao,RM06B,facebook,"1.3.5",176,albcp,18,19,0.1753500000,8
2026-05-31,ao,RM06B,facebook,"1.3.5",176,bkcp,53,56,0.3010000000,14
2026-05-31,ao,RM06B,facebook,"1.3.5",176,cl_open,82,92,1.5201000000,96
2026-05-31,ao,RM06B,facebook,"1.3.5",176,ho_open,70,138,1.3113000000,70
2026-05-31,ao,RM06B,facebook,"1.3.5",176,ngdcp,51,53,0.5588000000,34
2026-05-31,ao,RM06B,facebook,"1.3.5",176,searcp,47,50,0.2589500000,25
2026-05-31,ao,RM06B,facebook,"1.3.5",176,splcp,50,57,0.4685000000,43
2026-05-31,ao,RM06B,facebook,"1.3.5",176,xzcp,22,27,0.2350000000,14
2026-05-31,ao,RM06B,facebook,"1.3.6",192,ALL,148,521,4.7172500000,369
2026-05-31,ao,RM06B,facebook,"1.3.6",192,albcp,15,20,0.1481000000,8
2026-05-31,ao,RM06B,facebook,"1.3.6",192,bkcp,43,48,0.2628000000,18
2026-05-31,ao,RM06B,facebook,"1.3.6",192,cl_open,81,84,1.1371000000,91
2026-05-31,ao,RM06B,facebook,"1.3.6",192,ho_open,74,142,1.2631500000,107
2026-05-31,ao,RM06B,facebook,"1.3.6",192,ngdcp,63,63,0.6506500000,59
2026-05-31,ao,RM06B,facebook,"1.3.6",192,searcp,42,45,0.3394000000,27
2026-05-31,ao,RM06B,facebook,"1.3.6",192,splcp,52,60,0.5509500000,27
2026-05-31,ao,RM06B,facebook,"1.3.6",192,xzcp,25,30,0.1601000000,23
2026-05-31,ar,RM06B,facebook,"1.3.5",541,ALL,468,1837,43.2501500000,1017
2026-05-31,ar,RM06B,facebook,"1.3.5",541,albcp,52,54,1.2262000000,26
2026-05-31,ar,RM06B,facebook,"1.3.5",541,bkcp,62,64,0.5500500000,31
2026-05-31,ar,RM06B,facebook,"1.3.5",541,cl_open,359,410,17.4395000000,344
2026-05-31,ar,RM06B,facebook,"1.3.5",541,cscp,14,16,0.0914000000,8
2026-05-31,ar,RM06B,facebook,"1.3.5",541,ho_open,269,530,12.1133500000,245
2026-05-31,ar,RM06B,facebook,"1.3.5",541,ngdcp,179,181,5.3171500000,108
2026-05-31,ar,RM06B,facebook,"1.3.5",541,searcp,88,98,1.5812500000,45
2026-05-31,ar,RM06B,facebook,"1.3.5",541,skpcp,27,75,0.4238500000,33
2026-05-31,ar,RM06B,facebook,"1.3.5",541,splcp,160,195,2.8250000000,77
2026-05-31,ar,RM06B,facebook,"1.3.5",541,xzcp,64,183,0.9559000000,84
2026-05-31,ar,RM06B,facebook,"1.3.6",471,ALL,404,1795,40.5716500000,1023
2026-05-31,ar,RM06B,facebook,"1.3.6",471,albcp,57,63,1.1244500000,27
2026-05-31,ar,RM06B,facebook,"1.3.6",471,bkcp,62,69,0.5198500000,28
2026-05-31,ar,RM06B,facebook,"1.3.6",471,cl_open,310,368,16.2382000000,344
2026-05-31,ar,RM06B,facebook,"1.3.6",471,cscp,14,20,0.0931000000,8
2026-05-31,ar,RM06B,facebook,"1.3.6",471,ho_open,223,545,11.3691000000,267
2026-05-31,ar,RM06B,facebook,"1.3.6",471,ngdcp,166,169,4.4124500000,127
2026-05-31,ar,RM06B,facebook,"1.3.6",471,offlcp,14,14,0.0727000000,5
2026-05-31,ar,RM06B,facebook,"1.3.6",471,searcp,61,73,0.8161500000,47
2026-05-31,ar,RM06B,facebook,"1.3.6",471,skpcp,33,84,0.8032500000,29
2026-05-31,ar,RM06B,facebook,"1.3.6",471,splcp,146,211,3.7155500000,72
2026-05-31,ar,RM06B,facebook,"1.3.6",471,xzcp,69,161,1.1136500000,61
2026-05-31,ar,RM08,facebook,"1.2.4",204,ALL,172,655,16.0756037054,317
2026-05-31,ar,RM08,facebook,"1.2.4",204,ccopen,129,153,6.0316465524,123
2026-05-31,ar,RM08,facebook,"1.2.4",204,hhopen,80,183,4.6049042948,70
2026-05-31,ar,RM08,facebook,"1.2.4",204,insabb,19,21,0.3094728803,10
2026-05-31,ar,RM08,facebook,"1.2.4",204,insback,28,31,0.4588986895,6
2026-05-31,ar,RM08,facebook,"1.2.4",204,inscon,25,48,0.5966809284,21
2026-05-31,ar,RM08,facebook,"1.2.4",204,insdown,26,74,0.8787894349,24
2026-05-31,ar,RM08,facebook,"1.2.4",204,insnewgd,67,67,2.1896718277,38
2026-05-31,ar,RM08,facebook,"1.2.4",204,insplayn,22,44,0.3689499622,17
2026-05-31,ar,RM08,facebook,"1.2.4",204,inssec,17,18,0.1908978114,4
2026-05-31,bo,RM06B,facebook,"1.3.5",282,ALL,233,1407,15.5240500000,578
2026-05-31,bo,RM06B,facebook,"1.3.5",282,albcp,37,38,0.5252000000,15
2026-05-31,bo,RM06B,facebook,"1.3.5",282,bkcp,53,60,0.2814000000,16
2026-05-31,bo,RM06B,facebook,"1.3.5",282,cl_open,145,169,5.6350000000,121
2026-05-31,bo,RM06B,facebook,"1.3.5",282,ho_open,147,407,3.7972500000,162
2026-05-31,bo,RM06B,facebook,"1.3.5",282,ngdcp,114,115,2.2376000000,66
2026-05-31,bo,RM06B,facebook,"1.3.5",282,offlcp,12,13,0.0461000000,3
2026-05-31,bo,RM06B,facebook,"1.3.5",282,searcp,66,82,0.6114000000,38
2026-05-31,bo,RM06B,facebook,"1.3.5",282,skpcp,40,82,0.3596500000,18
2026-05-31,bo,RM06B,facebook,"1.3.5",282,splcp,125,195,1.3479500000,63
2026-05-31,bo,RM06B,facebook,"1.3.5",282,xzcp,60,219,0.6428000000,72
2026-05-31,bo,RM06B,facebook,"1.3.6",267,ALL,222,1240,14.1468000000,462
2026-05-31,bo,RM06B,facebook,"1.3.6",267,albcp,32,34,0.3203500000,10
2026-05-31,bo,RM06B,facebook,"1.3.6",267,bkcp,48,52,0.2390000000,16
2026-05-31,bo,RM06B,facebook,"1.3.6",267,cl_open,150,188,6.0152000000,126
2026-05-31,bo,RM06B,facebook,"1.3.6",267,cscp,10,12,0.0164000000,3
2026-05-31,bo,RM06B,facebook,"1.3.6",267,ho_open,128,345,3.2742500000,119
2026-05-31,bo,RM06B,facebook,"1.3.6",267,ngdcp,102,104,1.3821000000,51
2026-05-31,bo,RM06B,facebook,"1.3.6",267,searcp,70,82,0.5256500000,22
2026-05-31,bo,RM06B,facebook,"1.3.6",267,skpcp,42,118,0.2867000000,20
2026-05-31,bo,RM06B,facebook,"1.3.6",267,splcp,116,172,1.4378500000,55
2026-05-31,bo,RM06B,facebook,"1.3.6",267,xzcp,49,113,0.4550500000,29
2026-05-31,bo,RM08,facebook,"1.2.4",99,ALL,74,269,5.4010642222,128
2026-05-31,bo,RM08,facebook,"1.2.4",99,ccopen,40,49,1.5064741863,30
2026-05-31,bo,RM08,facebook,"1.2.4",99,hhopen,47,109,1.8906052116,47
2026-05-31,bo,RM08,facebook,"1.2.4",99,insabb,11,11,0.2472704569,2
2026-05-31,bo,RM08,facebook,"1.2.4",99,insback,16,16,0.1271543168,4
2026-05-31,bo,RM08,facebook,"1.2.4",99,inscon,14,20,0.2245822145,13
2026-05-31,bo,RM08,facebook,"1.2.4",99,insdown,12,12,0.1636716122,5
2026-05-31,bo,RM08,facebook,"1.2.4",99,insnewgd,24,24,0.6822497391,18
2026-05-31,bo,RM08,facebook,"1.2.4",99,insplayn,10,13,0.4123066241,3
2026-05-31,br,RM06B,Google Ads ACI,"1.3.4",70,ALL,41,173,5.0981500000,76
2026-05-31,br,RM06B,Google Ads ACI,"1.3.4",70,cl_open,35,39,2.2054500000,22
2026-05-31,br,RM06B,Google Ads ACI,"1.3.4",70,ho_open,22,61,1.6358500000,24
2026-05-31,br,RM06B,Google Ads ACI,"1.3.4",70,ngdcp,14,15,0.2895500000,6
2026-05-31,br,RM06B,Google Ads ACI,"1.3.4",70,searcp,11,13,0.2996500000,1
2026-05-31,br,RM06B,Google Ads ACI,"1.3.4",70,splcp,16,20,0.3161000000,4
2026-05-31,br,RM06B,Google Ads ACI,"1.3.5",587,ALL,436,3552,59.3520500000,1604
2026-05-31,br,RM06B,Google Ads ACI,"1.3.5",587,albcp,99,110,1.9509500000,55
2026-05-31,br,RM06B,Google Ads ACI,"1.3.5",587,bkcp,111,148,1.1971500000,52
2026-05-31,br,RM06B,Google Ads ACI,"1.3.5",587,cl_open,338,433,18.8885500000,306
2026-05-31,br,RM06B,Google Ads ACI,"1.3.5",587,cscp,31,42,0.2410000000,14
2026-05-31,br,RM06B,Google Ads ACI,"1.3.5",587,ho_open,287,1018,16.1663000000,463
2026-05-31,br,RM06B,Google Ads ACI,"1.3.5",587,ngdcp,237,242,5.8440000000,128
2026-05-31,br,RM06B,Google Ads ACI,"1.3.5",587,offlcp,29,31,0.2478500000,8
2026-05-31,br,RM06B,Google Ads ACI,"1.3.5",587,searcp,162,226,3.3981000000,114
2026-05-31,br,RM06B,Google Ads ACI,"1.3.5",587,secp,14,14,0.2855500000,5
2026-05-31,br,RM06B,Google Ads ACI,"1.3.5",587,skpcp,54,166,1.3055500000,55
2026-05-31,br,RM06B,Google Ads ACI,"1.3.5",587,splcp,233,451,5.4636000000,183
2026-05-31,br,RM06B,Google Ads ACI,"1.3.5",587,xzcp,115,646,4.1920000000,212
2026-05-31,br,RM06B,facebook,"1.3.5",1976,ALL,1651,7789,342.8001000000,4711
2026-05-31,br,RM06B,facebook,"1.3.5",1976,albcp,298,323,11.7833000000,196
2026-05-31,br,RM06B,facebook,"1.3.5",1976,bkcp,229,248,5.1163500000,105
2026-05-31,br,RM06B,facebook,"1.3.5",1976,cl_open,1224,1485,120.4403500000,1447
2026-05-31,br,RM06B,facebook,"1.3.5",1976,cscp,43,67,0.8276500000,25
2026-05-31,br,RM06B,facebook,"1.3.5",1976,ho_open,1007,2598,113.6812000000,1402
2026-05-31,br,RM06B,facebook,"1.3.5",1976,ngdcp,652,663,34.2682500000,498
2026-05-31,br,RM06B,facebook,"1.3.5",1976,offlcp,27,27,0.3523000000,13
2026-05-31,br,RM06B,facebook,"1.3.5",1976,rkgcp,15,15,0.6886500000,4
2026-05-31,br,RM06B,facebook,"1.3.5",1976,searcp,249,311,8.6173500000,175
2026-05-31,br,RM06B,facebook,"1.3.5",1976,secp,22,23,1.2380500000,21
2026-05-31,br,RM06B,facebook,"1.3.5",1976,skpcp,138,389,6.1980000000,174
2026-05-31,br,RM06B,facebook,"1.3.5",1976,splcp,645,866,29.3990500000,377
2026-05-31,br,RM06B,facebook,"1.3.5",1976,stccp,14,14,0.3244000000,6
2026-05-31,br,RM06B,facebook,"1.3.5",1976,xzcp,201,750,9.5989000000,263
2026-05-31,br,RM06B,unknown,"1.3.5",399,ALL,363,564,25.9879500000,63
2026-05-31,br,RM06B,unknown,"1.3.5",399,cl_open,341,355,23.5414500000,18
2026-05-31,br,RM06B,unknown,"1.3.5",399,ho_open,29,58,1.3100500000,13
2026-05-31,br,RM06B,unknown,"1.3.5",399,ngdcp,10,12,0.5407000000,3
2026-05-31,br,RM06B,unknown,"1.3.5",399,splcp,17,35,0.2334500000,1
2026-05-31,br,RM06B,Google Ads ACI,"1.3.6",519,ALL,372,2867,50.4658500000,1310
2026-05-31,br,RM06B,Google Ads ACI,"1.3.6",519,albcp,69,84,1.3866500000,28
2026-05-31,br,RM06B,Google Ads ACI,"1.3.6",519,bkcp,89,128,1.0739500000,39
2026-05-31,br,RM06B,Google Ads ACI,"1.3.6",519,cl_open,280,373,15.1043500000,255
2026-05-31,br,RM06B,Google Ads ACI,"1.3.6",519,cscp,20,25,0.0833500000,9
2026-05-31,br,RM06B,Google Ads ACI,"1.3.6",519,ho_open,246,817,13.7691500000,442
2026-05-31,br,RM06B,Google Ads ACI,"1.3.6",519,ngdcp,200,216,4.9094500000,109
2026-05-31,br,RM06B,Google Ads ACI,"1.3.6",519,offlcp,23,27,0.3328500000,9
2026-05-31,br,RM06B,Google Ads ACI,"1.3.6",519,searcp,140,180,3.4722000000,62
2026-05-31,br,RM06B,Google Ads ACI,"1.3.6",519,skpcp,49,107,1.5497500000,41
2026-05-31,br,RM06B,Google Ads ACI,"1.3.6",519,splcp,205,349,4.9123500000,125
2026-05-31,br,RM06B,Google Ads ACI,"1.3.6",519,xzcp,91,533,3.6050000000,183
2026-05-31,br,RM06B,facebook,"1.3.6",1940,ALL,1638,7892,353.3108500000,4766
2026-05-31,br,RM06B,facebook,"1.3.6",1940,albcp,284,303,11.6327000000,191
2026-05-31,br,RM06B,facebook,"1.3.6",1940,bkcp,226,256,5.3273500000,106
2026-05-31,br,RM06B,facebook,"1.3.6",1940,cl_open,1210,1429,119.8014500000,1417
2026-05-31,br,RM06B,facebook,"1.3.6",1940,cscp,47,58,1.7874000000,25
2026-05-31,br,RM06B,facebook,"1.3.6",1940,ho_open,1101,2835,118.8375000000,1527
2026-05-31,br,RM06B,facebook,"1.3.6",1940,lkcp,11,11,0.1030500000,4
2026-05-31,br,RM06B,facebook,"1.3.6",1940,ngdcp,647,658,33.4819500000,463
2026-05-31,br,RM06B,facebook,"1.3.6",1940,offlcp,25,27,0.5241500000,8
2026-05-31,br,RM06B,facebook,"1.3.6",1940,searcp,278,346,10.6780000000,183
2026-05-31,br,RM06B,facebook,"1.3.6",1940,secp,20,20,1.2369000000,10
2026-05-31,br,RM06B,facebook,"1.3.6",1940,skpcp,149,329,7.6418500000,126
2026-05-31,br,RM06B,facebook,"1.3.6",1940,splcp,674,885,31.7864000000,430
2026-05-31,br,RM06B,facebook,"1.3.6",1940,stccp,25,30,0.6505000000,13
2026-05-31,br,RM06B,facebook,"1.3.6",1940,xzcp,206,689,9.5026500000,254
2026-05-31,br,RM06B,unknown,"1.3.6",351,ALL,319,573,22.9190500000,94
2026-05-31,br,RM06B,unknown,"1.3.6",351,bkcp,10,15,0.0478500000,6
2026-05-31,br,RM06B,unknown,"1.3.6",351,cl_open,309,325,21.3091500000,20
2026-05-31,br,RM06B,unknown,"1.3.6",351,ho_open,23,83,0.8438500000,25
2026-05-31,br,RM06B,unknown,"1.3.6",351,ngdcp,16,16,0.2633000000,8
2026-05-31,br,RM06B,unknown,"1.3.6",351,searcp,11,16,0.0792000000,6
2026-05-31,br,RM06B,unknown,"1.3.6",351,splcp,15,31,0.1145500000,6
2026-05-31,br,RM08,Google Ads ACI,"1.2.4",56,ALL,47,629,7.1831904770,205
2026-05-31,br,RM08,Google Ads ACI,"1.2.4",56,ccopen,39,57,1.5908535045,23
2026-05-31,br,RM08,Google Ads ACI,"1.2.4",56,hhopen,30,106,1.8931204656,38
2026-05-31,br,RM08,Google Ads ACI,"1.2.4",56,insback,17,19,0.1489219336,4
2026-05-31,br,RM08,Google Ads ACI,"1.2.4",56,inscon,24,73,0.5166558088,21
2026-05-31,br,RM08,Google Ads ACI,"1.2.4",56,insdown,21,250,1.0885199746,70
2026-05-31,br,RM08,Google Ads ACI,"1.2.4",56,insnewgd,31,31,0.5221174575,13
2026-05-31,br,RM08,Google Ads ACI,"1.2.4",56,inssec,28,44,0.6286448855,20
2026-05-31,br,RM08,facebook,"1.2.4",1977,ALL,1694,7714,332.0913521952,4863
2026-05-31,br,RM08,facebook,"1.2.4",1977,ccopen,1322,1578,120.2379359147,1519
2026-05-31,br,RM08,facebook,"1.2.4",1977,hhopen,985,2480,98.2537825101,1382
2026-05-31,br,RM08,facebook,"1.2.4",1977,insabb,270,305,11.7605876106,208
2026-05-31,br,RM08,facebook,"1.2.4",1977,insatt,21,21,0.8891833241,10
2026-05-31,br,RM08,facebook,"1.2.4",1977,insback,188,209,3.7652607135,88
2026-05-31,br,RM08,facebook,"1.2.4",1977,inscon,266,436,9.2530845271,169
2026-05-31,br,RM08,facebook,"1.2.4",1977,insdown,322,901,17.6935458681,389
2026-05-31,br,RM08,facebook,"1.2.4",1977,inshg,23,24,0.4353822791,8
2026-05-31,br,RM08,facebook,"1.2.4",1977,insnewgd,718,725,40.4676160290,524
2026-05-31,br,RM08,facebook,"1.2.4",1977,inspa,30,30,1.2463995856,17
2026-05-31,br,RM08,facebook,"1.2.4",1977,insplayn,290,658,17.1173888108,357
2026-05-31,br,RM08,facebook,"1.2.4",1977,insrrr,10,10,0.3772794395,2
2026-05-31,br,RM08,facebook,"1.2.4",1977,inssec,226,258,8.2364145159,162
2026-05-31,br,RM08,facebook,"1.2.4",1977,inssp,56,68,2.3180665578,24
2026-05-31,br,RM08,unknown,"1.2.4",302,ALL,281,379,21.7866773719,53
2026-05-31,br,RM08,unknown,"1.2.4",302,ccopen,263,269,20.1938540879,7
2026-05-31,br,RM08,unknown,"1.2.4",302,hhopen,27,41,1.2531579251,20
2026-05-31,ci,RM06B,facebook,"1.3.5",59,ALL,46,162,2.1620500000,116
2026-05-31,ci,RM06B,facebook,"1.3.5",59,bkcp,11,13,0.1086500000,6
2026-05-31,ci,RM06B,facebook,"1.3.5",59,cl_open,31,32,0.7716000000,32
2026-05-31,ci,RM06B,facebook,"1.3.5",59,ho_open,29,46,0.5633000000,38
2026-05-31,ci,RM06B,facebook,"1.3.5",59,ngdcp,12,12,0.1506000000,7
2026-05-31,ci,RM06B,facebook,"1.3.5",59,splcp,18,19,0.2340500000,7
2026-05-31,cl,RM06B,facebook,"1.3.5",260,ALL,210,786,26.7291000000,463
2026-05-31,cl,RM06B,facebook,"1.3.5",260,albcp,25,27,0.5065500000,20
2026-05-31,cl,RM06B,facebook,"1.3.5",260,bkcp,19,20,0.2456500000,12
2026-05-31,cl,RM06B,facebook,"1.3.5",260,cl_open,167,206,11.9325000000,178
2026-05-31,cl,RM06B,facebook,"1.3.5",260,ho_open,119,250,7.0629000000,120
2026-05-31,cl,RM06B,facebook,"1.3.5",260,ngdcp,86,86,2.8418000000,55
2026-05-31,cl,RM06B,facebook,"1.3.5",260,searcp,30,32,0.5280000000,19
2026-05-31,cl,RM06B,facebook,"1.3.5",260,skpcp,13,44,0.9184500000,13
2026-05-31,cl,RM06B,facebook,"1.3.5",260,splcp,66,77,2.2846000000,31
2026-05-31,cl,RM06B,facebook,"1.3.5",260,xzcp,14,27,0.2058000000,8
2026-05-31,cl,RM06B,facebook,"1.3.6",244,ALL,217,986,30.5029500000,540
2026-05-31,cl,RM06B,facebook,"1.3.6",244,albcp,24,28,0.6353000000,10
2026-05-31,cl,RM06B,facebook,"1.3.6",244,bkcp,21,23,0.3513000000,7
2026-05-31,cl,RM06B,facebook,"1.3.6",244,cl_open,185,233,13.2569500000,226
2026-05-31,cl,RM06B,facebook,"1.3.6",244,ho_open,125,290,8.7357000000,157
2026-05-31,cl,RM06B,facebook,"1.3.6",244,ngdcp,70,75,2.8435500000,48
2026-05-31,cl,RM06B,facebook,"1.3.6",244,searcp,28,39,0.6197500000,14
2026-05-31,cl,RM06B,facebook,"1.3.6",244,skpcp,15,111,0.4068500000,28
2026-05-31,cl,RM06B,facebook,"1.3.6",244,splcp,70,87,2.6158000000,23
2026-05-31,cl,RM06B,facebook,"1.3.6",244,xzcp,31,74,0.7098500000,22
2026-05-31,cl,RM08,facebook,"1.2.4",128,ALL,101,405,13.0218450816,189
2026-05-31,cl,RM08,facebook,"1.2.4",128,ccopen,78,96,5.3240790666,78
2026-05-31,cl,RM08,facebook,"1.2.4",128,hhopen,49,110,3.6125005664,29
2026-05-31,cl,RM08,facebook,"1.2.4",128,insabb,15,17,0.4125489170,5
2026-05-31,cl,RM08,facebook,"1.2.4",128,insback,18,20,0.4911324463,6
2026-05-31,cl,RM08,facebook,"1.2.4",128,inscon,14,20,0.1961840340,5
2026-05-31,cl,RM08,facebook,"1.2.4",128,insdown,10,47,0.2184419532,7
2026-05-31,cl,RM08,facebook,"1.2.4",128,insnewgd,45,49,1.7952615100,33
2026-05-31,cl,RM08,facebook,"1.2.4",128,inssec,16,21,0.4111474769,16
2026-05-31,co,RM06B,facebook,"1.3.4",83,ALL,57,281,6.6884500000,160
2026-05-31,co,RM06B,facebook,"1.3.4",83,bkcp,18,18,0.2841500000,10
2026-05-31,co,RM06B,facebook,"1.3.4",83,cl_open,38,43,2.3414500000,32
2026-05-31,co,RM06B,facebook,"1.3.4",83,ho_open,25,76,1.5426000000,39
2026-05-31,co,RM06B,facebook,"1.3.4",83,ngdcp,27,27,1.0051500000,16
2026-05-31,co,RM06B,facebook,"1.3.4",83,searcp,18,21,0.4569500000,15
2026-05-31,co,RM06B,facebook,"1.3.4",83,splcp,26,34,0.4835500000,13
2026-05-31,co,RM06B,facebook,"1.3.4",83,xzcp,14,30,0.1688500000,15
2026-05-31,co,RM06B,Google Ads ACI,"1.3.5",143,ALL,76,572,5.4379000000,283
2026-05-31,co,RM06B,Google Ads ACI,"1.3.5",143,bkcp,16,22,0.0852000000,4
2026-05-31,co,RM06B,Google Ads ACI,"1.3.5",143,cl_open,55,70,2.1193000000,59
2026-05-31,co,RM06B,Google Ads ACI,"1.3.5",143,ho_open,44,177,1.2635000000,74
2026-05-31,co,RM06B,Google Ads ACI,"1.3.5",143,ngdcp,37,43,0.4294500000,17
2026-05-31,co,RM06B,Google Ads ACI,"1.3.5",143,searcp,26,43,0.5276000000,15
2026-05-31,co,RM06B,Google Ads ACI,"1.3.5",143,splcp,38,76,0.5234000000,58
2026-05-31,co,RM06B,Google Ads ACI,"1.3.5",143,xzcp,19,104,0.3661000000,35
2026-05-31,co,RM06B,TIKTOK,"1.3.5",67,ALL,58,346,6.6080000000,169
2026-05-31,co,RM06B,TIKTOK,"1.3.5",67,bkcp,13,13,0.2479500000,5
2026-05-31,co,RM06B,TIKTOK,"1.3.5",67,cl_open,41,66,2.3454000000,35
2026-05-31,co,RM06B,TIKTOK,"1.3.5",67,ho_open,33,81,1.2658500000,50
2026-05-31,co,RM06B,TIKTOK,"1.3.5",67,ngdcp,27,28,0.6453000000,16
2026-05-31,co,RM06B,TIKTOK,"1.3.5",67,searcp,20,26,0.4350000000,12
2026-05-31,co,RM06B,TIKTOK,"1.3.5",67,splcp,26,43,0.5173000000,12
2026-05-31,co,RM06B,TIKTOK,"1.3.5",67,xzcp,16,62,0.5734000000,25
2026-05-31,co,RM06B,facebook,"1.3.5",1619,ALL,1362,6965,158.9318000000,3958
2026-05-31,co,RM06B,facebook,"1.3.5",1619,albcp,179,218,3.8606500000,124
2026-05-31,co,RM06B,facebook,"1.3.5",1619,bkcp,217,253,2.6290500000,92
2026-05-31,co,RM06B,facebook,"1.3.5",1619,cl_open,939,1123,60.5831500000,1003
2026-05-31,co,RM06B,facebook,"1.3.5",1619,cscp,69,100,0.7407000000,44
2026-05-31,co,RM06B,facebook,"1.3.5",1619,ho_open,813,1987,41.8837000000,1053
2026-05-31,co,RM06B,facebook,"1.3.5",1619,ngdcp,562,579,17.0545500000,451
2026-05-31,co,RM06B,facebook,"1.3.5",1619,offlcp,38,42,0.4049500000,18
2026-05-31,co,RM06B,facebook,"1.3.5",1619,rkgcp,10,10,0.7719000000,8
2026-05-31,co,RM06B,facebook,"1.3.5",1619,searcp,317,390,7.2525000000,187
2026-05-31,co,RM06B,facebook,"1.3.5",1619,secp,20,20,0.2203000000,14
2026-05-31,co,RM06B,facebook,"1.3.5",1619,skpcp,138,450,3.0168500000,181
2026-05-31,co,RM06B,facebook,"1.3.5",1619,splcp,557,848,13.3237500000,392
2026-05-31,co,RM06B,facebook,"1.3.5",1619,stccp,21,21,0.2873500000,13
2026-05-31,co,RM06B,facebook,"1.3.5",1619,xzcp,249,908,6.7946000000,373
2026-05-31,co,RM06B,unknown,"1.3.5",89,ALL,71,111,3.8589000000,38
2026-05-31,co,RM06B,unknown,"1.3.5",89,cl_open,65,67,3.3080500000,8
2026-05-31,co,RM06B,Google Ads ACI,"1.3.6",150,ALL,86,813,8.6106000000,321
2026-05-31,co,RM06B,Google Ads ACI,"1.3.6",150,albcp,10,11,0.1323500000,6
2026-05-31,co,RM06B,Google Ads ACI,"1.3.6",150,bkcp,21,24,0.1113000000,7
2026-05-31,co,RM06B,Google Ads ACI,"1.3.6",150,cl_open,58,79,2.7730500000,60
2026-05-31,co,RM06B,Google Ads ACI,"1.3.6",150,cscp,12,13,0.1128500000,5
2026-05-31,co,RM06B,Google Ads ACI,"1.3.6",150,ho_open,58,212,1.8643500000,103
2026-05-31,co,RM06B,Google Ads ACI,"1.3.6",150,ngdcp,36,36,0.7717000000,19
2026-05-31,co,RM06B,Google Ads ACI,"1.3.6",150,searcp,41,50,0.8378000000,20
2026-05-31,co,RM06B,Google Ads ACI,"1.3.6",150,skpcp,12,75,0.3672500000,35
2026-05-31,co,RM06B,Google Ads ACI,"1.3.6",150,splcp,42,92,0.7900000000,33
2026-05-31,co,RM06B,Google Ads ACI,"1.3.6",150,xzcp,26,209,0.7721000000,32
2026-05-31,co,RM06B,TIKTOK,"1.3.6",52,ALL,41,227,5.0282500000,146
2026-05-31,co,RM06B,TIKTOK,"1.3.6",52,bkcp,11,11,0.1950000000,1
2026-05-31,co,RM06B,TIKTOK,"1.3.6",52,cl_open,29,30,1.6905000000,34
2026-05-31,co,RM06B,TIKTOK,"1.3.6",52,ho_open,23,62,1.0035500000,37
2026-05-31,co,RM06B,TIKTOK,"1.3.6",52,ngdcp,25,25,0.8024500000,22
2026-05-31,co,RM06B,TIKTOK,"1.3.6",52,searcp,18,21,0.5279000000,7
2026-05-31,co,RM06B,TIKTOK,"1.3.6",52,splcp,21,26,0.2686000000,15
2026-05-31,co,RM06B,TIKTOK,"1.3.6",52,xzcp,12,30,0.1295000000,11
2026-05-31,co,RM06B,facebook,"1.3.6",1578,ALL,1331,7020,160.0320000000,3940
2026-05-31,co,RM06B,facebook,"1.3.6",1578,albcp,191,205,4.1346500000,131
2026-05-31,co,RM06B,facebook,"1.3.6",1578,bkcp,263,279,4.5036500000,89
2026-05-31,co,RM06B,facebook,"1.3.6",1578,cl_open,971,1132,60.9300000000,1011
2026-05-31,co,RM06B,facebook,"1.3.6",1578,cscp,59,93,0.6876500000,40
2026-05-31,co,RM06B,facebook,"1.3.6",1578,ho_open,747,1767,37.2634000000,933
2026-05-31,co,RM06B,facebook,"1.3.6",1578,ngdcp,564,576,17.2937000000,444
2026-05-31,co,RM06B,facebook,"1.3.6",1578,offlcp,37,39,0.3210500000,19
2026-05-31,co,RM06B,facebook,"1.3.6",1578,rkgcp,11,11,0.1752000000,4
2026-05-31,co,RM06B,facebook,"1.3.6",1578,searcp,320,423,7.3342500000,208
2026-05-31,co,RM06B,facebook,"1.3.6",1578,secp,28,28,0.6672500000,13
2026-05-31,co,RM06B,facebook,"1.3.6",1578,skpcp,133,421,4.1510500000,173
2026-05-31,co,RM06B,facebook,"1.3.6",1578,splcp,585,905,15.9616500000,472
2026-05-31,co,RM06B,facebook,"1.3.6",1578,stccp,20,22,0.3155500000,8
2026-05-31,co,RM06B,facebook,"1.3.6",1578,xzcp,246,1109,6.2289000000,390
2026-05-31,co,RM06B,unknown,"1.3.6",80,ALL,62,103,2.4685500000,30
2026-05-31,co,RM06B,unknown,"1.3.6",80,cl_open,58,60,2.3441000000,8
2026-05-31,co,RM08,Google Ads ACI,"1.2.4",51,ALL,43,507,3.1114808148,155
2026-05-31,co,RM08,Google Ads ACI,"1.2.4",51,ccopen,29,39,0.5725896228,22
2026-05-31,co,RM08,Google Ads ACI,"1.2.4",51,hhopen,30,109,0.9898093315,46
2026-05-31,co,RM08,Google Ads ACI,"1.2.4",51,insback,17,21,0.0790111170,3
2026-05-31,co,RM08,Google Ads ACI,"1.2.4",51,inscon,18,37,0.1811748663,10
2026-05-31,co,RM08,Google Ads ACI,"1.2.4",51,insdown,21,167,0.3779388756,25
2026-05-31,co,RM08,Google Ads ACI,"1.2.4",51,insnewgd,22,24,0.3138277961,13
2026-05-31,co,RM08,Google Ads ACI,"1.2.4",51,insplayn,10,28,0.1791618996,10
2026-05-31,co,RM08,Google Ads ACI,"1.2.4",51,inssec,24,50,0.2659359275,9
2026-05-31,co,RM08,facebook,"1.2.4",378,ALL,299,1209,28.7738319561,761
2026-05-31,co,RM08,facebook,"1.2.4",378,ccopen,208,243,9.7017292025,248
2026-05-31,co,RM08,facebook,"1.2.4",378,hhopen,154,331,8.1057658453,181
2026-05-31,co,RM08,facebook,"1.2.4",378,insabb,59,67,1.3840418381,48
2026-05-31,co,RM08,facebook,"1.2.4",378,insback,47,55,0.7292879731,11
2026-05-31,co,RM08,facebook,"1.2.4",378,inscon,44,80,0.8663567051,31
2026-05-31,co,RM08,facebook,"1.2.4",378,insdown,48,140,1.1195369277,69
2026-05-31,co,RM08,facebook,"1.2.4",378,insnewgd,118,118,3.9620750133,92
2026-05-31,co,RM08,facebook,"1.2.4",378,insplayn,44,98,2.0371423876,45
2026-05-31,co,RM08,facebook,"1.2.4",378,inssec,39,46,0.5501698804,24
2026-05-31,co,RM08,facebook,"1.2.4",378,inssp,11,17,0.0759173941,6
2026-05-31,co,RM08,unknown,"1.2.4",101,ALL,82,108,2.7532364876,12
2026-05-31,co,RM08,unknown,"1.2.4",101,ccopen,75,77,2.4875728940,3
2026-05-31,co,RM08,unknown,"1.2.4",101,hhopen,15,27,0.2083179445,6
2026-05-31,cr,RM06B,facebook,"1.3.5",144,ALL,121,561,22.7575500000,258
2026-05-31,cr,RM06B,facebook,"1.3.5",144,albcp,16,16,0.2137500000,5
2026-05-31,cr,RM06B,facebook,"1.3.5",144,bkcp,13,14,0.3067000000,5
2026-05-31,cr,RM06B,facebook,"1.3.5",144,cl_open,97,109,8.6949500000,88
2026-05-31,cr,RM06B,facebook,"1.3.5",144,ho_open,69,166,8.1723000000,66
2026-05-31,cr,RM06B,facebook,"1.3.5",144,ngdcp,47,48,1.8463000000,26
2026-05-31,cr,RM06B,facebook,"1.3.5",144,searcp,16,20,0.5618500000,10
2026-05-31,cr,RM06B,facebook,"1.3.5",144,skpcp,11,40,0.2922000000,7
2026-05-31,cr,RM06B,facebook,"1.3.5",144,splcp,41,50,1.7094000000,25
2026-05-31,cr,RM06B,facebook,"1.3.5",144,xzcp,21,88,0.8569500000,22
2026-05-31,cr,RM06B,facebook,"1.3.6",111,ALL,97,463,14.3611500000,211
2026-05-31,cr,RM06B,facebook,"1.3.6",111,albcp,12,12,0.3641000000,8
2026-05-31,cr,RM06B,facebook,"1.3.6",111,bkcp,16,16,0.2410500000,10
2026-05-31,cr,RM06B,facebook,"1.3.6",111,cl_open,78,86,6.5586000000,67
2026-05-31,cr,RM06B,facebook,"1.3.6",111,ho_open,51,128,3.2734000000,44
2026-05-31,cr,RM06B,facebook,"1.3.6",111,ngdcp,36,37,1.4463500000,33
2026-05-31,cr,RM06B,facebook,"1.3.6",111,searcp,20,25,0.7279500000,11
2026-05-31,cr,RM06B,facebook,"1.3.6",111,splcp,35,54,1.0422500000,14
2026-05-31,do,RM06B,facebook,"1.3.5",116,ALL,96,409,9.4230000000,193
2026-05-31,do,RM06B,facebook,"1.3.5",116,bkcp,14,15,0.1775000000,6
2026-05-31,do,RM06B,facebook,"1.3.5",116,cl_open,72,83,3.5466500000,62
2026-05-31,do,RM06B,facebook,"1.3.5",116,ho_open,55,139,2.7402000000,59
2026-05-31,do,RM06B,facebook,"1.3.5",116,ngdcp,40,41,1.1835500000,25
2026-05-31,do,RM06B,facebook,"1.3.5",116,searcp,17,24,0.3937000000,9
2026-05-31,do,RM06B,facebook,"1.3.5",116,splcp,38,45,0.7911000000,16
2026-05-31,do,RM06B,facebook,"1.3.5",116,xzcp,16,34,0.0947000000,3
2026-05-31,do,RM06B,Google Ads ACI,"1.3.6",50,ALL,30,183,1.5746000000,77
2026-05-31,do,RM06B,Google Ads ACI,"1.3.6",50,cl_open,20,21,0.5605500000,10
2026-05-31,do,RM06B,Google Ads ACI,"1.3.6",50,ho_open,16,67,0.4829000000,21
2026-05-31,do,RM06B,Google Ads ACI,"1.3.6",50,ngdcp,12,15,0.1096000000,12
2026-05-31,do,RM06B,Google Ads ACI,"1.3.6",50,searcp,10,15,0.1619500000,8
2026-05-31,do,RM06B,Google Ads ACI,"1.3.6",50,splcp,11,36,0.1377000000,9
2026-05-31,do,RM06B,facebook,"1.3.6",135,ALL,102,616,12.2186500000,326
2026-05-31,do,RM06B,facebook,"1.3.6",135,albcp,14,15,0.1404500000,8
2026-05-31,do,RM06B,facebook,"1.3.6",135,bkcp,18,20,0.1563000000,6
2026-05-31,do,RM06B,facebook,"1.3.6",135,cl_open,72,84,4.0980000000,80
2026-05-31,do,RM06B,facebook,"1.3.6",135,ho_open,65,205,4.1621000000,88
2026-05-31,do,RM06B,facebook,"1.3.6",135,ngdcp,43,43,1.4964500000,32
2026-05-31,do,RM06B,facebook,"1.3.6",135,searcp,18,32,0.4285500000,14
2026-05-31,do,RM06B,facebook,"1.3.6",135,splcp,48,81,1.0704500000,50
2026-05-31,do,RM06B,facebook,"1.3.6",135,xzcp,19,91,0.4936000000,37
2026-05-31,do,RM08,facebook,"1.2.4",59,ALL,48,157,3.8144405233,92
2026-05-31,do,RM08,facebook,"1.2.4",59,ccopen,32,37,1.3143064008,30
2026-05-31,do,RM08,facebook,"1.2.4",59,hhopen,24,52,1.2015348554,22
2026-05-31,do,RM08,facebook,"1.2.4",59,insnewgd,16,18,0.3991422641,16
2026-05-31,ec,RM06B,facebook,"1.3.5",238,ALL,190,1226,18.2935000000,509
2026-05-31,ec,RM06B,facebook,"1.3.5",238,albcp,28,32,0.6584000000,10
2026-05-31,ec,RM06B,facebook,"1.3.5",238,bkcp,41,44,0.2324500000,18
2026-05-31,ec,RM06B,facebook,"1.3.5",238,cl_open,139,163,6.4569500000,138
2026-05-31,ec,RM06B,facebook,"1.3.5",238,cscp,13,17,0.0340000000,3
2026-05-31,ec,RM06B,facebook,"1.3.5",238,ho_open,104,243,4.3649000000,91
2026-05-31,ec,RM06B,facebook,"1.3.5",238,ngdcp,90,103,2.3148500000,68
2026-05-31,ec,RM06B,facebook,"1.3.5",238,searcp,51,65,0.6575000000,25
2026-05-31,ec,RM06B,facebook,"1.3.5",238,skpcp,28,132,0.4727000000,34
2026-05-31,ec,RM06B,facebook,"1.3.5",238,splcp,97,138,1.6278000000,46
2026-05-31,ec,RM06B,facebook,"1.3.5",238,xzcp,43,264,1.3118000000,68
2026-05-31,ec,RM06B,facebook,"1.3.6",266,ALL,225,1320,21.6035500000,650
2026-05-31,ec,RM06B,facebook,"1.3.6",266,albcp,33,37,0.2379500000,12
2026-05-31,ec,RM06B,facebook,"1.3.6",266,bkcp,48,60,0.5248500000,17
2026-05-31,ec,RM06B,facebook,"1.3.6",266,cl_open,182,208,8.0058000000,177
2026-05-31,ec,RM06B,facebook,"1.3.6",266,cscp,11,14,0.2755000000,3
2026-05-31,ec,RM06B,facebook,"1.3.6",266,ho_open,133,335,4.3377500000,136
2026-05-31,ec,RM06B,facebook,"1.3.6",266,ngdcp,103,106,2.2739000000,75
2026-05-31,ec,RM06B,facebook,"1.3.6",266,offlcp,14,14,0.0662000000,5
2026-05-31,ec,RM06B,facebook,"1.3.6",266,searcp,58,81,0.8323500000,27
2026-05-31,ec,RM06B,facebook,"1.3.6",266,skpcp,31,72,0.7074000000,33
2026-05-31,ec,RM06B,facebook,"1.3.6",266,splcp,111,177,2.4931000000,76
2026-05-31,ec,RM06B,facebook,"1.3.6",266,xzcp,56,199,1.6185000000,78
2026-05-31,ec,RM08,facebook,"1.2.4",61,ALL,51,183,3.5783856595,133
2026-05-31,ec,RM08,facebook,"1.2.4",61,ccopen,43,49,1.4391072948,53
2026-05-31,ec,RM08,facebook,"1.2.4",61,hhopen,27,60,1.2921177658,32
2026-05-31,ec,RM08,facebook,"1.2.4",61,insnewgd,12,12,0.2229199527,7
2026-05-31,es,RM06B,facebook,"1.3.5",180,ALL,146,645,52.6827500000,337
2026-05-31,es,RM06B,facebook,"1.3.5",180,albcp,19,19,1.9631500000,8
2026-05-31,es,RM06B,facebook,"1.3.5",180,bkcp,24,24,0.8729000000,8
2026-05-31,es,RM06B,facebook,"1.3.5",180,cl_open,107,134,18.1062000000,99
2026-05-31,es,RM06B,facebook,"1.3.5",180,ho_open,86,190,12.5621500000,90
2026-05-31,es,RM06B,facebook,"1.3.5",180,ngdcp,59,59,5.1582500000,32
2026-05-31,es,RM06B,facebook,"1.3.5",180,searcp,34,40,2.3247500000,16
2026-05-31,es,RM06B,facebook,"1.3.5",180,skpcp,13,27,1.7230000000,12
2026-05-31,es,RM06B,facebook,"1.3.5",180,splcp,67,80,4.8329500000,35
2026-05-31,es,RM06B,facebook,"1.3.5",180,xzcp,21,51,2.7357500000,27
2026-05-31,es,RM06B,facebook,"1.3.6",188,ALL,146,890,54.2125000000,381
2026-05-31,es,RM06B,facebook,"1.3.6",188,albcp,12,20,0.6895000000,9
2026-05-31,es,RM06B,facebook,"1.3.6",188,bkcp,24,34,1.8547500000,11
2026-05-31,es,RM06B,facebook,"1.3.6",188,cl_open,103,116,18.0689000000,95
2026-05-31,es,RM06B,facebook,"1.3.6",188,ho_open,73,214,14.8192500000,99
2026-05-31,es,RM06B,facebook,"1.3.6",188,ngdcp,54,54,4.5871000000,37
2026-05-31,es,RM06B,facebook,"1.3.6",188,searcp,35,58,3.0891000000,20
2026-05-31,es,RM06B,facebook,"1.3.6",188,skpcp,10,101,0.8809500000,13
2026-05-31,es,RM06B,facebook,"1.3.6",188,splcp,67,156,6.4978000000,49
2026-05-31,es,RM06B,facebook,"1.3.6",188,stccp,12,13,1.0437500000,10
2026-05-31,es,RM06B,facebook,"1.3.6",188,xzcp,24,95,1.8908500000,32
2026-05-31,gh,RM06B,facebook,"1.3.5",166,ALL,136,932,13.8312000000,451
2026-05-31,gh,RM06B,facebook,"1.3.5",166,albcp,34,39,0.7194500000,25
2026-05-31,gh,RM06B,facebook,"1.3.5",166,bkcp,32,43,0.4177500000,16
2026-05-31,gh,RM06B,facebook,"1.3.5",166,cl_open,91,97,3.5190500000,98
2026-05-31,gh,RM06B,facebook,"1.3.5",166,ho_open,83,201,3.5540500000,84
2026-05-31,gh,RM06B,facebook,"1.3.5",166,ngdcp,57,57,1.3019000000,52
2026-05-31,gh,RM06B,facebook,"1.3.5",166,searcp,23,31,0.4666500000,12
2026-05-31,gh,RM06B,facebook,"1.3.5",166,skpcp,14,19,0.1630000000,6
2026-05-31,gh,RM06B,facebook,"1.3.5",166,splcp,70,163,1.8935000000,63
2026-05-31,gh,RM06B,facebook,"1.3.5",166,xzcp,46,245,1.6630000000,81
2026-05-31,gh,RM06B,facebook,"1.3.6",194,ALL,167,1019,14.3465500000,522
2026-05-31,gh,RM06B,facebook,"1.3.6",194,albcp,38,44,0.6345500000,33
2026-05-31,gh,RM06B,facebook,"1.3.6",194,bkcp,31,36,0.3146500000,14
2026-05-31,gh,RM06B,facebook,"1.3.6",194,cl_open,103,113,4.3754500000,124
2026-05-31,gh,RM06B,facebook,"1.3.6",194,cscp,14,17,0.2252000000,6
2026-05-31,gh,RM06B,facebook,"1.3.6",194,ho_open,87,221,2.8461000000,112
2026-05-31,gh,RM06B,facebook,"1.3.6",194,ngdcp,61,65,1.4396500000,47
2026-05-31,gh,RM06B,facebook,"1.3.6",194,searcp,36,42,0.4834000000,28
2026-05-31,gh,RM06B,facebook,"1.3.6",194,skpcp,19,47,0.2755500000,13
2026-05-31,gh,RM06B,facebook,"1.3.6",194,splcp,78,128,1.7647500000,59
2026-05-31,gh,RM06B,facebook,"1.3.6",194,xzcp,54,289,1.7014500000,72
2026-05-31,gt,RM06B,Google Ads ACI,"1.3.5",66,ALL,40,400,2.6845000000,148
2026-05-31,gt,RM06B,Google Ads ACI,"1.3.5",66,cl_open,27,29,1.0014500000,29
2026-05-31,gt,RM06B,Google Ads ACI,"1.3.5",66,ho_open,29,123,0.6659000000,43
2026-05-31,gt,RM06B,Google Ads ACI,"1.3.5",66,ngdcp,19,20,0.2253000000,7
2026-05-31,gt,RM06B,Google Ads ACI,"1.3.5",66,searcp,22,28,0.1905000000,8
2026-05-31,gt,RM06B,Google Ads ACI,"1.3.5",66,skpcp,11,30,0.0346500000,9
2026-05-31,gt,RM06B,Google Ads ACI,"1.3.5",66,splcp,27,57,0.2210000000,12
2026-05-31,gt,RM06B,Google Ads ACI,"1.3.5",66,xzcp,13,86,0.2579000000,28
2026-05-31,gt,RM06B,facebook,"1.3.5",425,ALL,360,2389,29.8868500000,1128
2026-05-31,gt,RM06B,facebook,"1.3.5",425,albcp,30,32,0.2276500000,13
2026-05-31,gt,RM06B,facebook,"1.3.5",425,bkcp,77,99,0.5505000000,20
2026-05-31,gt,RM06B,facebook,"1.3.5",425,cl_open,261,318,11.2860000000,286
2026-05-31,gt,RM06B,facebook,"1.3.5",425,cscp,26,37,0.1787500000,2
2026-05-31,gt,RM06B,facebook,"1.3.5",425,ho_open,233,705,8.7479500000,315
2026-05-31,gt,RM06B,facebook,"1.3.5",425,ngdcp,169,170,2.6023500000,146
2026-05-31,gt,RM06B,facebook,"1.3.5",425,offlcp,20,25,0.0361500000,4
2026-05-31,gt,RM06B,facebook,"1.3.5",425,searcp,123,155,1.0967500000,73
2026-05-31,gt,RM06B,facebook,"1.3.5",425,secp,15,15,0.1262500000,6
2026-05-31,gt,RM06B,facebook,"1.3.5",425,skpcp,64,178,0.7856000000,54
2026-05-31,gt,RM06B,facebook,"1.3.5",425,splcp,199,316,2.8217000000,106
2026-05-31,gt,RM06B,facebook,"1.3.5",425,xzcp,101,323,1.3651500000,100
2026-05-31,gt,RM06B,Google Ads ACI,"1.3.6",85,ALL,62,520,4.7917000000,193
2026-05-31,gt,RM06B,Google Ads ACI,"1.3.6",85,bkcp,22,26,0.0255500000,7
2026-05-31,gt,RM06B,Google Ads ACI,"1.3.6",85,cl_open,47,61,1.2952500000,30
2026-05-31,gt,RM06B,Google Ads ACI,"1.3.6",85,ho_open,36,111,0.4965500000,48
2026-05-31,gt,RM06B,Google Ads ACI,"1.3.6",85,ngdcp,28,30,0.2308500000,17
2026-05-31,gt,RM06B,Google Ads ACI,"1.3.6",85,searcp,33,39,0.4105500000,14
2026-05-31,gt,RM06B,Google Ads ACI,"1.3.6",85,splcp,39,93,0.3884000000,23
2026-05-31,gt,RM06B,Google Ads ACI,"1.3.6",85,xzcp,23,105,1.7743000000,37
2026-05-31,gt,RM06B,facebook,"1.3.6",430,ALL,363,2534,36.3109000000,1278
2026-05-31,gt,RM06B,facebook,"1.3.6",430,albcp,51,60,0.4389000000,24
2026-05-31,gt,RM06B,facebook,"1.3.6",430,bkcp,84,98,0.5373500000,20
2026-05-31,gt,RM06B,facebook,"1.3.6",430,cl_open,271,324,12.1683000000,334
2026-05-31,gt,RM06B,facebook,"1.3.6",430,cscp,27,37,0.0843500000,11
2026-05-31,gt,RM06B,facebook,"1.3.6",430,ho_open,238,758,10.1429000000,319
2026-05-31,gt,RM06B,facebook,"1.3.6",430,ngdcp,190,195,3.4867000000,149
2026-05-31,gt,RM06B,facebook,"1.3.6",430,offlcp,12,12,0.0536000000,3
2026-05-31,gt,RM06B,facebook,"1.3.6",430,searcp,135,167,2.3093000000,94
2026-05-31,gt,RM06B,facebook,"1.3.6",430,secp,18,18,0.1822000000,19
2026-05-31,gt,RM06B,facebook,"1.3.6",430,skpcp,64,240,1.4541500000,76
2026-05-31,gt,RM06B,facebook,"1.3.6",430,splcp,216,348,3.7334500000,125
2026-05-31,gt,RM06B,facebook,"1.3.6",430,xzcp,88,264,1.6192500000,101
2026-05-31,hk,RM08,facebook,"1.2.4",130,ALL,116,746,36.1696287229,199
2026-05-31,hk,RM08,facebook,"1.2.4",130,ccopen,97,112,13.1548994899,71
2026-05-31,hk,RM08,facebook,"1.2.4",130,hhopen,71,180,9.0504331907,29
2026-05-31,hk,RM08,facebook,"1.2.4",130,insabb,33,56,2.5498304984,13
2026-05-31,hk,RM08,facebook,"1.2.4",130,insback,21,23,0.7248468708,5
2026-05-31,hk,RM08,facebook,"1.2.4",130,inscon,19,36,1.1795793334,9
2026-05-31,hk,RM08,facebook,"1.2.4",130,insdown,32,218,3.2803782426,29
2026-05-31,hk,RM08,facebook,"1.2.4",130,insnewgd,58,59,4.5185173130,23
2026-05-31,hk,RM08,facebook,"1.2.4",130,inssec,19,19,0.4833670441,7
2026-05-31,hn,RM06B,facebook,"1.3.5",270,ALL,237,1718,16.9758500000,657
2026-05-31,hn,RM06B,facebook,"1.3.5",270,albcp,28,30,0.2776500000,11
2026-05-31,hn,RM06B,facebook,"1.3.5",270,bkcp,38,43,0.3042500000,11
2026-05-31,hn,RM06B,facebook,"1.3.5",270,cl_open,170,189,6.2420500000,168
2026-05-31,hn,RM06B,facebook,"1.3.5",270,cscp,15,17,0.0558500000,5
2026-05-31,hn,RM06B,facebook,"1.3.5",270,ho_open,139,405,4.4872500000,151
2026-05-31,hn,RM06B,facebook,"1.3.5",270,ngdcp,101,101,1.6145500000,79
2026-05-31,hn,RM06B,facebook,"1.3.5",270,offlcp,14,15,0.0465500000,3
2026-05-31,hn,RM06B,facebook,"1.3.5",270,searcp,65,104,0.5816000000,33
2026-05-31,hn,RM06B,facebook,"1.3.5",270,skpcp,42,166,0.3696000000,29
2026-05-31,hn,RM06B,facebook,"1.3.5",270,splcp,124,196,1.8414000000,57
2026-05-31,hn,RM06B,facebook,"1.3.5",270,xzcp,78,434,0.9666000000,103
2026-05-31,hn,RM06B,facebook,"1.3.6",270,ALL,226,1382,18.2526000000,668
2026-05-31,hn,RM06B,facebook,"1.3.6",270,albcp,27,30,0.4972000000,14
2026-05-31,hn,RM06B,facebook,"1.3.6",270,bkcp,35,38,0.3970000000,11
2026-05-31,hn,RM06B,facebook,"1.3.6",270,cl_open,151,179,6.1900500000,177
2026-05-31,hn,RM06B,facebook,"1.3.6",270,cscp,12,13,0.0355500000,2
2026-05-31,hn,RM06B,facebook,"1.3.6",270,ho_open,122,339,4.2869000000,157
2026-05-31,hn,RM06B,facebook,"1.3.6",270,ngdcp,119,120,2.1574500000,85
2026-05-31,hn,RM06B,facebook,"1.3.6",270,searcp,65,77,0.8017500000,56
2026-05-31,hn,RM06B,facebook,"1.3.6",270,skpcp,35,88,0.4174000000,26
2026-05-31,hn,RM06B,facebook,"1.3.6",270,splcp,117,202,2.4420500000,70
2026-05-31,hn,RM06B,facebook,"1.3.6",270,xzcp,69,273,0.9338000000,59
2026-05-31,id,RM06B,Google Ads ACI,"1.3.5",1615,ALL,1322,10018,54.5274000000,5462
2026-05-31,id,RM06B,Google Ads ACI,"1.3.5",1615,albcp,207,234,0.9784500000,125
2026-05-31,id,RM06B,Google Ads ACI,"1.3.5",1615,bkcp,399,501,1.8801500000,225
2026-05-31,id,RM06B,Google Ads ACI,"1.3.5",1615,cl_open,751,912,11.4069000000,785
2026-05-31,id,RM06B,Google Ads ACI,"1.3.5",1615,cscp,144,194,0.7411000000,83
2026-05-31,id,RM06B,Google Ads ACI,"1.3.5",1615,ho_open,852,2649,15.9155500000,1495
2026-05-31,id,RM06B,Google Ads ACI,"1.3.5",1615,lkcp,10,10,0.0129000000,7
2026-05-31,id,RM06B,Google Ads ACI,"1.3.5",1615,ngdcp,615,634,4.8736500000,507
2026-05-31,id,RM06B,Google Ads ACI,"1.3.5",1615,offlcp,107,121,0.2608500000,68
2026-05-31,id,RM06B,Google Ads ACI,"1.3.5",1615,rkgcp,13,13,0.3470000000,15
2026-05-31,id,RM06B,Google Ads ACI,"1.3.5",1615,searcp,522,741,3.8121000000,395
2026-05-31,id,RM06B,Google Ads ACI,"1.3.5",1615,secp,30,30,0.2229000000,24
2026-05-31,id,RM06B,Google Ads ACI,"1.3.5",1615,skpcp,107,254,0.8749000000,105
2026-05-31,id,RM06B,Google Ads ACI,"1.3.5",1615,splcp,725,1358,5.4397000000,643
2026-05-31,id,RM06B,Google Ads ACI,"1.3.5",1615,stccp,27,29,0.1441500000,14
2026-05-31,id,RM06B,Google Ads ACI,"1.3.5",1615,xzcp,460,2332,7.6045000000,969
2026-05-31,id,RM06B,facebook,"1.3.5",215,ALL,172,970,10.2157000000,580
2026-05-31,id,RM06B,facebook,"1.3.5",215,albcp,29,33,0.3021500000,16
2026-05-31,id,RM06B,facebook,"1.3.5",215,bkcp,30,43,0.2037500000,17
2026-05-31,id,RM06B,facebook,"1.3.5",215,cl_open,83,96,2.4441000000,105
2026-05-31,id,RM06B,facebook,"1.3.5",215,ho_open,126,328,3.6292000000,217
2026-05-31,id,RM06B,facebook,"1.3.5",215,ngdcp,71,72,1.4609000000,59
2026-05-31,id,RM06B,facebook,"1.3.5",215,searcp,44,59,0.4779500000,41
2026-05-31,id,RM06B,facebook,"1.3.5",215,skpcp,13,27,0.1726500000,12
2026-05-31,id,RM06B,facebook,"1.3.5",215,splcp,76,132,0.8610000000,72
2026-05-31,id,RM06B,facebook,"1.3.5",215,xzcp,28,149,0.4059000000,30
2026-05-31,id,RM06B,unknown,"1.3.5",311,ALL,211,898,2.9155000000,353
2026-05-31,id,RM06B,unknown,"1.3.5",311,albcp,16,19,0.0566500000,11
2026-05-31,id,RM06B,unknown,"1.3.5",311,bkcp,28,48,0.0650500000,13
2026-05-31,id,RM06B,unknown,"1.3.5",311,cl_open,168,206,1.5224000000,69
2026-05-31,id,RM06B,unknown,"1.3.5",311,ho_open,62,173,0.4846500000,70
2026-05-31,id,RM06B,unknown,"1.3.5",311,ngdcp,30,30,0.0996500000,16
2026-05-31,id,RM06B,unknown,"1.3.5",311,searcp,33,67,0.1653500000,24
2026-05-31,id,RM06B,unknown,"1.3.5",311,splcp,49,92,0.1658000000,38
2026-05-31,id,RM06B,unknown,"1.3.5",311,xzcp,21,230,0.3066000000,102
2026-05-31,id,RM06B,Google Ads ACI,"1.3.6",1574,ALL,1276,10258,54.3836000000,5534
2026-05-31,id,RM06B,Google Ads ACI,"1.3.6",1574,albcp,220,240,1.5545500000,156
2026-05-31,id,RM06B,Google Ads ACI,"1.3.6",1574,bkcp,402,506,1.8479500000,184
2026-05-31,id,RM06B,Google Ads ACI,"1.3.6",1574,cl_open,760,949,11.4800500000,874
2026-05-31,id,RM06B,Google Ads ACI,"1.3.6",1574,cscp,143,199,0.8155000000,82
2026-05-31,id,RM06B,Google Ads ACI,"1.3.6",1574,ho_open,795,2595,14.5366500000,1449
2026-05-31,id,RM06B,Google Ads ACI,"1.3.6",1574,lkcp,14,14,0.0343500000,10
2026-05-31,id,RM06B,Google Ads ACI,"1.3.6",1574,ngdcp,585,609,5.6250000000,448
2026-05-31,id,RM06B,Google Ads ACI,"1.3.6",1574,offlcp,131,140,0.5001500000,58
2026-05-31,id,RM06B,Google Ads ACI,"1.3.6",1574,rkgcp,21,21,0.0647000000,11
2026-05-31,id,RM06B,Google Ads ACI,"1.3.6",1574,searcp,502,682,3.5271500000,339
2026-05-31,id,RM06B,Google Ads ACI,"1.3.6",1574,secp,39,39,0.3436000000,22
2026-05-31,id,RM06B,Google Ads ACI,"1.3.6",1574,skpcp,111,295,0.8639000000,117
2026-05-31,id,RM06B,Google Ads ACI,"1.3.6",1574,splcp,713,1382,6.0135000000,664
2026-05-31,id,RM06B,Google Ads ACI,"1.3.6",1574,stccp,24,26,0.2548000000,24
2026-05-31,id,RM06B,Google Ads ACI,"1.3.6",1574,xzcp,479,2550,6.8945500000,1093
2026-05-31,id,RM06B,facebook,"1.3.6",222,ALL,170,1238,11.7311500000,689
2026-05-31,id,RM06B,facebook,"1.3.6",222,albcp,37,39,0.2708500000,19
2026-05-31,id,RM06B,facebook,"1.3.6",222,bkcp,47,55,0.2594500000,17
2026-05-31,id,RM06B,facebook,"1.3.6",222,cl_open,95,120,2.9674000000,129
2026-05-31,id,RM06B,facebook,"1.3.6",222,ho_open,121,360,3.5237000000,197
2026-05-31,id,RM06B,facebook,"1.3.6",222,ngdcp,75,75,1.3722500000,69
2026-05-31,id,RM06B,facebook,"1.3.6",222,searcp,60,78,0.5745000000,50
2026-05-31,id,RM06B,facebook,"1.3.6",222,skpcp,21,40,0.1679500000,20
2026-05-31,id,RM06B,facebook,"1.3.6",222,splcp,88,152,1.5409500000,65
2026-05-31,id,RM06B,facebook,"1.3.6",222,xzcp,38,294,0.9446500000,114
2026-05-31,id,RM06B,unknown,"1.3.6",293,ALL,177,692,2.6251000000,184
2026-05-31,id,RM06B,unknown,"1.3.6",293,bkcp,21,22,0.1231000000,7
2026-05-31,id,RM06B,unknown,"1.3.6",293,cl_open,143,167,1.7290500000,44
2026-05-31,id,RM06B,unknown,"1.3.6",293,ho_open,46,158,0.3973000000,62
2026-05-31,id,RM06B,unknown,"1.3.6",293,ngdcp,27,27,0.1116500000,13
2026-05-31,id,RM06B,unknown,"1.3.6",293,searcp,26,37,0.0480500000,9
2026-05-31,id,RM06B,unknown,"1.3.6",293,splcp,39,68,0.0997000000,21
2026-05-31,id,RM06B,unknown,"1.3.6",293,xzcp,16,183,0.0891500000,18
2026-05-31,id,RM08,Google Ads ACI,"1.2.4",68,ALL,60,630,3.8197237958,226
2026-05-31,id,RM08,Google Ads ACI,"1.2.4",68,ccopen,41,48,0.6961572505,25
2026-05-31,id,RM08,Google Ads ACI,"1.2.4",68,hhopen,33,106,0.7800594862,51
2026-05-31,id,RM08,Google Ads ACI,"1.2.4",68,insback,33,39,0.2444983514,16
2026-05-31,id,RM08,Google Ads ACI,"1.2.4",68,inscon,30,68,0.3121954420,21
2026-05-31,id,RM08,Google Ads ACI,"1.2.4",68,insdown,39,218,0.7576035530,67
2026-05-31,id,RM08,Google Ads ACI,"1.2.4",68,inshg,10,11,0.1512286368,3
2026-05-31,id,RM08,Google Ads ACI,"1.2.4",68,insnewgd,29,32,0.2214302177,10
2026-05-31,id,RM08,Google Ads ACI,"1.2.4",68,inssec,38,55,0.3712878840,11
2026-05-31,id,RM08,Google Ads ACI,"1.2.4",68,inssp,15,27,0.1027707167,10
2026-05-31,id,RM08,facebook,"1.2.4",173,ALL,135,740,10.4781811144,430
2026-05-31,id,RM08,facebook,"1.2.4",173,ccopen,74,83,2.4644283114,82
2026-05-31,id,RM08,facebook,"1.2.4",173,hhopen,77,170,3.4389363407,98
2026-05-31,id,RM08,facebook,"1.2.4",173,insabb,30,36,0.2693967050,21
2026-05-31,id,RM08,facebook,"1.2.4",173,insback,35,41,0.3367784291,13
2026-05-31,id,RM08,facebook,"1.2.4",173,inscon,35,65,0.3718728476,29
2026-05-31,id,RM08,facebook,"1.2.4",173,insdown,54,203,1.3443833850,90
2026-05-31,id,RM08,facebook,"1.2.4",173,insnewgd,46,47,0.9579728600,43
2026-05-31,id,RM08,facebook,"1.2.4",173,insplayn,25,45,0.8642957523,27
2026-05-31,id,RM08,facebook,"1.2.4",173,inssec,22,23,0.1627671359,15
2026-05-31,ke,RM06B,facebook,"1.3.5",197,ALL,157,1244,12.3168500000,543
2026-05-31,ke,RM06B,facebook,"1.3.5",197,albcp,30,31,0.5820000000,20
2026-05-31,ke,RM06B,facebook,"1.3.5",197,bkcp,41,42,0.1565500000,11
2026-05-31,ke,RM06B,facebook,"1.3.5",197,cl_open,80,98,3.7141000000,77
2026-05-31,ke,RM06B,facebook,"1.3.5",197,ho_open,98,268,2.7696500000,130
2026-05-31,ke,RM06B,facebook,"1.3.5",197,ngdcp,55,57,1.0354500000,25
2026-05-31,ke,RM06B,facebook,"1.3.5",197,searcp,51,72,0.5702000000,42
2026-05-31,ke,RM06B,facebook,"1.3.5",197,skpcp,19,59,0.1958000000,25
2026-05-31,ke,RM06B,facebook,"1.3.5",197,splcp,90,199,1.6393000000,85
2026-05-31,ke,RM06B,facebook,"1.3.5",197,xzcp,70,373,1.5465500000,103
2026-05-31,ke,RM06B,facebook,"1.3.6",185,ALL,156,1266,14.3931000000,668
2026-05-31,ke,RM06B,facebook,"1.3.6",185,albcp,29,29,0.2891500000,12
2026-05-31,ke,RM06B,facebook,"1.3.6",185,bkcp,37,49,0.2501500000,21
2026-05-31,ke,RM06B,facebook,"1.3.6",185,cl_open,82,88,3.8407000000,76
2026-05-31,ke,RM06B,facebook,"1.3.6",185,cscp,12,20,0.0878000000,12
2026-05-31,ke,RM06B,facebook,"1.3.6",185,ho_open,105,302,3.4886000000,159
2026-05-31,ke,RM06B,facebook,"1.3.6",185,ngdcp,69,70,1.5199000000,49
2026-05-31,ke,RM06B,facebook,"1.3.6",185,offlcp,11,12,0.0607000000,3
2026-05-31,ke,RM06B,facebook,"1.3.6",185,searcp,55,84,0.7951500000,49
2026-05-31,ke,RM06B,facebook,"1.3.6",185,skpcp,12,35,0.1223500000,11
2026-05-31,ke,RM06B,facebook,"1.3.6",185,splcp,91,184,2.1181000000,94
2026-05-31,ke,RM06B,facebook,"1.3.6",185,xzcp,76,377,1.7012500000,174
2026-05-31,ke,RM08,Google Ads ACI,"1.2.4",61,ALL,46,590,2.3024967272,197
2026-05-31,ke,RM08,Google Ads ACI,"1.2.4",61,ccopen,21,26,0.3714631089,12
2026-05-31,ke,RM08,Google Ads ACI,"1.2.4",61,hhopen,30,86,0.4014515411,33
2026-05-31,ke,RM08,Google Ads ACI,"1.2.4",61,insabb,12,17,0.0617803730,5
2026-05-31,ke,RM08,Google Ads ACI,"1.2.4",61,insback,18,28,0.0734745508,4
2026-05-31,ke,RM08,Google Ads ACI,"1.2.4",61,inscon,22,77,0.1850589099,27
2026-05-31,ke,RM08,Google Ads ACI,"1.2.4",61,insdown,27,238,0.7372911781,82
2026-05-31,ke,RM08,Google Ads ACI,"1.2.4",61,insnewgd,13,13,0.1724935347,5
2026-05-31,ke,RM08,Google Ads ACI,"1.2.4",61,insplayn,11,35,0.1180022620,13
2026-05-31,ke,RM08,Google Ads ACI,"1.2.4",61,inssec,22,46,0.1156391383,8
2026-05-31,mx,RM06B,facebook,"1.3.4",83,ALL,51,225,7.8763500000,121
2026-05-31,mx,RM06B,facebook,"1.3.4",83,cl_open,33,39,2.9664500000,32
2026-05-31,mx,RM06B,facebook,"1.3.4",83,ho_open,22,44,1.6378000000,24
2026-05-31,mx,RM06B,facebook,"1.3.4",83,ngdcp,15,15,0.8761500000,9
2026-05-31,mx,RM06B,facebook,"1.3.4",83,splcp,20,26,0.9409500000,11
2026-05-31,mx,RM06B,facebook,"1.3.4",83,xzcp,11,59,0.3727000000,25
2026-05-31,mx,RM06B,Google Ads ACI,"1.3.5",424,ALL,255,3551,31.6726000000,1306
2026-05-31,mx,RM06B,Google Ads ACI,"1.3.5",424,albcp,42,53,1.1829000000,19
2026-05-31,mx,RM06B,Google Ads ACI,"1.3.5",424,bkcp,104,161,1.1392500000,58
2026-05-31,mx,RM06B,Google Ads ACI,"1.3.5",424,cl_open,158,207,6.6604500000,107
2026-05-31,mx,RM06B,Google Ads ACI,"1.3.5",424,cscp,40,55,0.2167500000,15
2026-05-31,mx,RM06B,Google Ads ACI,"1.3.5",424,ho_open,178,766,6.6464500000,303
2026-05-31,mx,RM06B,Google Ads ACI,"1.3.5",424,lkcp,10,10,0.0850000000,4
2026-05-31,mx,RM06B,Google Ads ACI,"1.3.5",424,ngdcp,130,135,2.2150500000,78
2026-05-31,mx,RM06B,Google Ads ACI,"1.3.5",424,offlcp,41,49,0.2560000000,21
2026-05-31,mx,RM06B,Google Ads ACI,"1.3.5",424,searcp,138,214,2.0463000000,64
2026-05-31,mx,RM06B,Google Ads ACI,"1.3.5",424,skpcp,46,163,1.5297500000,65
2026-05-31,mx,RM06B,Google Ads ACI,"1.3.5",424,splcp,167,363,3.4523000000,109
2026-05-31,mx,RM06B,Google Ads ACI,"1.3.5",424,xzcp,142,1352,6.0668000000,455
2026-05-31,mx,RM06B,facebook,"1.3.5",2457,ALL,2063,14211,415.6573500000,6246
2026-05-31,mx,RM06B,facebook,"1.3.5",2457,albcp,309,361,10.4194000000,191
2026-05-31,mx,RM06B,facebook,"1.3.5",2457,bkcp,455,544,7.5885000000,172
2026-05-31,mx,RM06B,facebook,"1.3.5",2457,cl_open,1423,1727,124.1188000000,1255
2026-05-31,mx,RM06B,facebook,"1.3.5",2457,cscp,122,167,1.7624000000,56
2026-05-31,mx,RM06B,facebook,"1.3.5",2457,ho_open,1332,4303,130.0524500000,1733
2026-05-31,mx,RM06B,facebook,"1.3.5",2457,jclcp,11,15,0.0874500000,3
2026-05-31,mx,RM06B,facebook,"1.3.5",2457,lkcp,16,18,0.3168000000,6
2026-05-31,mx,RM06B,facebook,"1.3.5",2457,ngdcp,854,870,40.8302500000,597
2026-05-31,mx,RM06B,facebook,"1.3.5",2457,offlcp,111,137,1.9816000000,50
2026-05-31,mx,RM06B,facebook,"1.3.5",2457,rkgcp,33,34,0.9914500000,16
2026-05-31,mx,RM06B,facebook,"1.3.5",2457,searcp,559,783,17.5497500000,323
2026-05-31,mx,RM06B,facebook,"1.3.5",2457,secp,45,46,0.8577500000,18
2026-05-31,mx,RM06B,facebook,"1.3.5",2457,skpcp,275,870,11.8802500000,356
2026-05-31,mx,RM06B,facebook,"1.3.5",2457,splcp,977,1742,41.0642000000,628
2026-05-31,mx,RM06B,facebook,"1.3.5",2457,stccp,29,32,0.8612500000,16
2026-05-31,mx,RM06B,facebook,"1.3.5",2457,xzcp,519,2562,25.2950500000,826
2026-05-31,mx,RM06B,unknown,"1.3.5",340,ALL,294,531,24.2509000000,165
2026-05-31,mx,RM06B,unknown,"1.3.5",340,cl_open,272,285,21.2602500000,22
2026-05-31,mx,RM06B,unknown,"1.3.5",340,ho_open,28,75,1.6278500000,40
2026-05-31,mx,RM06B,unknown,"1.3.5",340,ngdcp,13,14,0.4770000000,2
2026-05-31,mx,RM06B,unknown,"1.3.5",340,splcp,14,32,0.1859000000,13
2026-05-31,mx,RM06B,Google Ads ACI,"1.3.6",460,ALL,268,3477,30.5935500000,1090
2026-05-31,mx,RM06B,Google Ads ACI,"1.3.6",460,albcp,42,46,0.6189000000,29
2026-05-31,mx,RM06B,Google Ads ACI,"1.3.6",460,bkcp,102,145,0.8508500000,29
2026-05-31,mx,RM06B,Google Ads ACI,"1.3.6",460,cl_open,174,247,6.7569500000,133
2026-05-31,mx,RM06B,Google Ads ACI,"1.3.6",460,cscp,34,65,0.3475000000,21
2026-05-31,mx,RM06B,Google Ads ACI,"1.3.6",460,ho_open,173,632,6.2860500000,212
2026-05-31,mx,RM06B,Google Ads ACI,"1.3.6",460,ngdcp,144,150,2.5455000000,65
2026-05-31,mx,RM06B,Google Ads ACI,"1.3.6",460,offlcp,44,47,0.1541500000,12
2026-05-31,mx,RM06B,Google Ads ACI,"1.3.6",460,searcp,144,233,2.0626500000,68
2026-05-31,mx,RM06B,Google Ads ACI,"1.3.6",460,secp,14,14,0.1489500000,6
2026-05-31,mx,RM06B,Google Ads ACI,"1.3.6",460,skpcp,51,262,1.5075500000,77
2026-05-31,mx,RM06B,Google Ads ACI,"1.3.6",460,splcp,165,524,3.6093500000,126
2026-05-31,mx,RM06B,Google Ads ACI,"1.3.6",460,xzcp,122,1092,5.4849500000,309
2026-05-31,mx,RM06B,facebook,"1.3.6",2464,ALL,2069,14323,406.4266000000,6570
2026-05-31,mx,RM06B,facebook,"1.3.6",2464,albcp,332,387,10.5046500000,206
2026-05-31,mx,RM06B,facebook,"1.3.6",2464,bkcp,436,534,8.6141500000,209
2026-05-31,mx,RM06B,facebook,"1.3.6",2464,cl_open,1372,1700,118.7073000000,1268
2026-05-31,mx,RM06B,facebook,"1.3.6",2464,cscp,116,148,1.7472500000,69
2026-05-31,mx,RM06B,facebook,"1.3.6",2464,ho_open,1366,3998,128.8377000000,1780
2026-05-31,mx,RM06B,facebook,"1.3.6",2464,jclcp,19,22,0.1735000000,5
2026-05-31,mx,RM06B,facebook,"1.3.6",2464,lkcp,25,30,0.3473000000,12
2026-05-31,mx,RM06B,facebook,"1.3.6",2464,ngdcp,894,932,39.7214000000,623
2026-05-31,mx,RM06B,facebook,"1.3.6",2464,offlcp,118,149,1.2619000000,53
2026-05-31,mx,RM06B,facebook,"1.3.6",2464,rkgcp,26,26,0.8996000000,8
2026-05-31,mx,RM06B,facebook,"1.3.6",2464,searcp,555,800,17.3810500000,364
2026-05-31,mx,RM06B,facebook,"1.3.6",2464,secp,31,31,0.9058000000,10
2026-05-31,mx,RM06B,facebook,"1.3.6",2464,skpcp,279,867,10.4078500000,313
2026-05-31,mx,RM06B,facebook,"1.3.6",2464,splcp,1007,1703,38.3764500000,647
2026-05-31,mx,RM06B,facebook,"1.3.6",2464,stccp,40,41,1.4832000000,19
2026-05-31,mx,RM06B,facebook,"1.3.6",2464,xzcp,544,2955,27.0575000000,984
2026-05-31,mx,RM06B,unknown,"1.3.6",316,ALL,281,430,21.8445500000,78
2026-05-31,mx,RM06B,unknown,"1.3.6",316,bkcp,12,14,0.1189000000,9
2026-05-31,mx,RM06B,unknown,"1.3.6",316,cl_open,261,270,20.2900000000,15
2026-05-31,mx,RM06B,unknown,"1.3.6",316,ho_open,13,56,0.4618000000,22
2026-05-31,mx,RM06B,unknown,"1.3.6",316,ngdcp,10,10,0.2068000000,4
2026-05-31,mx,RM06B,unknown,"1.3.6",316,searcp,11,15,0.1273500000,2
2026-05-31,mx,RM06B,unknown,"1.3.6",316,splcp,11,19,0.4152000000,9
2026-05-31,mx,RM08,Google Ads ACI,"1.2.4",63,ALL,51,652,5.4950999078,157
2026-05-31,mx,RM08,Google Ads ACI,"1.2.4",63,ccopen,36,47,0.8335164130,16
2026-05-31,mx,RM08,Google Ads ACI,"1.2.4",63,hhopen,33,93,0.8403971992,16
2026-05-31,mx,RM08,Google Ads ACI,"1.2.4",63,insback,24,29,0.3847014466,6
2026-05-31,mx,RM08,Google Ads ACI,"1.2.4",63,inscon,28,69,0.6167735573,17
2026-05-31,mx,RM08,Google Ads ACI,"1.2.4",63,insdown,33,263,1.3207740748,63
2026-05-31,mx,RM08,Google Ads ACI,"1.2.4",63,insnewgd,27,27,0.5124147009,11
2026-05-31,mx,RM08,Google Ads ACI,"1.2.4",63,insplayn,12,34,0.1927662059,10
2026-05-31,mx,RM08,Google Ads ACI,"1.2.4",63,inssec,35,51,0.4222586511,7
2026-05-31,mx,RM08,facebook,"1.2.4",1023,ALL,837,3979,180.5376416938,1958
2026-05-31,mx,RM08,facebook,"1.2.4",1023,ccopen,631,750,56.9422483287,560
2026-05-31,mx,RM08,facebook,"1.2.4",1023,hhopen,468,1174,53.5320233441,462
2026-05-31,mx,RM08,facebook,"1.2.4",1023,insabb,152,175,7.9514072845,95
2026-05-31,mx,RM08,facebook,"1.2.4",1023,insatt,13,13,0.6406373372,7
2026-05-31,mx,RM08,facebook,"1.2.4",1023,insback,143,157,4.7404369560,55
2026-05-31,mx,RM08,facebook,"1.2.4",1023,inscon,141,282,6.4236605099,106
2026-05-31,mx,RM08,facebook,"1.2.4",1023,insdown,182,582,11.9262810417,242
2026-05-31,mx,RM08,facebook,"1.2.4",1023,inshg,15,22,0.4236099941,4
2026-05-31,mx,RM08,facebook,"1.2.4",1023,insnewgd,310,316,20.3176751313,197
2026-05-31,mx,RM08,facebook,"1.2.4",1023,insplayn,137,301,10.7361109835,148
2026-05-31,mx,RM08,facebook,"1.2.4",1023,insrrr,14,14,0.7592112436,6
2026-05-31,mx,RM08,facebook,"1.2.4",1023,inssec,108,133,5.0002909749,53
2026-05-31,mx,RM08,facebook,"1.2.4",1023,inssp,32,45,0.5807380353,19
2026-05-31,mx,RM08,unknown,"1.2.4",203,ALL,170,255,12.2810227050,22
2026-05-31,mx,RM08,unknown,"1.2.4",203,ccopen,159,169,10.9260828742,7
2026-05-31,mx,RM08,unknown,"1.2.4",203,hhopen,29,68,1.1363201041,8
2026-05-31,my,RM08,facebook,"1.2.4",79,ALL,69,409,11.1343348397,228
2026-05-31,my,RM08,facebook,"1.2.4",79,ccopen,51,62,2.9604379207,52
2026-05-31,my,RM08,facebook,"1.2.4",79,hhopen,47,132,3.1692680657,72
2026-05-31,my,RM08,facebook,"1.2.4",79,insabb,13,16,0.3300582854,8
2026-05-31,my,RM08,facebook,"1.2.4",79,insback,22,23,0.2733830785,12
2026-05-31,my,RM08,facebook,"1.2.4",79,inscon,13,26,0.4115196504,7
2026-05-31,my,RM08,facebook,"1.2.4",79,insdown,21,38,0.8033132847,15
2026-05-31,my,RM08,facebook,"1.2.4",79,insnewgd,30,30,1.2393500522,26
2026-05-31,my,RM08,facebook,"1.2.4",79,insplayn,17,34,0.7358325027,19
2026-05-31,my,RM08,facebook,"1.2.4",79,inssec,24,26,0.7207945229,9
2026-05-31,ng,RM06B,facebook,"1.3.5",229,ALL,169,1108,13.1831500000,581
2026-05-31,ng,RM06B,facebook,"1.3.5",229,albcp,27,30,0.3603500000,13
2026-05-31,ng,RM06B,facebook,"1.3.5",229,bkcp,34,39,0.2888500000,13
2026-05-31,ng,RM06B,facebook,"1.3.5",229,cl_open,76,88,2.6851000000,77
2026-05-31,ng,RM06B,facebook,"1.3.5",229,cscp,10,13,0.0456500000,4
2026-05-31,ng,RM06B,facebook,"1.3.5",229,ho_open,108,309,4.3873500000,135
2026-05-31,ng,RM06B,facebook,"1.3.5",229,ngdcp,63,63,1.7117500000,52
2026-05-31,ng,RM06B,facebook,"1.3.5",229,searcp,28,35,0.2299500000,26
2026-05-31,ng,RM06B,facebook,"1.3.5",229,skpcp,19,47,0.2498000000,23
2026-05-31,ng,RM06B,facebook,"1.3.5",229,splcp,83,155,1.4157000000,97
2026-05-31,ng,RM06B,facebook,"1.3.5",229,xzcp,50,316,1.6464000000,138
2026-05-31,ng,RM06B,facebook,"1.3.6",241,ALL,183,884,12.2006500000,466
2026-05-31,ng,RM06B,facebook,"1.3.6",241,albcp,25,27,0.3375500000,27
2026-05-31,ng,RM06B,facebook,"1.3.6",241,bkcp,28,30,0.2618500000,9
2026-05-31,ng,RM06B,facebook,"1.3.6",241,cl_open,90,97,3.3721500000,89
2026-05-31,ng,RM06B,facebook,"1.3.6",241,ho_open,113,235,3.2045000000,86
2026-05-31,ng,RM06B,facebook,"1.3.6",241,ngdcp,80,83,1.6903000000,58
2026-05-31,ng,RM06B,facebook,"1.3.6",241,searcp,27,34,0.3329000000,19
2026-05-31,ng,RM06B,facebook,"1.3.6",241,skpcp,19,48,0.3143000000,16
2026-05-31,ng,RM06B,facebook,"1.3.6",241,splcp,85,135,1.4844500000,68
2026-05-31,ng,RM06B,facebook,"1.3.6",241,xzcp,45,172,1.0654500000,82
2026-05-31,ng,RM08,facebook,"1.2.4",64,ALL,41,327,2.4210062258,145
2026-05-31,ng,RM08,facebook,"1.2.4",64,ccopen,24,27,0.4957519812,23
2026-05-31,ng,RM08,facebook,"1.2.4",64,hhopen,24,43,0.4108459317,19
2026-05-31,ng,RM08,facebook,"1.2.4",64,inscon,13,38,0.2196652939,22
2026-05-31,ng,RM08,facebook,"1.2.4",64,insdown,16,143,0.4459563580,40
2026-05-31,ng,RM08,facebook,"1.2.4",64,insnewgd,18,18,0.2816979808,15
2026-05-31,ni,RM06B,facebook,"1.3.5",231,ALL,197,1313,9.5250000000,678
2026-05-31,ni,RM06B,facebook,"1.3.5",231,albcp,28,63,0.3907500000,23
2026-05-31,ni,RM06B,facebook,"1.3.5",231,bkcp,43,47,0.1419000000,20
2026-05-31,ni,RM06B,facebook,"1.3.5",231,cl_open,141,166,3.5021000000,160
2026-05-31,ni,RM06B,facebook,"1.3.5",231,cscp,10,14,0.1325000000,2
2026-05-31,ni,RM06B,facebook,"1.3.5",231,ho_open,124,380,2.6548500000,188
2026-05-31,ni,RM06B,facebook,"1.3.5",231,ngdcp,91,91,0.9962000000,74
2026-05-31,ni,RM06B,facebook,"1.3.5",231,searcp,62,85,0.2978500000,45
2026-05-31,ni,RM06B,facebook,"1.3.5",231,skpcp,39,105,0.1920000000,32
2026-05-31,ni,RM06B,facebook,"1.3.5",231,splcp,97,165,0.7006000000,82
2026-05-31,ni,RM06B,facebook,"1.3.5",231,xzcp,49,178,0.4328000000,44
2026-05-31,ni,RM06B,facebook,"1.3.6",225,ALL,182,973,7.8634000000,524
2026-05-31,ni,RM06B,facebook,"1.3.6",225,albcp,30,32,0.2666500000,17
2026-05-31,ni,RM06B,facebook,"1.3.6",225,bkcp,29,33,0.1207500000,6
2026-05-31,ni,RM06B,facebook,"1.3.6",225,cl_open,120,140,2.3683000000,141
2026-05-31,ni,RM06B,facebook,"1.3.6",225,cscp,10,15,0.0185500000,4
2026-05-31,ni,RM06B,facebook,"1.3.6",225,ho_open,112,281,2.4617500000,150
2026-05-31,ni,RM06B,facebook,"1.3.6",225,ngdcp,83,83,0.9500500000,83
2026-05-31,ni,RM06B,facebook,"1.3.6",225,searcp,43,46,0.2111000000,23
2026-05-31,ni,RM06B,facebook,"1.3.6",225,skpcp,31,69,0.3584000000,19
2026-05-31,ni,RM06B,facebook,"1.3.6",225,splcp,86,129,0.7642000000,41
2026-05-31,ni,RM06B,facebook,"1.3.6",225,xzcp,39,130,0.3258000000,34
2026-05-31,pe,RM06B,Google Ads ACI,"1.3.5",123,ALL,73,663,9.4760000000,297
2026-05-31,pe,RM06B,Google Ads ACI,"1.3.5",123,albcp,13,15,0.1710000000,4
2026-05-31,pe,RM06B,Google Ads ACI,"1.3.5",123,bkcp,22,27,0.1580000000,5
2026-05-31,pe,RM06B,Google Ads ACI,"1.3.5",123,cl_open,53,66,3.1028000000,30
2026-05-31,pe,RM06B,Google Ads ACI,"1.3.5",123,ho_open,52,171,2.1871500000,80
2026-05-31,pe,RM06B,Google Ads ACI,"1.3.5",123,ngdcp,36,38,1.1135000000,24
2026-05-31,pe,RM06B,Google Ads ACI,"1.3.5",123,searcp,33,44,0.7011000000,22
2026-05-31,pe,RM06B,Google Ads ACI,"1.3.5",123,skpcp,13,23,0.2006000000,15
2026-05-31,pe,RM06B,Google Ads ACI,"1.3.5",123,splcp,43,105,0.9757500000,46
2026-05-31,pe,RM06B,Google Ads ACI,"1.3.5",123,xzcp,30,152,0.8159500000,59
2026-05-31,pe,RM06B,TIKTOK,"1.3.5",87,ALL,81,604,16.9549000000,265
2026-05-31,pe,RM06B,TIKTOK,"1.3.5",87,albcp,16,20,0.3363500000,9
2026-05-31,pe,RM06B,TIKTOK,"1.3.5",87,bkcp,24,26,0.1274000000,3
2026-05-31,pe,RM06B,TIKTOK,"1.3.5",87,cl_open,66,84,7.8054000000,71
2026-05-31,pe,RM06B,TIKTOK,"1.3.5",87,ho_open,55,139,3.2214000000,57
2026-05-31,pe,RM06B,TIKTOK,"1.3.5",87,ngdcp,47,48,1.6745500000,23
2026-05-31,pe,RM06B,TIKTOK,"1.3.5",87,searcp,31,41,0.7645500000,28
2026-05-31,pe,RM06B,TIKTOK,"1.3.5",87,skpcp,12,21,0.0759500000,5
2026-05-31,pe,RM06B,TIKTOK,"1.3.5",87,splcp,51,81,1.8902000000,22
2026-05-31,pe,RM06B,TIKTOK,"1.3.5",87,xzcp,24,125,0.7068500000,39
2026-05-31,pe,RM06B,facebook,"1.3.5",977,ALL,844,5018,177.8111500000,2493
2026-05-31,pe,RM06B,facebook,"1.3.5",977,albcp,76,85,1.5264500000,35
2026-05-31,pe,RM06B,facebook,"1.3.5",977,bkcp,187,211,4.0227000000,71
2026-05-31,pe,RM06B,facebook,"1.3.5",977,cl_open,625,760,71.3757000000,598
2026-05-31,pe,RM06B,facebook,"1.3.5",977,cscp,45,56,0.6177000000,16
2026-05-31,pe,RM06B,facebook,"1.3.5",977,ho_open,503,1418,40.4388000000,667
2026-05-31,pe,RM06B,facebook,"1.3.5",977,ngdcp,380,382,18.1296000000,319
2026-05-31,pe,RM06B,facebook,"1.3.5",977,offlcp,34,36,0.6088500000,14
2026-05-31,pe,RM06B,facebook,"1.3.5",977,rkgcp,10,10,0.2498000000,2
2026-05-31,pe,RM06B,facebook,"1.3.5",977,searcp,271,351,10.1897000000,160
2026-05-31,pe,RM06B,facebook,"1.3.5",977,secp,27,27,1.0189000000,16
2026-05-31,pe,RM06B,facebook,"1.3.5",977,skpcp,105,277,3.0311500000,118
2026-05-31,pe,RM06B,facebook,"1.3.5",977,splcp,414,656,19.7580500000,243
2026-05-31,pe,RM06B,facebook,"1.3.5",977,stccp,17,18,0.3424000000,6
2026-05-31,pe,RM06B,facebook,"1.3.5",977,xzcp,187,715,6.4253000000,218
2026-05-31,pe,RM06B,Google Ads ACI,"1.3.6",116,ALL,72,462,9.5103000000,162
2026-05-31,pe,RM06B,Google Ads ACI,"1.3.6",116,bkcp,23,27,0.1000500000,8
2026-05-31,pe,RM06B,Google Ads ACI,"1.3.6",116,cl_open,46,52,4.1014000000,27
2026-05-31,pe,RM06B,Google Ads ACI,"1.3.6",116,ho_open,36,121,1.4205000000,36
2026-05-31,pe,RM06B,Google Ads ACI,"1.3.6",116,ngdcp,36,36,1.1457000000,14
2026-05-31,pe,RM06B,Google Ads ACI,"1.3.6",116,searcp,32,36,0.6581000000,13
2026-05-31,pe,RM06B,Google Ads ACI,"1.3.6",116,skpcp,10,28,0.4858000000,8
2026-05-31,pe,RM06B,Google Ads ACI,"1.3.6",116,splcp,41,63,1.2887000000,34
2026-05-31,pe,RM06B,Google Ads ACI,"1.3.6",116,xzcp,23,73,0.2218500000,17
2026-05-31,pe,RM06B,TIKTOK,"1.3.6",81,ALL,74,515,14.9146500000,211
2026-05-31,pe,RM06B,TIKTOK,"1.3.6",81,bkcp,18,20,0.3641000000,2
2026-05-31,pe,RM06B,TIKTOK,"1.3.6",81,cl_open,65,81,7.9924500000,53
2026-05-31,pe,RM06B,TIKTOK,"1.3.6",81,ho_open,36,124,2.9593000000,40
2026-05-31,pe,RM06B,TIKTOK,"1.3.6",81,ngdcp,47,47,1.1273500000,24
2026-05-31,pe,RM06B,TIKTOK,"1.3.6",81,searcp,25,37,0.3569500000,16
2026-05-31,pe,RM06B,TIKTOK,"1.3.6",81,skpcp,12,39,0.1367500000,14
2026-05-31,pe,RM06B,TIKTOK,"1.3.6",81,splcp,42,74,1.5594500000,22
2026-05-31,pe,RM06B,TIKTOK,"1.3.6",81,xzcp,20,73,0.2478000000,35
2026-05-31,pe,RM06B,facebook,"1.3.6",909,ALL,773,4434,161.5024500000,2082
2026-05-31,pe,RM06B,facebook,"1.3.6",909,albcp,96,106,2.0051000000,46
2026-05-31,pe,RM06B,facebook,"1.3.6",909,bkcp,160,180,3.5204500000,72
2026-05-31,pe,RM06B,facebook,"1.3.6",909,cl_open,566,660,62.4506000000,540
2026-05-31,pe,RM06B,facebook,"1.3.6",909,cscp,37,42,0.6757500000,15
2026-05-31,pe,RM06B,facebook,"1.3.6",909,ho_open,455,1188,37.4381000000,478
2026-05-31,pe,RM06B,facebook,"1.3.6",909,ngdcp,349,353,17.6764500000,234
2026-05-31,pe,RM06B,facebook,"1.3.6",909,offlcp,29,33,0.1650500000,12
2026-05-31,pe,RM06B,facebook,"1.3.6",909,rkgcp,10,10,0.2266500000,8
2026-05-31,pe,RM06B,facebook,"1.3.6",909,searcp,209,268,9.3182000000,107
2026-05-31,pe,RM06B,facebook,"1.3.6",909,secp,17,17,0.6222000000,9
2026-05-31,pe,RM06B,facebook,"1.3.6",909,skpcp,73,178,2.4559500000,52
2026-05-31,pe,RM06B,facebook,"1.3.6",909,splcp,378,635,17.8651000000,251
2026-05-31,pe,RM06B,facebook,"1.3.6",909,xzcp,161,746,6.8540500000,245
2026-05-31,pe,RM08,facebook,"1.2.4",233,ALL,200,1059,34.5765614793,502
2026-05-31,pe,RM08,facebook,"1.2.4",233,ccopen,142,169,12.0964080054,155
2026-05-31,pe,RM08,facebook,"1.2.4",233,hhopen,120,280,8.7667185597,125
2026-05-31,pe,RM08,facebook,"1.2.4",233,insabb,20,20,0.3445834615,10
2026-05-31,pe,RM08,facebook,"1.2.4",233,insback,32,32,0.4909085467,11
2026-05-31,pe,RM08,facebook,"1.2.4",233,inscon,30,61,0.8556086625,19
2026-05-31,pe,RM08,facebook,"1.2.4",233,insdown,58,215,3.7209499012,59
2026-05-31,pe,RM08,facebook,"1.2.4",233,insnewgd,89,95,4.5064743458,62
2026-05-31,pe,RM08,facebook,"1.2.4",233,insplayn,33,104,1.6621384241,31
2026-05-31,pe,RM08,facebook,"1.2.4",233,inssec,42,49,1.3713451419,21
2026-05-31,pe,RM08,facebook,"1.2.4",233,inssp,13,18,0.3495110175,1
2026-05-31,ph,RM06B,Google Ads ACI,"1.3.5",98,ALL,83,1180,4.8714500000,369
2026-05-31,ph,RM06B,Google Ads ACI,"1.3.5",98,bkcp,29,46,0.1163500000,14
2026-05-31,ph,RM06B,Google Ads ACI,"1.3.5",98,cl_open,49,64,0.9411000000,39
2026-05-31,ph,RM06B,Google Ads ACI,"1.3.5",98,ho_open,48,187,1.3326500000,59
2026-05-31,ph,RM06B,Google Ads ACI,"1.3.5",98,ngdcp,39,41,0.2859500000,19
2026-05-31,ph,RM06B,Google Ads ACI,"1.3.5",98,offlcp,14,20,0.0491000000,4
2026-05-31,ph,RM06B,Google Ads ACI,"1.3.5",98,searcp,36,81,0.2594500000,17
2026-05-31,ph,RM06B,Google Ads ACI,"1.3.5",98,splcp,39,105,0.3555000000,24
2026-05-31,ph,RM06B,Google Ads ACI,"1.3.5",98,xzcp,43,594,1.3096500000,180
2026-05-31,ph,RM06B,Google Ads ACI,"1.3.6",92,ALL,67,632,4.4890000000,244
2026-05-31,ph,RM06B,Google Ads ACI,"1.3.6",92,bkcp,17,31,0.0624000000,4
2026-05-31,ph,RM06B,Google Ads ACI,"1.3.6",92,cl_open,37,45,0.9488500000,31
2026-05-31,ph,RM06B,Google Ads ACI,"1.3.6",92,cscp,11,17,0.0578500000,9
2026-05-31,ph,RM06B,Google Ads ACI,"1.3.6",92,ho_open,37,120,1.2432000000,49
2026-05-31,ph,RM06B,Google Ads ACI,"1.3.6",92,ngdcp,27,31,0.3440500000,20
2026-05-31,ph,RM06B,Google Ads ACI,"1.3.6",92,searcp,31,50,0.3064000000,20
2026-05-31,ph,RM06B,Google Ads ACI,"1.3.6",92,skpcp,11,19,0.0860500000,5
2026-05-31,ph,RM06B,Google Ads ACI,"1.3.6",92,splcp,40,94,0.7027500000,40
2026-05-31,ph,RM06B,Google Ads ACI,"1.3.6",92,xzcp,32,198,0.6493500000,59
2026-05-31,ph,RM08,Google Ads ACI,"1.2.4",54,ALL,41,555,3.1083537120,241
2026-05-31,ph,RM08,Google Ads ACI,"1.2.4",54,ccopen,25,46,0.4487679644,22
2026-05-31,ph,RM08,Google Ads ACI,"1.2.4",54,hhopen,25,76,0.6770215876,31
2026-05-31,ph,RM08,Google Ads ACI,"1.2.4",54,insback,21,30,0.1040870398,12
2026-05-31,ph,RM08,Google Ads ACI,"1.2.4",54,inscon,22,48,0.2720375298,21
2026-05-31,ph,RM08,Google Ads ACI,"1.2.4",54,insdown,32,237,0.9937340894,99
2026-05-31,ph,RM08,Google Ads ACI,"1.2.4",54,inshg,11,15,0.0223008889,6
2026-05-31,ph,RM08,Google Ads ACI,"1.2.4",54,insnewgd,21,23,0.1652448081,15
2026-05-31,ph,RM08,Google Ads ACI,"1.2.4",54,inssec,27,42,0.1375980584,21
2026-05-31,ph,RM08,facebook,"1.2.4",1071,ALL,907,6071,86.8524798862,3238
2026-05-31,ph,RM08,facebook,"1.2.4",1071,ccopen,580,720,21.6269047352,683
2026-05-31,ph,RM08,facebook,"1.2.4",1071,hhopen,551,1320,24.1296578193,762
2026-05-31,ph,RM08,facebook,"1.2.4",1071,insabb,125,133,2.4088847169,60
2026-05-31,ph,RM08,facebook,"1.2.4",1071,insatt,21,21,0.2594973536,9
2026-05-31,ph,RM08,facebook,"1.2.4",1071,insback,228,252,2.3566525859,84
2026-05-31,ph,RM08,facebook,"1.2.4",1071,inscon,259,565,4.6525114849,244
2026-05-31,ph,RM08,facebook,"1.2.4",1071,insdown,372,1874,12.9828589425,734
2026-05-31,ph,RM08,facebook,"1.2.4",1071,inshg,72,77,0.5460748532,32
2026-05-31,ph,RM08,facebook,"1.2.4",1071,insnewgd,387,394,9.4061679950,280
2026-05-31,ph,RM08,facebook,"1.2.4",1071,inspa,15,15,0.1288185995,7
2026-05-31,ph,RM08,facebook,"1.2.4",1071,insplayn,140,257,3.9548384336,132
2026-05-31,ph,RM08,facebook,"1.2.4",1071,insrrr,13,13,0.3114767799,12
2026-05-31,ph,RM08,facebook,"1.2.4",1071,inssec,235,322,3.3727836404,151
2026-05-31,ph,RM08,facebook,"1.2.4",1071,inssp,77,100,0.6034064030,44
2026-05-31,ph,RM08,unknown,"1.2.4",162,ALL,131,252,4.5410448672,58
2026-05-31,ph,RM08,unknown,"1.2.4",162,ccopen,104,106,3.4479515006,12
2026-05-31,ph,RM08,unknown,"1.2.4",162,hhopen,34,61,0.6541832390,26
2026-05-31,pt,RM06B,facebook,"1.3.5",51,ALL,42,231,10.3373000000,111
2026-05-31,pt,RM06B,facebook,"1.3.5",51,bkcp,11,17,0.6227500000,7
2026-05-31,pt,RM06B,facebook,"1.3.5",51,cl_open,25,26,2.8135000000,17
2026-05-31,pt,RM06B,facebook,"1.3.5",51,ho_open,23,59,3.0713500000,32
2026-05-31,pt,RM06B,facebook,"1.3.5",51,ngdcp,19,19,1.1682500000,6
2026-05-31,pt,RM06B,facebook,"1.3.5",51,splcp,20,30,1.4799500000,9
2026-05-31,pt,RM06B,facebook,"1.3.6",51,ALL,41,235,11.4728000000,133
2026-05-31,pt,RM06B,facebook,"1.3.6",51,cl_open,30,35,3.8505500000,22
2026-05-31,pt,RM06B,facebook,"1.3.6",51,ho_open,33,105,4.3992500000,57
2026-05-31,pt,RM06B,facebook,"1.3.6",51,ngdcp,17,17,0.8849500000,12
2026-05-31,pt,RM06B,facebook,"1.3.6",51,splcp,20,24,0.8525500000,12
2026-05-31,pt,RM08,facebook,"1.2.4",50,ALL,38,178,12.1949673285,83
2026-05-31,pt,RM08,facebook,"1.2.4",50,ccopen,27,37,3.8104508991,24
2026-05-31,pt,RM08,facebook,"1.2.4",50,hhopen,21,51,3.0471661763,20
2026-05-31,pt,RM08,facebook,"1.2.4",50,insdown,12,23,1.1287102056,5
2026-05-31,pt,RM08,facebook,"1.2.4",50,insnewgd,21,21,1.5958101988,14
2026-05-31,py,RM06B,facebook,"1.3.5",183,ALL,153,1026,11.4118000000,506
2026-05-31,py,RM06B,facebook,"1.3.5",183,albcp,27,27,0.1482500000,10
2026-05-31,py,RM06B,facebook,"1.3.5",183,bkcp,33,37,0.0819000000,10
2026-05-31,py,RM06B,facebook,"1.3.5",183,cl_open,121,163,4.8713500000,146
2026-05-31,py,RM06B,facebook,"1.3.5",183,cscp,10,10,0.0156000000,3
2026-05-31,py,RM06B,facebook,"1.3.5",183,ho_open,103,319,2.8704000000,141
2026-05-31,py,RM06B,facebook,"1.3.5",183,ngdcp,73,73,0.9608500000,46
2026-05-31,py,RM06B,facebook,"1.3.5",183,searcp,56,67,0.4771000000,26
2026-05-31,py,RM06B,facebook,"1.3.5",183,skpcp,30,60,0.2960000000,25
2026-05-31,py,RM06B,facebook,"1.3.5",183,splcp,80,119,1.1310000000,37
2026-05-31,py,RM06B,facebook,"1.3.5",183,xzcp,39,131,0.5182500000,53
2026-05-31,py,RM06B,facebook,"1.3.6",194,ALL,166,832,11.2360500000,471
2026-05-31,py,RM06B,facebook,"1.3.6",194,albcp,31,33,0.2913500000,14
2026-05-31,py,RM06B,facebook,"1.3.6",194,bkcp,28,30,0.2557000000,6
2026-05-31,py,RM06B,facebook,"1.3.6",194,cl_open,116,140,3.9244000000,111
2026-05-31,py,RM06B,facebook,"1.3.6",194,ho_open,102,253,2.8084500000,151
2026-05-31,py,RM06B,facebook,"1.3.6",194,ngdcp,73,77,1.8371500000,51
2026-05-31,py,RM06B,facebook,"1.3.6",194,searcp,39,44,0.2303000000,17
2026-05-31,py,RM06B,facebook,"1.3.6",194,skpcp,29,67,0.2556000000,18
2026-05-31,py,RM06B,facebook,"1.3.6",194,splcp,81,107,1.2584000000,56
2026-05-31,py,RM06B,facebook,"1.3.6",194,xzcp,30,61,0.2381000000,39
2026-05-31,py,RM08,facebook,"1.2.4",108,ALL,83,383,6.3665349751,232
2026-05-31,py,RM08,facebook,"1.2.4",108,ccopen,57,66,1.8173901110,62
2026-05-31,py,RM08,facebook,"1.2.4",108,hhopen,55,135,1.8248786805,67
2026-05-31,py,RM08,facebook,"1.2.4",108,insabb,17,18,0.2362286746,19
2026-05-31,py,RM08,facebook,"1.2.4",108,insback,14,14,0.1520835744,3
2026-05-31,py,RM08,facebook,"1.2.4",108,inscon,12,21,0.4832416507,12
2026-05-31,py,RM08,facebook,"1.2.4",108,insdown,21,28,0.2982267496,18
2026-05-31,py,RM08,facebook,"1.2.4",108,insnewgd,33,33,0.8097546007,24
2026-05-31,py,RM08,facebook,"1.2.4",108,insplayn,23,47,0.3619987935,17
2026-05-31,py,RM08,facebook,"1.2.4",108,inssec,13,13,0.1124526040,7
2026-05-31,sv,RM06B,facebook,"1.3.5",262,ALL,229,1435,19.6044500000,757
2026-05-31,sv,RM06B,facebook,"1.3.5",262,albcp,40,46,0.4270000000,34
2026-05-31,sv,RM06B,facebook,"1.3.5",262,bkcp,42,49,0.2810500000,25
2026-05-31,sv,RM06B,facebook,"1.3.5",262,cl_open,164,181,6.1502500000,148
2026-05-31,sv,RM06B,facebook,"1.3.5",262,cscp,10,11,0.0549500000,1
2026-05-31,sv,RM06B,facebook,"1.3.5",262,ho_open,153,446,7.0656500000,231
2026-05-31,sv,RM06B,facebook,"1.3.5",262,ngdcp,116,116,2.3770500000,89
2026-05-31,sv,RM06B,facebook,"1.3.5",262,searcp,54,74,0.6558000000,38
2026-05-31,sv,RM06B,facebook,"1.3.5",262,skpcp,28,106,0.2733500000,29
2026-05-31,sv,RM06B,facebook,"1.3.5",262,splcp,114,168,1.7518500000,65
2026-05-31,sv,RM06B,facebook,"1.3.5",262,xzcp,35,217,0.4933000000,89
2026-05-31,sv,RM06B,facebook,"1.3.6",253,ALL,225,1228,16.1737000000,609
2026-05-31,sv,RM06B,facebook,"1.3.6",253,albcp,36,38,0.4182000000,15
2026-05-31,sv,RM06B,facebook,"1.3.6",253,bkcp,44,50,0.1642000000,19
2026-05-31,sv,RM06B,facebook,"1.3.6",253,cl_open,165,194,5.2690000000,163
2026-05-31,sv,RM06B,facebook,"1.3.6",253,cscp,16,20,0.1644000000,6
2026-05-31,sv,RM06B,facebook,"1.3.6",253,ho_open,138,343,4.9397000000,142
2026-05-31,sv,RM06B,facebook,"1.3.6",253,ngdcp,113,118,1.8798500000,74
2026-05-31,sv,RM06B,facebook,"1.3.6",253,searcp,59,69,0.6598000000,41
2026-05-31,sv,RM06B,facebook,"1.3.6",253,skpcp,39,114,0.5288000000,28
2026-05-31,sv,RM06B,facebook,"1.3.6",253,splcp,113,151,1.5705500000,64
2026-05-31,sv,RM06B,facebook,"1.3.6",253,xzcp,40,103,0.4187500000,42
2026-05-31,tz,RM06B,facebook,"1.3.6",56,ALL,39,344,2.1898000000,140
2026-05-31,tz,RM06B,facebook,"1.3.6",56,albcp,11,12,0.0502000000,3
2026-05-31,tz,RM06B,facebook,"1.3.6",56,cl_open,21,22,0.4037000000,20
2026-05-31,tz,RM06B,facebook,"1.3.6",56,ho_open,28,80,0.5168000000,36
2026-05-31,tz,RM06B,facebook,"1.3.6",56,ngdcp,17,17,0.2240500000,4
2026-05-31,tz,RM06B,facebook,"1.3.6",56,searcp,15,18,0.1148000000,11
2026-05-31,tz,RM06B,facebook,"1.3.6",56,splcp,25,43,0.3164000000,21
2026-05-31,tz,RM06B,facebook,"1.3.6",56,xzcp,22,114,0.4558500000,34
2026-05-31,us,RM06B,facebook,"1.3.5",756,ALL,610,2655,479.6287500000,1434
2026-05-31,us,RM06B,facebook,"1.3.5",756,albcp,102,147,21.6304500000,67
2026-05-31,us,RM06B,facebook,"1.3.5",756,bkcp,47,72,6.8024000000,33
2026-05-31,us,RM06B,facebook,"1.3.5",756,cl_open,468,533,144.7812500000,409
2026-05-31,us,RM06B,facebook,"1.3.5",756,cscp,18,20,1.9941500000,7
2026-05-31,us,RM06B,facebook,"1.3.5",756,ho_open,381,883,157.1914500000,429
2026-05-31,us,RM06B,facebook,"1.3.5",756,ngdcp,253,256,53.6807000000,167
2026-05-31,us,RM06B,facebook,"1.3.5",756,searcp,96,116,17.5026500000,41
2026-05-31,us,RM06B,facebook,"1.3.5",756,skpcp,27,61,4.5309500000,28
2026-05-31,us,RM06B,facebook,"1.3.5",756,splcp,224,293,44.7289500000,117
2026-05-31,us,RM06B,facebook,"1.3.5",756,stccp,10,10,2.8118000000,4
2026-05-31,us,RM06B,facebook,"1.3.5",756,xzcp,77,232,19.6942000000,112
2026-05-31,us,RM06B,unknown,"1.3.5",128,ALL,119,164,37.5588000000,19
2026-05-31,us,RM06B,unknown,"1.3.5",128,cl_open,114,120,32.0838000000,10
2026-05-31,us,RM06B,facebook,"1.3.6",740,ALL,631,2931,482.6827000000,1555
2026-05-31,us,RM06B,facebook,"1.3.6",740,albcp,125,150,24.4464500000,72
2026-05-31,us,RM06B,facebook,"1.3.6",740,bkcp,59,71,7.5005500000,30
2026-05-31,us,RM06B,facebook,"1.3.6",740,cl_open,489,584,150.9610000000,461
2026-05-31,us,RM06B,facebook,"1.3.6",740,cscp,22,39,2.3177500000,16
2026-05-31,us,RM06B,facebook,"1.3.6",740,ho_open,370,931,142.1030000000,442
2026-05-31,us,RM06B,facebook,"1.3.6",740,ngdcp,289,302,61.0946000000,175
2026-05-31,us,RM06B,facebook,"1.3.6",740,searcp,112,138,20.0886500000,68
2026-05-31,us,RM06B,facebook,"1.3.6",740,secp,10,10,2.0525500000,5
2026-05-31,us,RM06B,facebook,"1.3.6",740,skpcp,33,114,7.4467000000,42
2026-05-31,us,RM06B,facebook,"1.3.6",740,splcp,233,347,42.7223000000,138
2026-05-31,us,RM06B,facebook,"1.3.6",740,stccp,22,22,3.3036500000,12
2026-05-31,us,RM06B,facebook,"1.3.6",740,xzcp,68,203,16.0182000000,74
2026-05-31,us,RM06B,unknown,"1.3.6",110,ALL,103,110,28.7869000000,13
2026-05-31,us,RM06B,unknown,"1.3.6",110,cl_open,101,103,27.8382500000,7
2026-05-31,us,RM08,facebook,"1.2.4",725,ALL,619,3030,490.0508956011,1526
2026-05-31,us,RM08,facebook,"1.2.4",725,ccopen,488,585,141.1406559371,410
2026-05-31,us,RM08,facebook,"1.2.4",725,hhopen,352,780,133.2389172324,334
2026-05-31,us,RM08,facebook,"1.2.4",725,insabb,150,164,28.0766549628,74
2026-05-31,us,RM08,facebook,"1.2.4",725,insatt,25,25,3.7019072888,7
2026-05-31,us,RM08,facebook,"1.2.4",725,insback,77,81,8.6754868184,32
2026-05-31,us,RM08,facebook,"1.2.4",725,inscon,122,230,23.6201925708,104
2026-05-31,us,RM08,facebook,"1.2.4",725,insdown,162,524,53.6207275389,245
2026-05-31,us,RM08,facebook,"1.2.4",725,insnewgd,296,302,57.8748220087,172
2026-05-31,us,RM08,facebook,"1.2.4",725,inspa,18,18,2.9949735962,6
2026-05-31,us,RM08,facebook,"1.2.4",725,insplayn,64,146,15.2787054672,68
2026-05-31,us,RM08,facebook,"1.2.4",725,inssec,99,109,14.6538891288,56
2026-05-31,us,RM08,facebook,"1.2.4",725,inssp,30,40,4.2012303099,10
2026-05-31,us,RM08,unknown,"1.2.4",118,ALL,109,130,30.0347589667,12
2026-05-31,us,RM08,unknown,"1.2.4",118,ccopen,101,103,26.0629527402,6
2026-05-31,us,RM08,unknown,"1.2.4",118,hhopen,12,18,2.7047588070,1
2026-05-31,uy,RM06B,facebook,"1.3.5",72,ALL,63,289,7.3350000000,136
2026-05-31,uy,RM06B,facebook,"1.3.5",72,cl_open,46,53,2.7812500000,48
2026-05-31,uy,RM06B,facebook,"1.3.5",72,ho_open,37,64,1.4580500000,26
2026-05-31,uy,RM06B,facebook,"1.3.5",72,ngdcp,31,31,1.1523000000,18
2026-05-31,uy,RM06B,facebook,"1.3.5",72,searcp,11,13,0.2992500000,10
2026-05-31,uy,RM06B,facebook,"1.3.5",72,splcp,21,26,0.8274500000,10
2026-05-31,uy,RM06B,facebook,"1.3.6",66,ALL,53,203,6.2491000000,124
2026-05-31,uy,RM06B,facebook,"1.3.6",66,cl_open,39,51,2.6934500000,45
2026-05-31,uy,RM06B,facebook,"1.3.6",66,ho_open,32,74,1.7913500000,43
2026-05-31,uy,RM06B,facebook,"1.3.6",66,ngdcp,19,20,0.4986000000,12
2026-05-31,uy,RM06B,facebook,"1.3.6",66,splcp,13,16,0.3810000000,6
2026-05-31,ve,RM06B,facebook,"1.3.4",51,ALL,43,174,1.1170500000,87
2026-05-31,ve,RM06B,facebook,"1.3.4",51,cl_open,28,30,0.4586000000,31
2026-05-31,ve,RM06B,facebook,"1.3.4",51,ho_open,20,40,0.2600000000,21
2026-05-31,ve,RM06B,facebook,"1.3.4",51,ngdcp,18,18,0.1254000000,12
2026-05-31,ve,RM06B,facebook,"1.3.4",51,splcp,18,25,0.0980500000,11
2026-05-31,ve,RM06B,facebook,"1.3.4",51,xzcp,10,24,0.0483500000,1
2026-05-31,ve,RM06B,Google Ads ACI,"1.3.5",70,ALL,43,321,1.2365000000,104
2026-05-31,ve,RM06B,Google Ads ACI,"1.3.5",70,bkcp,11,12,0.0214000000,4
2026-05-31,ve,RM06B,Google Ads ACI,"1.3.5",70,cl_open,29,35,0.4575500000,23
2026-05-31,ve,RM06B,Google Ads ACI,"1.3.5",70,ho_open,24,78,0.2248000000,32
2026-05-31,ve,RM06B,Google Ads ACI,"1.3.5",70,ngdcp,19,20,0.0879000000,4
2026-05-31,ve,RM06B,Google Ads ACI,"1.3.5",70,searcp,20,25,0.0612000000,13
2026-05-31,ve,RM06B,Google Ads ACI,"1.3.5",70,splcp,18,27,0.0633000000,5
2026-05-31,ve,RM06B,Google Ads ACI,"1.3.5",70,xzcp,11,93,0.1382000000,11
2026-05-31,ve,RM06B,facebook,"1.3.5",518,ALL,430,2766,18.5127500000,1110
2026-05-31,ve,RM06B,facebook,"1.3.5",518,albcp,84,97,0.8108000000,42
2026-05-31,ve,RM06B,facebook,"1.3.5",518,bkcp,80,106,0.4973500000,29
2026-05-31,ve,RM06B,facebook,"1.3.5",518,cl_open,287,325,6.3750500000,266
2026-05-31,ve,RM06B,facebook,"1.3.5",518,cscp,18,38,0.0479500000,9
2026-05-31,ve,RM06B,facebook,"1.3.5",518,ho_open,244,645,4.4392500000,266
2026-05-31,ve,RM06B,facebook,"1.3.5",518,ngdcp,181,190,1.6843000000,122
2026-05-31,ve,RM06B,facebook,"1.3.5",518,offlcp,12,13,0.0239000000,2
2026-05-31,ve,RM06B,facebook,"1.3.5",518,searcp,112,160,0.7299500000,53
2026-05-31,ve,RM06B,facebook,"1.3.5",518,skpcp,57,186,0.8802000000,66
2026-05-31,ve,RM06B,facebook,"1.3.5",518,splcp,202,404,1.8674000000,124
2026-05-31,ve,RM06B,facebook,"1.3.5",518,xzcp,100,566,1.0193000000,121
2026-05-31,ve,RM06B,Google Ads ACI,"1.3.6",77,ALL,49,424,1.8762500000,175
2026-05-31,ve,RM06B,Google Ads ACI,"1.3.6",77,bkcp,13,14,0.0355500000,4
2026-05-31,ve,RM06B,Google Ads ACI,"1.3.6",77,cl_open,27,30,0.5516000000,23
2026-05-31,ve,RM06B,Google Ads ACI,"1.3.6",77,ho_open,34,84,0.4903000000,49
2026-05-31,ve,RM06B,Google Ads ACI,"1.3.6",77,ngdcp,26,26,0.1900000000,15
2026-05-31,ve,RM06B,Google Ads ACI,"1.3.6",77,searcp,21,30,0.0532500000,6
2026-05-31,ve,RM06B,Google Ads ACI,"1.3.6",77,splcp,24,55,0.1535500000,29
2026-05-31,ve,RM06B,Google Ads ACI,"1.3.6",77,xzcp,15,129,0.2656500000,21
2026-05-31,ve,RM06B,facebook,"1.3.6",495,ALL,397,2198,16.1658000000,982
2026-05-31,ve,RM06B,facebook,"1.3.6",495,albcp,54,60,0.4921500000,26
2026-05-31,ve,RM06B,facebook,"1.3.6",495,bkcp,72,78,0.2737500000,25
2026-05-31,ve,RM06B,facebook,"1.3.6",495,cl_open,266,322,6.3493000000,298
2026-05-31,ve,RM06B,facebook,"1.3.6",495,cscp,16,19,0.0564500000,1
2026-05-31,ve,RM06B,facebook,"1.3.6",495,ho_open,205,477,3.9398500000,170
2026-05-31,ve,RM06B,facebook,"1.3.6",495,ngdcp,176,179,1.9700000000,146
2026-05-31,ve,RM06B,facebook,"1.3.6",495,offlcp,11,12,0.0344000000,2
2026-05-31,ve,RM06B,facebook,"1.3.6",495,searcp,92,110,0.4850500000,51
2026-05-31,ve,RM06B,facebook,"1.3.6",495,secp,10,10,0.0355500000,2
2026-05-31,ve,RM06B,facebook,"1.3.6",495,skpcp,38,120,0.3556000000,26
2026-05-31,ve,RM06B,facebook,"1.3.6",495,splcp,163,283,1.2449500000,113
2026-05-31,ve,RM06B,facebook,"1.3.6",495,xzcp,90,508,0.8160500000,116
2026-05-31,ve,RM08,facebook,"1.2.4",82,ALL,64,224,2.8691762775,166
2026-05-31,ve,RM08,facebook,"1.2.4",82,ccopen,42,56,0.9761101818,59
2026-05-31,ve,RM08,facebook,"1.2.4",82,hhopen,35,68,0.8321736322,45
2026-05-31,ve,RM08,facebook,"1.2.4",82,insabb,13,16,0.1473832758,6
2026-05-31,ve,RM08,facebook,"1.2.4",82,insback,11,11,0.0446051293,2
2026-05-31,ve,RM08,facebook,"1.2.4",82,insdown,13,15,0.2507941857,9
2026-05-31,ve,RM08,facebook,"1.2.4",82,insnewgd,17,17,0.2762725371,16
2026-05-31,ve,RM08,facebook,"1.2.4",82,insplayn,11,17,0.1798742376,16
2026-05-31,za,RM06B,facebook,"1.3.5",51,ALL,36,272,4.7576000000,109
2026-05-31,za,RM06B,facebook,"1.3.5",51,cl_open,22,26,1.6081000000,22
2026-05-31,za,RM06B,facebook,"1.3.5",51,ho_open,23,66,1.2101500000,26
2026-05-31,za,RM06B,facebook,"1.3.5",51,ngdcp,10,10,0.2800000000,8
2026-05-31,za,RM06B,facebook,"1.3.5",51,searcp,13,22,0.2778000000,8
2026-05-31,za,RM06B,facebook,"1.3.5",51,splcp,17,26,0.3265000000,8
2026-05-31,za,RM06B,facebook,"1.3.5",51,xzcp,12,73,0.5699500000,27
2026-05-31,za,RM08,Google Ads ACI,"1.2.4",58,ALL,41,476,2.7911967216,154
2026-05-31,za,RM08,Google Ads ACI,"1.2.4",58,ccopen,26,41,0.5386943053,26
2026-05-31,za,RM08,Google Ads ACI,"1.2.4",58,hhopen,26,88,0.4186299115,29
2026-05-31,za,RM08,Google Ads ACI,"1.2.4",58,insback,18,20,0.0722520577,2
2026-05-31,za,RM08,Google Ads ACI,"1.2.4",58,inscon,16,54,0.1536518950,16
2026-05-31,za,RM08,Google Ads ACI,"1.2.4",58,insdown,29,162,0.7476057734,38
2026-05-31,za,RM08,Google Ads ACI,"1.2.4",58,insnewgd,21,22,0.2511958373,17
2026-05-31,za,RM08,Google Ads ACI,"1.2.4",58,inssec,26,40,0.3649333663,13
2026-05-30,ao,RM06B,facebook,"1.3.5",191,ALL,141,483,4.9353000000,341
2026-05-30,ao,RM06B,facebook,"1.3.5",191,albcp,24,24,0.1609500000,12
2026-05-30,ao,RM06B,facebook,"1.3.5",191,bkcp,47,52,0.3194000000,24
2026-05-30,ao,RM06B,facebook,"1.3.5",191,cl_open,63,67,1.2365500000,72
2026-05-30,ao,RM06B,facebook,"1.3.5",191,ho_open,89,152,1.4468000000,102
2026-05-30,ao,RM06B,facebook,"1.3.5",191,ngdcp,42,42,0.3870000000,39
2026-05-30,ao,RM06B,facebook,"1.3.5",191,searcp,36,38,0.3561500000,24
2026-05-30,ao,RM06B,facebook,"1.3.5",191,secp,10,10,0.0464000000,13
2026-05-30,ao,RM06B,facebook,"1.3.5",191,splcp,44,49,0.4499500000,24
2026-05-30,ao,RM06B,facebook,"1.3.5",191,xzcp,23,28,0.3163000000,22
2026-05-30,ao,RM06B,facebook,"1.3.6",213,ALL,173,634,5.9932000000,465
2026-05-30,ao,RM06B,facebook,"1.3.6",213,albcp,21,22,0.1219500000,11
2026-05-30,ao,RM06B,facebook,"1.3.6",213,bkcp,48,49,0.2790000000,16
2026-05-30,ao,RM06B,facebook,"1.3.6",213,cl_open,86,90,1.5256000000,86
2026-05-30,ao,RM06B,facebook,"1.3.6",213,ho_open,98,224,2.0960000000,169
2026-05-30,ao,RM06B,facebook,"1.3.6",213,ngdcp,52,52,0.4022000000,45
2026-05-30,ao,RM06B,facebook,"1.3.6",213,searcp,42,46,0.3363000000,26
2026-05-30,ao,RM06B,facebook,"1.3.6",213,skpcp,14,23,0.1613000000,18
2026-05-30,ao,RM06B,facebook,"1.3.6",213,splcp,54,59,0.5841500000,34
2026-05-30,ao,RM06B,facebook,"1.3.6",213,xzcp,34,43,0.2989500000,41
2026-05-30,ao,RM08,facebook,"1.2.4",66,ALL,50,170,1.9477017311,125
2026-05-30,ao,RM08,facebook,"1.2.4",66,ccopen,35,43,0.7502868274,47
2026-05-30,ao,RM08,facebook,"1.2.4",66,hhopen,18,29,0.4001506277,16
2026-05-30,ao,RM08,facebook,"1.2.4",66,insback,13,13,0.1100684463,10
2026-05-30,ao,RM08,facebook,"1.2.4",66,insdown,12,20,0.1911591685,14
2026-05-30,ao,RM08,facebook,"1.2.4",66,insnewgd,19,19,0.1259007859,12
2026-05-30,ao,RM08,facebook,"1.2.4",66,inssec,14,15,0.1713272602,10
2026-05-30,ar,RM06B,facebook,"1.3.5",460,ALL,397,1866,36.9424500000,955
2026-05-30,ar,RM06B,facebook,"1.3.5",460,albcp,52,57,1.1640000000,24
2026-05-30,ar,RM06B,facebook,"1.3.5",460,bkcp,59,69,0.7246500000,15
2026-05-30,ar,RM06B,facebook,"1.3.5",460,cl_open,306,361,14.6012500000,259
2026-05-30,ar,RM06B,facebook,"1.3.5",460,cscp,11,13,0.0356000000,4
2026-05-30,ar,RM06B,facebook,"1.3.5",460,ho_open,214,482,9.4618500000,232
2026-05-30,ar,RM06B,facebook,"1.3.5",460,ngdcp,160,165,4.4385000000,123
2026-05-30,ar,RM06B,facebook,"1.3.5",460,offlcp,10,11,0.0447500000,4
2026-05-30,ar,RM06B,facebook,"1.3.5",460,searcp,73,90,1.0222000000,51
2026-05-30,ar,RM06B,facebook,"1.3.5",460,skpcp,29,64,0.2961500000,15
2026-05-30,ar,RM06B,facebook,"1.3.5",460,splcp,154,232,3.9560000000,114
2026-05-30,ar,RM06B,facebook,"1.3.5",460,xzcp,54,307,1.0426000000,107
2026-05-30,ar,RM06B,facebook,"1.3.6",407,ALL,347,1596,34.4714500000,890
2026-05-30,ar,RM06B,facebook,"1.3.6",407,albcp,42,44,0.7279000000,29
2026-05-30,ar,RM06B,facebook,"1.3.6",407,bkcp,54,57,0.4558500000,43
2026-05-30,ar,RM06B,facebook,"1.3.6",407,cl_open,263,309,12.3142500000,255
2026-05-30,ar,RM06B,facebook,"1.3.6",407,cscp,12,13,0.1514500000,6
2026-05-30,ar,RM06B,facebook,"1.3.6",407,ho_open,205,487,11.3920500000,250
2026-05-30,ar,RM06B,facebook,"1.3.6",407,ngdcp,142,142,3.5522500000,103
2026-05-30,ar,RM06B,facebook,"1.3.6",407,offlcp,11,12,0.1037000000,6
2026-05-30,ar,RM06B,facebook,"1.3.6",407,searcp,67,79,1.1543000000,33
2026-05-30,ar,RM06B,facebook,"1.3.6",407,skpcp,31,80,0.4185000000,23
2026-05-30,ar,RM06B,facebook,"1.3.6",407,splcp,140,214,2.6953500000,87
2026-05-30,ar,RM06B,facebook,"1.3.6",407,xzcp,51,142,1.0127000000,50
2026-05-30,ar,RM08,facebook,"1.2.4",171,ALL,144,511,12.2322498714,275
2026-05-30,ar,RM08,facebook,"1.2.4",171,ccopen,108,123,4.0633677021,95
2026-05-30,ar,RM08,facebook,"1.2.4",171,hhopen,73,157,3.8951836232,72
2026-05-30,ar,RM08,facebook,"1.2.4",171,insabb,16,16,0.3691951443,5
2026-05-30,ar,RM08,facebook,"1.2.4",171,insback,17,17,0.3407389192,7
2026-05-30,ar,RM08,facebook,"1.2.4",171,inscon,15,22,0.2829302001,10
2026-05-30,ar,RM08,facebook,"1.2.4",171,insdown,21,50,0.7120698665,12
2026-05-30,ar,RM08,facebook,"1.2.4",171,insnewgd,57,59,1.6184754698,45
2026-05-30,ar,RM08,facebook,"1.2.4",171,insplayn,21,40,0.4309846694,16
2026-05-30,ar,RM08,facebook,"1.2.4",171,inssec,16,17,0.2908952594,9
2026-05-30,bo,RM06B,facebook,"1.3.5",225,ALL,191,1005,14.7364000000,435
2026-05-30,bo,RM06B,facebook,"1.3.5",225,albcp,28,30,0.5092000000,13
2026-05-30,bo,RM06B,facebook,"1.3.5",225,bkcp,47,51,0.4785500000,18
2026-05-30,bo,RM06B,facebook,"1.3.5",225,cl_open,131,149,5.3400500000,112
2026-05-30,bo,RM06B,facebook,"1.3.5",225,ho_open,120,301,3.7315500000,110
2026-05-30,bo,RM06B,facebook,"1.3.5",225,ngdcp,92,94,1.9549000000,60
2026-05-30,bo,RM06B,facebook,"1.3.5",225,searcp,50,54,0.4017500000,20
2026-05-30,bo,RM06B,facebook,"1.3.5",225,skpcp,24,58,0.2642500000,29
2026-05-30,bo,RM06B,facebook,"1.3.5",225,splcp,96,131,1.0792000000,29
2026-05-30,bo,RM06B,facebook,"1.3.5",225,xzcp,46,110,0.6266000000,39
2026-05-30,bo,RM06B,facebook,"1.3.6",190,ALL,162,961,13.3408000000,456
2026-05-30,bo,RM06B,facebook,"1.3.6",190,albcp,28,29,0.1566000000,18
2026-05-30,bo,RM06B,facebook,"1.3.6",190,bkcp,29,32,0.1246500000,6
2026-05-30,bo,RM06B,facebook,"1.3.6",190,cl_open,120,148,5.2212000000,130
2026-05-30,bo,RM06B,facebook,"1.3.6",190,cscp,10,10,0.0141500000,5
2026-05-30,bo,RM06B,facebook,"1.3.6",190,ho_open,100,235,4.1038000000,96
2026-05-30,bo,RM06B,facebook,"1.3.6",190,ngdcp,74,74,1.1452000000,58
2026-05-30,bo,RM06B,facebook,"1.3.6",190,searcp,47,49,0.6555500000,16
2026-05-30,bo,RM06B,facebook,"1.3.6",190,skpcp,22,43,0.3225000000,9
2026-05-30,bo,RM06B,facebook,"1.3.6",190,splcp,76,107,1.1740000000,37
2026-05-30,bo,RM06B,facebook,"1.3.6",190,xzcp,21,218,0.3899500000,77
2026-05-30,bo,RM08,facebook,"1.2.4",69,ALL,53,170,3.4685139364,98
2026-05-30,bo,RM08,facebook,"1.2.4",69,ccopen,31,33,1.0164226206,33
2026-05-30,bo,RM08,facebook,"1.2.4",69,hhopen,29,62,1.2011757262,30
2026-05-30,bo,RM08,facebook,"1.2.4",69,insdown,10,12,0.0770750872,6
2026-05-30,bo,RM08,facebook,"1.2.4",69,insnewgd,15,15,0.3027950615,6
2026-05-30,bo,RM08,facebook,"1.2.4",69,insplayn,11,17,0.3062317230,7
2026-05-30,br,RM06B,Google Ads ACI,"1.3.4",150,ALL,99,530,9.1971000000,165
2026-05-30,br,RM06B,Google Ads ACI,"1.3.4",150,albcp,11,13,0.3077500000,7
2026-05-30,br,RM06B,Google Ads ACI,"1.3.4",150,bkcp,16,19,0.0958500000,2
2026-05-30,br,RM06B,Google Ads ACI,"1.3.4",150,cl_open,75,80,3.4528000000,41
2026-05-30,br,RM06B,Google Ads ACI,"1.3.4",150,ho_open,46,146,1.9567500000,34
2026-05-30,br,RM06B,Google Ads ACI,"1.3.4",150,ngdcp,48,48,1.4184000000,30
2026-05-30,br,RM06B,Google Ads ACI,"1.3.4",150,searcp,32,35,0.8049500000,16
2026-05-30,br,RM06B,Google Ads ACI,"1.3.4",150,splcp,38,61,0.5720500000,16
2026-05-30,br,RM06B,Google Ads ACI,"1.3.4",150,xzcp,19,95,0.3676000000,9
2026-05-30,br,RM06B,facebook,"1.3.4",79,ALL,44,155,5.0097500000,126
2026-05-30,br,RM06B,facebook,"1.3.4",79,cl_open,33,37,1.8727500000,47
2026-05-30,br,RM06B,facebook,"1.3.4",79,ho_open,22,51,1.2687500000,34
2026-05-30,br,RM06B,facebook,"1.3.4",79,ngdcp,21,21,1.0710500000,20
2026-05-30,br,RM06B,facebook,"1.3.4",79,splcp,14,16,0.2357000000,5
2026-05-30,br,RM06B,unknown,"1.3.4",62,ALL,50,140,4.1093500000,44
2026-05-30,br,RM06B,unknown,"1.3.4",62,cl_open,40,40,2.4294000000,6
2026-05-30,br,RM06B,unknown,"1.3.4",62,ho_open,18,44,0.8873000000,22
2026-05-30,br,RM06B,unknown,"1.3.4",62,ngdcp,13,13,0.2229500000,3
2026-05-30,br,RM06B,unknown,"1.3.4",62,splcp,11,14,0.2401000000,5
2026-05-30,br,RM06B,Google Ads ACI,"1.3.5",562,ALL,431,2981,54.1429500000,1368
2026-05-30,br,RM06B,Google Ads ACI,"1.3.5",562,albcp,76,84,1.4905000000,39
2026-05-30,br,RM06B,Google Ads ACI,"1.3.5",562,bkcp,88,109,0.7415500000,24
2026-05-30,br,RM06B,Google Ads ACI,"1.3.5",562,cl_open,322,409,15.8435500000,265
2026-05-30,br,RM06B,Google Ads ACI,"1.3.5",562,cscp,22,32,0.3106000000,16
2026-05-30,br,RM06B,Google Ads ACI,"1.3.5",562,ho_open,255,897,16.1718000000,420
2026-05-30,br,RM06B,Google Ads ACI,"1.3.5",562,ngdcp,236,243,5.2334500000,146
2026-05-30,br,RM06B,Google Ads ACI,"1.3.5",562,offlcp,24,29,0.3604000000,14
2026-05-30,br,RM06B,Google Ads ACI,"1.3.5",562,searcp,155,202,2.8892500000,87
2026-05-30,br,RM06B,Google Ads ACI,"1.3.5",562,skpcp,38,85,1.0853000000,35
2026-05-30,br,RM06B,Google Ads ACI,"1.3.5",562,splcp,234,372,5.9497000000,133
2026-05-30,br,RM06B,Google Ads ACI,"1.3.5",562,xzcp,105,482,3.3416000000,182
2026-05-30,br,RM06B,facebook,"1.3.5",1485,ALL,1236,6224,273.1056000000,3728
2026-05-30,br,RM06B,facebook,"1.3.5",1485,albcp,228,254,9.8943500000,129
2026-05-30,br,RM06B,facebook,"1.3.5",1485,bkcp,188,209,3.8367000000,90
2026-05-30,br,RM06B,facebook,"1.3.5",1485,cl_open,906,1084,90.2724000000,1099
2026-05-30,br,RM06B,facebook,"1.3.5",1485,cscp,41,53,0.9442500000,19
2026-05-30,br,RM06B,facebook,"1.3.5",1485,ho_open,813,2055,89.5177000000,1129
2026-05-30,br,RM06B,facebook,"1.3.5",1485,ngdcp,499,506,27.4408500000,409
2026-05-30,br,RM06B,facebook,"1.3.5",1485,offlcp,24,26,0.4074000000,15
2026-05-30,br,RM06B,facebook,"1.3.5",1485,searcp,207,269,8.5663500000,120
2026-05-30,br,RM06B,facebook,"1.3.5",1485,secp,19,20,0.6689000000,20
2026-05-30,br,RM06B,facebook,"1.3.5",1485,skpcp,134,348,7.0417500000,151
2026-05-30,br,RM06B,facebook,"1.3.5",1485,splcp,525,744,25.5930000000,339
2026-05-30,br,RM06B,facebook,"1.3.5",1485,stccp,17,17,0.4504500000,5
2026-05-30,br,RM06B,facebook,"1.3.5",1485,xzcp,150,619,8.0581000000,200
2026-05-30,br,RM06B,unknown,"1.3.5",301,ALL,266,365,20.7342000000,45
2026-05-30,br,RM06B,unknown,"1.3.5",301,cl_open,250,256,19.3137000000,16
2026-05-30,br,RM06B,unknown,"1.3.5",301,ho_open,21,35,0.6054000000,10
2026-05-30,br,RM06B,unknown,"1.3.5",301,ngdcp,11,11,0.2256500000,3
2026-05-30,br,RM06B,unknown,"1.3.5",301,searcp,11,11,0.1169500000,2
2026-05-30,br,RM06B,unknown,"1.3.5",301,splcp,15,25,0.1781500000,8
2026-05-30,br,RM06B,Google Ads ACI,"1.3.6",410,ALL,314,2389,39.7562000000,1179
2026-05-30,br,RM06B,Google Ads ACI,"1.3.6",410,albcp,45,51,0.8481500000,25
2026-05-30,br,RM06B,Google Ads ACI,"1.3.6",410,bkcp,77,93,0.7355500000,45
2026-05-30,br,RM06B,Google Ads ACI,"1.3.6",410,cl_open,245,303,11.3642500000,221
2026-05-30,br,RM06B,Google Ads ACI,"1.3.6",410,cscp,19,23,0.0949000000,13
2026-05-30,br,RM06B,Google Ads ACI,"1.3.6",410,ho_open,195,657,10.9864000000,273
2026-05-30,br,RM06B,Google Ads ACI,"1.3.6",410,ngdcp,180,186,4.4896500000,112
2026-05-30,br,RM06B,Google Ads ACI,"1.3.6",410,offlcp,26,31,0.3764500000,8
2026-05-30,br,RM06B,Google Ads ACI,"1.3.6",410,searcp,131,169,2.3474500000,82
2026-05-30,br,RM06B,Google Ads ACI,"1.3.6",410,skpcp,42,97,1.2651500000,46
2026-05-30,br,RM06B,Google Ads ACI,"1.3.6",410,splcp,176,302,4.0640500000,130
2026-05-30,br,RM06B,Google Ads ACI,"1.3.6",410,xzcp,78,452,2.9761500000,210
2026-05-30,br,RM06B,facebook,"1.3.6",1472,ALL,1240,6482,279.4576500000,4197
2026-05-30,br,RM06B,facebook,"1.3.6",1472,albcp,213,241,9.1147000000,170
2026-05-30,br,RM06B,facebook,"1.3.6",1472,bkcp,168,202,4.9058500000,80
2026-05-30,br,RM06B,facebook,"1.3.6",1472,cl_open,931,1110,96.6034000000,1140
2026-05-30,br,RM06B,facebook,"1.3.6",1472,cscp,37,51,0.7853500000,27
2026-05-30,br,RM06B,facebook,"1.3.6",1472,ho_open,779,2138,89.9350500000,1174
2026-05-30,br,RM06B,facebook,"1.3.6",1472,ngdcp,502,508,26.6774500000,422
2026-05-30,br,RM06B,facebook,"1.3.6",1472,offlcp,21,23,0.4319500000,7
2026-05-30,br,RM06B,facebook,"1.3.6",1472,rkgcp,12,13,0.3545500000,6
2026-05-30,br,RM06B,facebook,"1.3.6",1472,searcp,188,242,7.4437000000,151
2026-05-30,br,RM06B,facebook,"1.3.6",1472,secp,11,12,0.4035000000,8
2026-05-30,br,RM06B,facebook,"1.3.6",1472,skpcp,115,390,6.4005500000,204
2026-05-30,br,RM06B,facebook,"1.3.6",1472,splcp,522,731,27.0878500000,375
2026-05-30,br,RM06B,facebook,"1.3.6",1472,stccp,20,21,0.6405500000,19
2026-05-30,br,RM06B,facebook,"1.3.6",1472,xzcp,150,786,8.3601000000,408
2026-05-30,br,RM06B,unknown,"1.3.6",295,ALL,272,400,22.2884000000,59
2026-05-30,br,RM06B,unknown,"1.3.6",295,cl_open,260,268,20.2452000000,19
2026-05-30,br,RM06B,unknown,"1.3.6",295,ho_open,22,55,1.2365000000,23
2026-05-30,br,RM06B,unknown,"1.3.6",295,ngdcp,15,15,0.3109500000,4
2026-05-30,br,RM06B,unknown,"1.3.6",295,searcp,10,12,0.1016500000,2
2026-05-30,br,RM06B,unknown,"1.3.6",295,splcp,13,16,0.0978000000,1
2026-05-30,br,RM08,Google Ads ACI,"1.2.4",58,ALL,45,568,3.0955553381,168
2026-05-30,br,RM08,Google Ads ACI,"1.2.4",58,ccopen,38,46,0.7939143840,25
2026-05-30,br,RM08,Google Ads ACI,"1.2.4",58,hhopen,22,70,0.5345577625,18
2026-05-30,br,RM08,Google Ads ACI,"1.2.4",58,insabb,10,12,0.0646923140,6
2026-05-30,br,RM08,Google Ads ACI,"1.2.4",58,insback,13,17,0.0735825849,9
2026-05-30,br,RM08,Google Ads ACI,"1.2.4",58,inscon,18,56,0.1843778916,19
2026-05-30,br,RM08,Google Ads ACI,"1.2.4",58,insdown,24,237,0.4299018534,32
2026-05-30,br,RM08,Google Ads ACI,"1.2.4",58,insnewgd,27,29,0.2541344910,24
2026-05-30,br,RM08,Google Ads ACI,"1.2.4",58,insplayn,10,37,0.2563214569,15
2026-05-30,br,RM08,Google Ads ACI,"1.2.4",58,inssec,25,37,0.3399677876,13
2026-05-30,br,RM08,Google Ads ACI,"1.2.4",58,inssp,12,15,0.0799291142,6
2026-05-30,br,RM08,facebook,"1.2.4",1205,ALL,1036,4873,207.0734493869,3099
2026-05-30,br,RM08,facebook,"1.2.4",1205,ccopen,827,990,73.4975878939,951
2026-05-30,br,RM08,facebook,"1.2.4",1205,hhopen,586,1372,62.1862116687,810
2026-05-30,br,RM08,facebook,"1.2.4",1205,insabb,167,182,7.6803868269,110
2026-05-30,br,RM08,facebook,"1.2.4",1205,insatt,23,23,0.9936567504,11
2026-05-30,br,RM08,facebook,"1.2.4",1205,insback,137,145,2.9536865318,47
2026-05-30,br,RM08,facebook,"1.2.4",1205,inscon,177,291,6.9396973884,147
2026-05-30,br,RM08,facebook,"1.2.4",1205,insdown,197,725,11.8062218649,332
2026-05-30,br,RM08,facebook,"1.2.4",1205,inshg,17,17,0.4031416126,7
2026-05-30,br,RM08,facebook,"1.2.4",1205,insnewgd,426,430,24.4971937042,332
2026-05-30,br,RM08,facebook,"1.2.4",1205,inspa,18,20,0.4500773409,17
2026-05-30,br,RM08,facebook,"1.2.4",1205,insplayn,183,497,9.9184104195,225
2026-05-30,br,RM08,facebook,"1.2.4",1205,inssec,125,136,4.8386535762,87
2026-05-30,br,RM08,facebook,"1.2.4",1205,inssp,29,37,0.4911831162,19
2026-05-30,br,RM08,unknown,"1.2.4",169,ALL,155,208,11.1681457578,32
2026-05-30,br,RM08,unknown,"1.2.4",169,ccopen,149,151,10.2401947193,5
2026-05-30,br,RM08,unknown,"1.2.4",169,hhopen,11,22,0.3605505016,14
2026-05-30,ca,RM06B,facebook,"1.3.5",50,ALL,32,87,2.4572000000,59
2026-05-30,ca,RM06B,facebook,"1.3.5",50,cl_open,11,11,0.6195500000,9
2026-05-30,ca,RM06B,facebook,"1.3.5",50,ho_open,23,40,1.1244500000,17
2026-05-30,ca,RM06B,facebook,"1.3.5",50,splcp,11,11,0.2069000000,8
2026-05-30,cl,RM06B,facebook,"1.3.5",237,ALL,212,1076,27.8987000000,510
2026-05-30,cl,RM06B,facebook,"1.3.5",237,albcp,35,37,0.8011500000,18
2026-05-30,cl,RM06B,facebook,"1.3.5",237,bkcp,33,40,0.4653000000,10
2026-05-30,cl,RM06B,facebook,"1.3.5",237,cl_open,168,210,11.0461000000,162
2026-05-30,cl,RM06B,facebook,"1.3.5",237,ho_open,116,313,7.8525500000,137
2026-05-30,cl,RM06B,facebook,"1.3.5",237,ngdcp,94,97,3.1519000000,57
2026-05-30,cl,RM06B,facebook,"1.3.5",237,searcp,33,44,0.6486000000,18
2026-05-30,cl,RM06B,facebook,"1.3.5",237,skpcp,20,54,0.5740500000,23
2026-05-30,cl,RM06B,facebook,"1.3.5",237,splcp,73,146,2.2356000000,57
2026-05-30,cl,RM06B,facebook,"1.3.5",237,xzcp,21,108,0.7268000000,24
2026-05-30,cl,RM06B,facebook,"1.3.6",197,ALL,177,547,19.6728000000,290
2026-05-30,cl,RM06B,facebook,"1.3.6",197,albcp,13,16,0.3889000000,4
2026-05-30,cl,RM06B,facebook,"1.3.6",197,bkcp,18,18,0.3226500000,4
2026-05-30,cl,RM06B,facebook,"1.3.6",197,cl_open,141,172,10.1333000000,129
2026-05-30,cl,RM06B,facebook,"1.3.6",197,ho_open,86,159,4.9649000000,61
2026-05-30,cl,RM06B,facebook,"1.3.6",197,ngdcp,72,73,2.3716500000,53
2026-05-30,cl,RM06B,facebook,"1.3.6",197,searcp,22,25,0.1957500000,9
2026-05-30,cl,RM06B,facebook,"1.3.6",197,splcp,52,62,1.1296500000,27
2026-05-30,cl,RM08,facebook,"1.2.4",112,ALL,89,263,9.9537539963,165
2026-05-30,cl,RM08,facebook,"1.2.4",112,ccopen,71,81,4.2829343316,72
2026-05-30,cl,RM08,facebook,"1.2.4",112,hhopen,39,69,2.3748650128,37
2026-05-30,cl,RM08,facebook,"1.2.4",112,insabb,17,17,0.6181828241,15
2026-05-30,cl,RM08,facebook,"1.2.4",112,insdown,11,18,0.3159623746,3
2026-05-30,cl,RM08,facebook,"1.2.4",112,insnewgd,35,35,1.6604174166,22
2026-05-30,co,RM06B,facebook,"1.3.4",121,ALL,80,440,6.8401000000,240
2026-05-30,co,RM06B,facebook,"1.3.4",121,albcp,11,12,0.1188500000,7
2026-05-30,co,RM06B,facebook,"1.3.4",121,bkcp,17,17,0.0562000000,12
2026-05-30,co,RM06B,facebook,"1.3.4",121,cl_open,59,70,2.6493000000,63
2026-05-30,co,RM06B,facebook,"1.3.4",121,ho_open,45,151,1.7026500000,60
2026-05-30,co,RM06B,facebook,"1.3.4",121,ngdcp,31,31,0.7461000000,22
2026-05-30,co,RM06B,facebook,"1.3.4",121,searcp,21,21,0.2646500000,7
2026-05-30,co,RM06B,facebook,"1.3.4",121,skpcp,11,23,0.1403500000,10
2026-05-30,co,RM06B,facebook,"1.3.4",121,splcp,46,57,0.7128000000,32
2026-05-30,co,RM06B,facebook,"1.3.4",121,xzcp,16,44,0.3070000000,22
2026-05-30,co,RM06B,Google Ads ACI,"1.3.5",138,ALL,73,681,5.1862000000,267
2026-05-30,co,RM06B,Google Ads ACI,"1.3.5",138,bkcp,23,30,0.1230500000,10
2026-05-30,co,RM06B,Google Ads ACI,"1.3.5",138,cl_open,42,59,1.5901500000,41
2026-05-30,co,RM06B,Google Ads ACI,"1.3.5",138,ho_open,45,154,1.3149500000,64
2026-05-30,co,RM06B,Google Ads ACI,"1.3.5",138,ngdcp,31,38,0.4395000000,32
2026-05-30,co,RM06B,Google Ads ACI,"1.3.5",138,searcp,32,38,0.4716500000,13
2026-05-30,co,RM06B,Google Ads ACI,"1.3.5",138,skpcp,14,75,0.2411000000,30
2026-05-30,co,RM06B,Google Ads ACI,"1.3.5",138,splcp,39,59,0.3296000000,23
2026-05-30,co,RM06B,Google Ads ACI,"1.3.5",138,xzcp,31,190,0.3997000000,43
2026-05-30,co,RM06B,TIKTOK,"1.3.5",51,ALL,45,337,4.0556500000,203
2026-05-30,co,RM06B,TIKTOK,"1.3.5",51,albcp,10,10,0.1057000000,8
2026-05-30,co,RM06B,TIKTOK,"1.3.5",51,bkcp,13,13,0.0698000000,5
2026-05-30,co,RM06B,TIKTOK,"1.3.5",51,cl_open,32,37,1.3795500000,36
2026-05-30,co,RM06B,TIKTOK,"1.3.5",51,ho_open,27,100,0.9975500000,58
2026-05-30,co,RM06B,TIKTOK,"1.3.5",51,ngdcp,26,26,0.5029500000,28
2026-05-30,co,RM06B,TIKTOK,"1.3.5",51,searcp,16,22,0.2596000000,13
2026-05-30,co,RM06B,TIKTOK,"1.3.5",51,skpcp,11,24,0.1733500000,13
2026-05-30,co,RM06B,TIKTOK,"1.3.5",51,splcp,24,38,0.3679000000,20
2026-05-30,co,RM06B,TIKTOK,"1.3.5",51,xzcp,15,61,0.1231500000,20
2026-05-30,co,RM06B,facebook,"1.3.5",1260,ALL,1054,5462,111.6357500000,3015
2026-05-30,co,RM06B,facebook,"1.3.5",1260,albcp,151,163,2.6115000000,105
2026-05-30,co,RM06B,facebook,"1.3.5",1260,bkcp,194,216,2.6913500000,94
2026-05-30,co,RM06B,facebook,"1.3.5",1260,cl_open,769,927,43.6000500000,753
2026-05-30,co,RM06B,facebook,"1.3.5",1260,cscp,51,61,0.3630500000,35
2026-05-30,co,RM06B,facebook,"1.3.5",1260,ho_open,600,1509,27.4206000000,811
2026-05-30,co,RM06B,facebook,"1.3.5",1260,lkcp,12,12,0.1196000000,3
2026-05-30,co,RM06B,facebook,"1.3.5",1260,ngdcp,437,443,11.6579500000,320
2026-05-30,co,RM06B,facebook,"1.3.5",1260,offlcp,28,39,0.1258000000,11
2026-05-30,co,RM06B,facebook,"1.3.5",1260,rkgcp,11,11,0.3858000000,7
2026-05-30,co,RM06B,facebook,"1.3.5",1260,searcp,260,318,5.1553000000,173
2026-05-30,co,RM06B,facebook,"1.3.5",1260,secp,13,13,0.2230500000,4
2026-05-30,co,RM06B,facebook,"1.3.5",1260,skpcp,108,325,2.3371500000,114
2026-05-30,co,RM06B,facebook,"1.3.5",1260,splcp,455,665,9.4426000000,293
2026-05-30,co,RM06B,facebook,"1.3.5",1260,stccp,16,16,0.1593000000,8
2026-05-30,co,RM06B,facebook,"1.3.5",1260,xzcp,204,740,5.2933500000,284
2026-05-30,co,RM06B,unknown,"1.3.5",65,ALL,50,126,2.3659000000,44
2026-05-30,co,RM06B,unknown,"1.3.5",65,cl_open,44,50,2.0955000000,6
2026-05-30,co,RM06B,Google Ads ACI,"1.3.6",120,ALL,74,588,6.0148500000,275
2026-05-30,co,RM06B,Google Ads ACI,"1.3.6",120,albcp,11,12,0.0970000000,6
2026-05-30,co,RM06B,Google Ads ACI,"1.3.6",120,bkcp,19,27,0.1038500000,15
2026-05-30,co,RM06B,Google Ads ACI,"1.3.6",120,cl_open,49,59,2.1267500000,35
2026-05-30,co,RM06B,Google Ads ACI,"1.3.6",120,ho_open,46,116,1.9163500000,59
2026-05-30,co,RM06B,Google Ads ACI,"1.3.6",120,ngdcp,33,36,0.4458000000,20
2026-05-30,co,RM06B,Google Ads ACI,"1.3.6",120,searcp,34,51,0.2614500000,25
2026-05-30,co,RM06B,Google Ads ACI,"1.3.6",120,splcp,42,104,0.4525000000,50
2026-05-30,co,RM06B,Google Ads ACI,"1.3.6",120,xzcp,30,148,0.4447500000,52
2026-05-30,co,RM06B,TIKTOK,"1.3.6",54,ALL,48,418,3.9620500000,242
2026-05-30,co,RM06B,TIKTOK,"1.3.6",54,bkcp,19,23,0.1804000000,8
2026-05-30,co,RM06B,TIKTOK,"1.3.6",54,cl_open,34,39,1.2359500000,39
2026-05-30,co,RM06B,TIKTOK,"1.3.6",54,ho_open,29,95,0.9212500000,42
2026-05-30,co,RM06B,TIKTOK,"1.3.6",54,ngdcp,29,30,0.5505000000,22
2026-05-30,co,RM06B,TIKTOK,"1.3.6",54,searcp,23,29,0.2881000000,30
2026-05-30,co,RM06B,TIKTOK,"1.3.6",54,splcp,26,54,0.3453500000,27
2026-05-30,co,RM06B,TIKTOK,"1.3.6",54,xzcp,19,92,0.2051500000,47
2026-05-30,co,RM06B,facebook,"1.3.6",1173,ALL,976,5107,107.6347000000,2740
2026-05-30,co,RM06B,facebook,"1.3.6",1173,albcp,111,118,1.8513500000,60
2026-05-30,co,RM06B,facebook,"1.3.6",1173,bkcp,157,182,1.7636000000,75
2026-05-30,co,RM06B,facebook,"1.3.6",1173,cl_open,681,824,41.0514000000,715
2026-05-30,co,RM06B,facebook,"1.3.6",1173,cscp,48,62,0.4471000000,18
2026-05-30,co,RM06B,facebook,"1.3.6",1173,ho_open,571,1522,27.6312000000,713
2026-05-30,co,RM06B,facebook,"1.3.6",1173,lkcp,10,11,0.2427500000,4
2026-05-30,co,RM06B,facebook,"1.3.6",1173,ngdcp,417,419,11.5564000000,312
2026-05-30,co,RM06B,facebook,"1.3.6",1173,offlcp,40,43,0.5041500000,12
2026-05-30,co,RM06B,facebook,"1.3.6",1173,searcp,227,298,5.3081000000,159
2026-05-30,co,RM06B,facebook,"1.3.6",1173,secp,16,16,0.2305000000,7
2026-05-30,co,RM06B,facebook,"1.3.6",1173,skpcp,94,229,2.0829500000,96
2026-05-30,co,RM06B,facebook,"1.3.6",1173,splcp,411,613,9.1344500000,249
2026-05-30,co,RM06B,facebook,"1.3.6",1173,xzcp,188,743,4.9669000000,307
2026-05-30,co,RM06B,unknown,"1.3.6",57,ALL,50,94,2.4309000000,21
2026-05-30,co,RM06B,unknown,"1.3.6",57,cl_open,46,49,2.0367500000,5
2026-05-30,co,RM08,facebook,"1.2.4",296,ALL,244,1111,23.6164760700,601
2026-05-30,co,RM08,facebook,"1.2.4",296,ccopen,182,216,8.3259707803,172
2026-05-30,co,RM08,facebook,"1.2.4",296,hhopen,138,359,6.7870024902,167
2026-05-30,co,RM08,facebook,"1.2.4",296,insabb,45,52,1.1678816498,24
2026-05-30,co,RM08,facebook,"1.2.4",296,insback,36,41,0.3828696522,15
2026-05-30,co,RM08,facebook,"1.2.4",296,inscon,27,71,0.6763047700,25
2026-05-30,co,RM08,facebook,"1.2.4",296,insdown,47,113,1.4936512873,47
2026-05-30,co,RM08,facebook,"1.2.4",296,insnewgd,94,94,2.5954137209,78
2026-05-30,co,RM08,facebook,"1.2.4",296,insplayn,36,91,1.0249610535,36
2026-05-30,co,RM08,facebook,"1.2.4",296,inssec,42,49,0.6532430405,28
2026-05-30,co,RM08,facebook,"1.2.4",296,inssp,12,12,0.1607357868,3
2026-05-30,co,RM08,unknown,"1.2.4",59,ALL,48,120,1.7231568202,23
2026-05-30,co,RM08,unknown,"1.2.4",59,ccopen,42,44,1.2188979517,7
2026-05-30,co,RM08,unknown,"1.2.4",59,hhopen,13,40,0.2801701702,9
2026-05-30,cr,RM06B,facebook,"1.3.5",93,ALL,74,319,13.0662000000,167
2026-05-30,cr,RM06B,facebook,"1.3.5",93,albcp,10,11,0.1670500000,5
2026-05-30,cr,RM06B,facebook,"1.3.5",93,bkcp,10,12,0.2308000000,7
2026-05-30,cr,RM06B,facebook,"1.3.5",93,cl_open,56,61,5.7945500000,45
2026-05-30,cr,RM06B,facebook,"1.3.5",93,ho_open,33,78,2.8462500000,31
2026-05-30,cr,RM06B,facebook,"1.3.5",93,ngdcp,33,33,1.6836000000,26
2026-05-30,cr,RM06B,facebook,"1.3.5",93,searcp,15,15,0.4581500000,2
2026-05-30,cr,RM06B,facebook,"1.3.5",93,splcp,29,45,0.8975000000,21
2026-05-30,cr,RM06B,facebook,"1.3.5",93,xzcp,10,19,0.6314500000,6
2026-05-30,cr,RM06B,facebook,"1.3.6",100,ALL,86,338,15.5349000000,179
2026-05-30,cr,RM06B,facebook,"1.3.6",100,bkcp,10,10,0.3266000000,3
2026-05-30,cr,RM06B,facebook,"1.3.6",100,cl_open,72,79,6.2063500000,71
2026-05-30,cr,RM06B,facebook,"1.3.6",100,ho_open,50,100,4.5120000000,46
2026-05-30,cr,RM06B,facebook,"1.3.6",100,ngdcp,31,32,1.2553000000,12
2026-05-30,cr,RM06B,facebook,"1.3.6",100,searcp,14,16,0.7318000000,5
2026-05-30,cr,RM06B,facebook,"1.3.6",100,skpcp,10,15,0.1851500000,5
2026-05-30,cr,RM06B,facebook,"1.3.6",100,splcp,36,41,1.6014500000,19
2026-05-30,cr,RM06B,facebook,"1.3.6",100,xzcp,13,28,0.3869000000,13
2026-05-30,do,RM06B,facebook,"1.3.5",73,ALL,60,441,6.5293000000,165
2026-05-30,do,RM06B,facebook,"1.3.5",73,bkcp,11,22,0.2318500000,5
2026-05-30,do,RM06B,facebook,"1.3.5",73,cl_open,45,52,1.9068000000,46
2026-05-30,do,RM06B,facebook,"1.3.5",73,ho_open,42,105,2.2943000000,38
2026-05-30,do,RM06B,facebook,"1.3.5",73,ngdcp,30,30,0.7171000000,20
2026-05-30,do,RM06B,facebook,"1.3.5",73,searcp,13,22,0.2494000000,13
2026-05-30,do,RM06B,facebook,"1.3.5",73,splcp,23,65,0.5839500000,22
2026-05-30,do,RM06B,facebook,"1.3.5",73,xzcp,10,102,0.3086500000,5
2026-05-30,do,RM06B,facebook,"1.3.6",80,ALL,73,411,6.3384500000,208
2026-05-30,do,RM06B,facebook,"1.3.6",80,bkcp,13,14,0.0471000000,4
2026-05-30,do,RM06B,facebook,"1.3.6",80,cl_open,49,55,2.2361500000,44
2026-05-30,do,RM06B,facebook,"1.3.6",80,ho_open,53,136,2.1617500000,71
2026-05-30,do,RM06B,facebook,"1.3.6",80,ngdcp,25,25,0.5304500000,24
2026-05-30,do,RM06B,facebook,"1.3.6",80,searcp,18,25,0.2613000000,9
2026-05-30,do,RM06B,facebook,"1.3.6",80,splcp,28,47,0.6243500000,12
2026-05-30,do,RM06B,facebook,"1.3.6",80,xzcp,15,81,0.2204000000,20
2026-05-30,ec,RM06B,facebook,"1.3.5",160,ALL,138,749,10.9835000000,397
2026-05-30,ec,RM06B,facebook,"1.3.5",160,albcp,16,16,0.2494000000,9
2026-05-30,ec,RM06B,facebook,"1.3.5",160,bkcp,20,21,0.1911000000,9
2026-05-30,ec,RM06B,facebook,"1.3.5",160,cl_open,110,128,4.7053000000,106
2026-05-30,ec,RM06B,facebook,"1.3.5",160,ho_open,87,194,2.8094000000,90
2026-05-30,ec,RM06B,facebook,"1.3.5",160,ngdcp,57,58,0.9557000000,37
2026-05-30,ec,RM06B,facebook,"1.3.5",160,searcp,29,32,0.3808000000,19
2026-05-30,ec,RM06B,facebook,"1.3.5",160,skpcp,13,63,0.1592500000,22
2026-05-30,ec,RM06B,facebook,"1.3.5",160,splcp,61,102,1.1845000000,56
2026-05-30,ec,RM06B,facebook,"1.3.5",160,xzcp,23,114,0.2603500000,42
2026-05-30,ec,RM06B,facebook,"1.3.6",177,ALL,155,818,13.9698500000,408
2026-05-30,ec,RM06B,facebook,"1.3.6",177,albcp,22,23,0.1651000000,9
2026-05-30,ec,RM06B,facebook,"1.3.6",177,bkcp,35,39,0.3401500000,10
2026-05-30,ec,RM06B,facebook,"1.3.6",177,cl_open,116,130,5.6169000000,94
2026-05-30,ec,RM06B,facebook,"1.3.6",177,ho_open,85,213,3.5822000000,108
2026-05-30,ec,RM06B,facebook,"1.3.6",177,ngdcp,74,76,1.4333000000,55
2026-05-30,ec,RM06B,facebook,"1.3.6",177,offlcp,11,12,0.0541000000,5
2026-05-30,ec,RM06B,facebook,"1.3.6",177,searcp,35,42,0.2916000000,21
2026-05-30,ec,RM06B,facebook,"1.3.6",177,skpcp,19,58,0.3517000000,25
2026-05-30,ec,RM06B,facebook,"1.3.6",177,splcp,75,107,1.5364500000,41
2026-05-30,ec,RM06B,facebook,"1.3.6",177,xzcp,34,93,0.4639000000,30
2026-05-30,es,RM06B,facebook,"1.3.5",229,ALL,188,1097,60.4084000000,453
2026-05-30,es,RM06B,facebook,"1.3.5",229,albcp,24,29,1.5669500000,14
2026-05-30,es,RM06B,facebook,"1.3.5",229,bkcp,35,41,1.0350500000,12
2026-05-30,es,RM06B,facebook,"1.3.5",229,cl_open,138,183,22.6462500000,138
2026-05-30,es,RM06B,facebook,"1.3.5",229,cscp,14,16,0.5643000000,5
2026-05-30,es,RM06B,facebook,"1.3.5",229,ho_open,108,307,16.4863500000,108
2026-05-30,es,RM06B,facebook,"1.3.5",229,ngdcp,81,81,5.1642500000,47
2026-05-30,es,RM06B,facebook,"1.3.5",229,searcp,52,76,2.9229000000,24
2026-05-30,es,RM06B,facebook,"1.3.5",229,skpcp,16,52,1.2528000000,7
2026-05-30,es,RM06B,facebook,"1.3.5",229,splcp,88,132,5.9306500000,54
2026-05-30,es,RM06B,facebook,"1.3.5",229,xzcp,29,151,1.8651500000,31
2026-05-30,es,RM06B,facebook,"1.3.6",204,ALL,161,958,52.2729500000,399
2026-05-30,es,RM06B,facebook,"1.3.6",204,albcp,25,27,1.4163500000,11
2026-05-30,es,RM06B,facebook,"1.3.6",204,bkcp,30,35,1.1634500000,6
2026-05-30,es,RM06B,facebook,"1.3.6",204,cl_open,110,138,17.5338000000,104
2026-05-30,es,RM06B,facebook,"1.3.6",204,ho_open,99,297,14.7233500000,112
2026-05-30,es,RM06B,facebook,"1.3.6",204,ngdcp,71,72,5.3628000000,50
2026-05-30,es,RM06B,facebook,"1.3.6",204,searcp,46,88,3.5387000000,27
2026-05-30,es,RM06B,facebook,"1.3.6",204,skpcp,18,53,1.3679500000,26
2026-05-30,es,RM06B,facebook,"1.3.6",204,splcp,71,103,4.1376500000,34
2026-05-30,es,RM06B,facebook,"1.3.6",204,xzcp,34,117,2.5560000000,23
2026-05-30,gh,RM06B,facebook,"1.3.5",158,ALL,142,1063,14.2737000000,520
2026-05-30,gh,RM06B,facebook,"1.3.5",158,albcp,37,42,0.7659500000,15
2026-05-30,gh,RM06B,facebook,"1.3.5",158,bkcp,42,46,0.4339500000,25
2026-05-30,gh,RM06B,facebook,"1.3.5",158,cl_open,77,89,3.6890500000,87
2026-05-30,gh,RM06B,facebook,"1.3.5",158,cscp,10,13,0.0643500000,3
2026-05-30,gh,RM06B,facebook,"1.3.5",158,ho_open,81,236,3.3178500000,123
2026-05-30,gh,RM06B,facebook,"1.3.5",158,ngdcp,52,55,1.2820000000,50
2026-05-30,gh,RM06B,facebook,"1.3.5",158,searcp,45,58,0.7622000000,22
2026-05-30,gh,RM06B,facebook,"1.3.5",158,skpcp,23,60,0.3284500000,18
2026-05-30,gh,RM06B,facebook,"1.3.5",158,splcp,83,153,2.0180500000,57
2026-05-30,gh,RM06B,facebook,"1.3.5",158,xzcp,53,292,1.4864000000,119
2026-05-30,gh,RM06B,facebook,"1.3.6",135,ALL,120,909,11.4650500000,451
2026-05-30,gh,RM06B,facebook,"1.3.6",135,albcp,30,37,0.5799000000,15
2026-05-30,gh,RM06B,facebook,"1.3.6",135,bkcp,30,33,0.4228500000,6
2026-05-30,gh,RM06B,facebook,"1.3.6",135,cl_open,73,77,3.1724500000,107
2026-05-30,gh,RM06B,facebook,"1.3.6",135,cscp,11,18,0.1021000000,4
2026-05-30,gh,RM06B,facebook,"1.3.6",135,ho_open,78,174,2.3060500000,81
2026-05-30,gh,RM06B,facebook,"1.3.6",135,ngdcp,42,44,1.0303000000,37
2026-05-30,gh,RM06B,facebook,"1.3.6",135,searcp,25,36,0.3473500000,21
2026-05-30,gh,RM06B,facebook,"1.3.6",135,skpcp,14,28,0.3015500000,10
2026-05-30,gh,RM06B,facebook,"1.3.6",135,splcp,59,156,1.2636500000,53
2026-05-30,gh,RM06B,facebook,"1.3.6",135,xzcp,37,289,1.7850000000,107
2026-05-30,gt,RM06B,Google Ads ACI,"1.3.5",72,ALL,51,508,2.0689000000,191
2026-05-30,gt,RM06B,Google Ads ACI,"1.3.5",72,bkcp,19,22,0.0872000000,3
2026-05-30,gt,RM06B,Google Ads ACI,"1.3.5",72,cl_open,32,34,0.5922000000,28
2026-05-30,gt,RM06B,Google Ads ACI,"1.3.5",72,cscp,10,15,0.0262500000,6
2026-05-30,gt,RM06B,Google Ads ACI,"1.3.5",72,ho_open,35,140,0.3879500000,38
2026-05-30,gt,RM06B,Google Ads ACI,"1.3.5",72,ngdcp,33,33,0.4158500000,32
2026-05-30,gt,RM06B,Google Ads ACI,"1.3.5",72,searcp,26,38,0.1422000000,18
2026-05-30,gt,RM06B,Google Ads ACI,"1.3.5",72,skpcp,16,45,0.1054000000,15
2026-05-30,gt,RM06B,Google Ads ACI,"1.3.5",72,splcp,36,82,0.1382500000,31
2026-05-30,gt,RM06B,Google Ads ACI,"1.3.5",72,xzcp,19,83,0.1042000000,19
2026-05-30,gt,RM06B,facebook,"1.3.5",270,ALL,237,1722,22.7270000000,774
2026-05-30,gt,RM06B,facebook,"1.3.5",270,albcp,31,33,0.3381500000,14
2026-05-30,gt,RM06B,facebook,"1.3.5",270,bkcp,53,61,0.3079000000,19
2026-05-30,gt,RM06B,facebook,"1.3.5",270,cl_open,177,208,9.1727000000,205
2026-05-30,gt,RM06B,facebook,"1.3.5",270,cscp,17,21,0.0357000000,6
2026-05-30,gt,RM06B,facebook,"1.3.5",270,ho_open,147,532,5.6345000000,182
2026-05-30,gt,RM06B,facebook,"1.3.5",270,ngdcp,126,136,2.2635500000,105
2026-05-30,gt,RM06B,facebook,"1.3.5",270,offlcp,17,21,0.2115500000,5
2026-05-30,gt,RM06B,facebook,"1.3.5",270,searcp,70,100,0.9624000000,45
2026-05-30,gt,RM06B,facebook,"1.3.5",270,skpcp,41,128,0.7513500000,43
2026-05-30,gt,RM06B,facebook,"1.3.5",270,splcp,128,213,2.0126500000,64
2026-05-30,gt,RM06B,facebook,"1.3.5",270,xzcp,60,256,0.9831000000,78
2026-05-30,gt,RM06B,Google Ads ACI,"1.3.6",77,ALL,58,563,3.2538000000,243
2026-05-30,gt,RM06B,Google Ads ACI,"1.3.6",77,bkcp,18,18,0.0233500000,7
2026-05-30,gt,RM06B,Google Ads ACI,"1.3.6",77,cl_open,38,47,0.9801500000,39
2026-05-30,gt,RM06B,Google Ads ACI,"1.3.6",77,ho_open,41,176,0.9249000000,82
2026-05-30,gt,RM06B,Google Ads ACI,"1.3.6",77,ngdcp,32,33,0.1979000000,24
2026-05-30,gt,RM06B,Google Ads ACI,"1.3.6",77,searcp,26,39,0.2492500000,15
2026-05-30,gt,RM06B,Google Ads ACI,"1.3.6",77,splcp,43,86,0.5593500000,33
2026-05-30,gt,RM06B,Google Ads ACI,"1.3.6",77,xzcp,27,119,0.2130000000,32
2026-05-30,gt,RM06B,facebook,"1.3.6",270,ALL,239,1688,21.9025000000,751
2026-05-30,gt,RM06B,facebook,"1.3.6",270,albcp,31,38,0.4652000000,16
2026-05-30,gt,RM06B,facebook,"1.3.6",270,bkcp,41,53,0.2621500000,21
2026-05-30,gt,RM06B,facebook,"1.3.6",270,cl_open,167,202,8.0225000000,184
2026-05-30,gt,RM06B,facebook,"1.3.6",270,cscp,16,34,0.0423000000,8
2026-05-30,gt,RM06B,facebook,"1.3.6",270,ho_open,148,492,5.8770500000,182
2026-05-30,gt,RM06B,facebook,"1.3.6",270,ngdcp,134,136,2.1564000000,90
2026-05-30,gt,RM06B,facebook,"1.3.6",270,offlcp,10,11,0.0645500000,7
2026-05-30,gt,RM06B,facebook,"1.3.6",270,searcp,81,105,0.9199000000,61
2026-05-30,gt,RM06B,facebook,"1.3.6",270,skpcp,38,106,0.4254000000,25
2026-05-30,gt,RM06B,facebook,"1.3.6",270,splcp,147,227,2.3819500000,80
2026-05-30,gt,RM06B,facebook,"1.3.6",270,xzcp,58,263,0.9842000000,64
2026-05-30,hk,RM08,facebook,"1.2.4",85,ALL,76,463,19.4830504083,143
2026-05-30,hk,RM08,facebook,"1.2.4",85,ccopen,60,69,7.6117629713,40
2026-05-30,hk,RM08,facebook,"1.2.4",85,hhopen,44,104,4.3302966002,30
2026-05-30,hk,RM08,facebook,"1.2.4",85,insabb,16,23,1.1226668888,6
2026-05-30,hk,RM08,facebook,"1.2.4",85,insback,19,22,0.2571711076,5
2026-05-30,hk,RM08,facebook,"1.2.4",85,inscon,18,23,0.3835806032,6
2026-05-30,hk,RM08,facebook,"1.2.4",85,insdown,19,114,0.7035327263,13
2026-05-30,hk,RM08,facebook,"1.2.4",85,insnewgd,44,44,2.9063113161,21
2026-05-30,hk,RM08,facebook,"1.2.4",85,inssec,18,19,0.6179167232,7
2026-05-30,hn,RM06B,facebook,"1.3.5",150,ALL,127,935,11.0474500000,462
2026-05-30,hn,RM06B,facebook,"1.3.5",150,albcp,23,29,0.1874000000,14
2026-05-30,hn,RM06B,facebook,"1.3.5",150,bkcp,26,34,0.1495000000,5
2026-05-30,hn,RM06B,facebook,"1.3.5",150,cl_open,100,109,3.7872500000,108
2026-05-30,hn,RM06B,facebook,"1.3.5",150,ho_open,78,253,3.1515500000,128
2026-05-30,hn,RM06B,facebook,"1.3.5",150,ngdcp,60,63,0.9294500000,58
2026-05-30,hn,RM06B,facebook,"1.3.5",150,searcp,33,42,0.6698000000,21
2026-05-30,hn,RM06B,facebook,"1.3.5",150,skpcp,26,76,0.2129000000,16
2026-05-30,hn,RM06B,facebook,"1.3.5",150,splcp,62,131,1.0961000000,26
2026-05-30,hn,RM06B,facebook,"1.3.5",150,xzcp,33,163,0.6130500000,72
2026-05-30,hn,RM06B,facebook,"1.3.6",132,ALL,112,619,9.3893000000,319
2026-05-30,hn,RM06B,facebook,"1.3.6",132,albcp,14,15,0.4257500000,6
2026-05-30,hn,RM06B,facebook,"1.3.6",132,bkcp,18,20,0.3753000000,8
2026-05-30,hn,RM06B,facebook,"1.3.6",132,cl_open,82,90,3.3403000000,80
2026-05-30,hn,RM06B,facebook,"1.3.6",132,ho_open,60,143,2.1008500000,82
2026-05-30,hn,RM06B,facebook,"1.3.6",132,ngdcp,44,47,0.7707500000,54
2026-05-30,hn,RM06B,facebook,"1.3.6",132,searcp,23,34,0.1309500000,12
2026-05-30,hn,RM06B,facebook,"1.3.6",132,skpcp,17,54,0.1726000000,15
2026-05-30,hn,RM06B,facebook,"1.3.6",132,splcp,53,78,1.2877000000,28
2026-05-30,hn,RM06B,facebook,"1.3.6",132,xzcp,34,117,0.6231000000,27
2026-05-30,id,RM06B,Google Ads ACI,"1.3.4",111,ALL,60,253,2.1089000000,170
2026-05-30,id,RM06B,Google Ads ACI,"1.3.4",111,albcp,10,10,0.1050000000,5
2026-05-30,id,RM06B,Google Ads ACI,"1.3.4",111,cl_open,42,45,0.7067500000,56
2026-05-30,id,RM06B,Google Ads ACI,"1.3.4",111,ho_open,31,87,0.5625500000,60
2026-05-30,id,RM06B,Google Ads ACI,"1.3.4",111,ngdcp,18,18,0.1291000000,11
2026-05-30,id,RM06B,Google Ads ACI,"1.3.4",111,splcp,22,29,0.2003000000,9
2026-05-30,id,RM06B,Google Ads ACI,"1.3.5",1714,ALL,1403,10219,55.9099500000,5494
2026-05-30,id,RM06B,Google Ads ACI,"1.3.5",1714,albcp,224,245,1.3603000000,152
2026-05-30,id,RM06B,Google Ads ACI,"1.3.5",1714,bkcp,431,526,1.6450500000,217
2026-05-30,id,RM06B,Google Ads ACI,"1.3.5",1714,cl_open,812,1032,11.7868000000,778
2026-05-30,id,RM06B,Google Ads ACI,"1.3.5",1714,cscp,147,199,0.6329000000,72
2026-05-30,id,RM06B,Google Ads ACI,"1.3.5",1714,ho_open,910,2775,15.5819500000,1744
2026-05-30,id,RM06B,Google Ads ACI,"1.3.5",1714,jclcp,14,14,0.0275500000,4
2026-05-30,id,RM06B,Google Ads ACI,"1.3.5",1714,lkcp,16,20,0.0234000000,2
2026-05-30,id,RM06B,Google Ads ACI,"1.3.5",1714,ngdcp,657,683,6.4265500000,517
2026-05-30,id,RM06B,Google Ads ACI,"1.3.5",1714,offlcp,91,99,0.2522000000,25
2026-05-30,id,RM06B,Google Ads ACI,"1.3.5",1714,searcp,534,728,3.5513500000,390
2026-05-30,id,RM06B,Google Ads ACI,"1.3.5",1714,secp,41,41,0.2708500000,28
2026-05-30,id,RM06B,Google Ads ACI,"1.3.5",1714,skpcp,129,262,1.0187000000,115
2026-05-30,id,RM06B,Google Ads ACI,"1.3.5",1714,splcp,790,1370,5.8423500000,623
2026-05-30,id,RM06B,Google Ads ACI,"1.3.5",1714,stccp,24,26,0.0763500000,9
2026-05-30,id,RM06B,Google Ads ACI,"1.3.5",1714,xzcp,490,2190,7.2933000000,806
2026-05-30,id,RM06B,facebook,"1.3.5",240,ALL,191,1279,11.0415000000,756
2026-05-30,id,RM06B,facebook,"1.3.5",240,albcp,42,52,0.4854000000,20
2026-05-30,id,RM06B,facebook,"1.3.5",240,bkcp,57,64,0.3945000000,30
2026-05-30,id,RM06B,facebook,"1.3.5",240,cl_open,93,112,1.8689000000,87
2026-05-30,id,RM06B,facebook,"1.3.5",240,cscp,10,13,0.0519000000,1
2026-05-30,id,RM06B,facebook,"1.3.5",240,ho_open,137,390,3.7554500000,269
2026-05-30,id,RM06B,facebook,"1.3.5",240,ngdcp,92,92,1.3577000000,81
2026-05-30,id,RM06B,facebook,"1.3.5",240,searcp,74,87,0.8656000000,50
2026-05-30,id,RM06B,facebook,"1.3.5",240,skpcp,21,44,0.2973000000,29
2026-05-30,id,RM06B,facebook,"1.3.5",240,splcp,102,153,1.1607500000,74
2026-05-30,id,RM06B,facebook,"1.3.5",240,xzcp,35,257,0.6856500000,102
2026-05-30,id,RM06B,unknown,"1.3.5",332,ALL,239,880,2.3715500000,270
2026-05-30,id,RM06B,unknown,"1.3.5",332,albcp,13,14,0.0276000000,6
2026-05-30,id,RM06B,unknown,"1.3.5",332,bkcp,22,31,0.0461500000,13
2026-05-30,id,RM06B,unknown,"1.3.5",332,cl_open,192,245,1.2925500000,54
2026-05-30,id,RM06B,unknown,"1.3.5",332,ho_open,67,206,0.4160000000,63
2026-05-30,id,RM06B,unknown,"1.3.5",332,ngdcp,34,35,0.0848500000,22
2026-05-30,id,RM06B,unknown,"1.3.5",332,searcp,30,47,0.0828500000,22
2026-05-30,id,RM06B,unknown,"1.3.5",332,splcp,47,113,0.1997500000,34
2026-05-30,id,RM06B,unknown,"1.3.5",332,xzcp,27,147,0.1655500000,38
2026-05-30,id,RM06B,Google Ads ACI,"1.3.6",1629,ALL,1313,9760,49.5400500000,5259
2026-05-30,id,RM06B,Google Ads ACI,"1.3.6",1629,albcp,241,258,1.7716000000,137
2026-05-30,id,RM06B,Google Ads ACI,"1.3.6",1629,bkcp,415,513,1.9233500000,282
2026-05-30,id,RM06B,Google Ads ACI,"1.3.6",1629,cl_open,751,945,9.6747500000,856
2026-05-30,id,RM06B,Google Ads ACI,"1.3.6",1629,cscp,127,168,0.4125000000,74
2026-05-30,id,RM06B,Google Ads ACI,"1.3.6",1629,ho_open,828,2610,13.7895500000,1402
2026-05-30,id,RM06B,Google Ads ACI,"1.3.6",1629,lkcp,15,15,0.0244500000,5
2026-05-30,id,RM06B,Google Ads ACI,"1.3.6",1629,ngdcp,604,620,4.9776000000,472
2026-05-30,id,RM06B,Google Ads ACI,"1.3.6",1629,offlcp,98,112,0.2692500000,42
2026-05-30,id,RM06B,Google Ads ACI,"1.3.6",1629,rkgcp,24,24,0.1498000000,12
2026-05-30,id,RM06B,Google Ads ACI,"1.3.6",1629,searcp,508,707,3.4633000000,362
2026-05-30,id,RM06B,Google Ads ACI,"1.3.6",1629,secp,35,35,0.2328500000,20
2026-05-30,id,RM06B,Google Ads ACI,"1.3.6",1629,skpcp,114,200,0.8198000000,79
2026-05-30,id,RM06B,Google Ads ACI,"1.3.6",1629,splcp,733,1355,5.6976500000,644
2026-05-30,id,RM06B,Google Ads ACI,"1.3.6",1629,stccp,23,23,0.1413000000,8
2026-05-30,id,RM06B,Google Ads ACI,"1.3.6",1629,xzcp,443,2166,6.1039500000,858
2026-05-30,id,RM06B,facebook,"1.3.6",232,ALL,191,1283,13.7215000000,747
2026-05-30,id,RM06B,facebook,"1.3.6",232,albcp,37,37,0.3267500000,17
2026-05-30,id,RM06B,facebook,"1.3.6",232,bkcp,48,53,0.4366000000,26
2026-05-30,id,RM06B,facebook,"1.3.6",232,cl_open,104,135,2.9237500000,132
2026-05-30,id,RM06B,facebook,"1.3.6",232,cscp,13,24,0.1667000000,10
2026-05-30,id,RM06B,facebook,"1.3.6",232,ho_open,133,402,4.5658000000,241
2026-05-30,id,RM06B,facebook,"1.3.6",232,ngdcp,92,93,1.5241000000,80
2026-05-30,id,RM06B,facebook,"1.3.6",232,searcp,64,82,0.6304500000,39
2026-05-30,id,RM06B,facebook,"1.3.6",232,skpcp,15,35,0.2082500000,14
2026-05-30,id,RM06B,facebook,"1.3.6",232,splcp,96,152,1.3769500000,63
2026-05-30,id,RM06B,facebook,"1.3.6",232,xzcp,43,246,1.1571500000,111
2026-05-30,id,RM06B,unknown,"1.3.6",285,ALL,176,692,2.9856000000,249
2026-05-30,id,RM06B,unknown,"1.3.6",285,albcp,12,14,0.1782500000,10
2026-05-30,id,RM06B,unknown,"1.3.6",285,bkcp,19,26,0.0802000000,13
2026-05-30,id,RM06B,unknown,"1.3.6",285,cl_open,140,153,1.4885500000,40
2026-05-30,id,RM06B,unknown,"1.3.6",285,ho_open,62,175,0.5080000000,70
2026-05-30,id,RM06B,unknown,"1.3.6",285,ngdcp,34,36,0.1311000000,20
2026-05-30,id,RM06B,unknown,"1.3.6",285,searcp,28,34,0.0522000000,7
2026-05-30,id,RM06B,unknown,"1.3.6",285,splcp,42,83,0.2438000000,21
2026-05-30,id,RM06B,unknown,"1.3.6",285,xzcp,26,145,0.2491000000,60
2026-05-30,id,RM08,Google Ads ACI,"1.2.4",55,ALL,48,698,2.6735676341,273
2026-05-30,id,RM08,Google Ads ACI,"1.2.4",55,ccopen,37,52,0.4914715603,30
2026-05-30,id,RM08,Google Ads ACI,"1.2.4",55,hhopen,38,108,0.5516986826,42
2026-05-30,id,RM08,Google Ads ACI,"1.2.4",55,insabb,11,12,0.0838994727,1
2026-05-30,id,RM08,Google Ads ACI,"1.2.4",55,insback,27,34,0.1783904838,9
2026-05-30,id,RM08,Google Ads ACI,"1.2.4",55,inscon,26,55,0.1658894698,19
2026-05-30,id,RM08,Google Ads ACI,"1.2.4",55,insdown,33,290,0.5563198657,120
2026-05-30,id,RM08,Google Ads ACI,"1.2.4",55,insnewgd,33,33,0.3278121028,14
2026-05-30,id,RM08,Google Ads ACI,"1.2.4",55,inssec,37,60,0.2300445077,22
2026-05-30,id,RM08,facebook,"1.2.4",183,ALL,148,941,11.4453820545,512
2026-05-30,id,RM08,facebook,"1.2.4",183,ccopen,85,98,2.2437866624,78
2026-05-30,id,RM08,facebook,"1.2.4",183,hhopen,101,272,3.6306198269,135
2026-05-30,id,RM08,facebook,"1.2.4",183,insabb,38,40,0.4465818475,20
2026-05-30,id,RM08,facebook,"1.2.4",183,insback,36,39,0.4058638300,12
2026-05-30,id,RM08,facebook,"1.2.4",183,inscon,45,62,0.5350031448,29
2026-05-30,id,RM08,facebook,"1.2.4",183,insdown,52,247,1.2911252664,95
2026-05-30,id,RM08,facebook,"1.2.4",183,insnewgd,69,69,1.3541230831,41
2026-05-30,id,RM08,facebook,"1.2.4",183,insplayn,32,58,1.0567488650,65
2026-05-30,id,RM08,facebook,"1.2.4",183,inssec,29,30,0.1936962220,14
2026-05-30,id,RM08,facebook,"1.2.4",183,inssp,11,13,0.1003216760,7
2026-05-30,ke,RM06B,facebook,"1.3.5",144,ALL,126,1186,9.8297500000,424
2026-05-30,ke,RM06B,facebook,"1.3.5",144,albcp,32,39,0.4379500000,16
2026-05-30,ke,RM06B,facebook,"1.3.5",144,bkcp,40,49,0.3324000000,8
2026-05-30,ke,RM06B,facebook,"1.3.5",144,cl_open,61,67,3.2869500000,50
2026-05-30,ke,RM06B,facebook,"1.3.5",144,cscp,19,34,0.0820000000,8
2026-05-30,ke,RM06B,facebook,"1.3.5",144,ho_open,82,237,2.0171500000,99
2026-05-30,ke,RM06B,facebook,"1.3.5",144,ngdcp,37,39,0.6070500000,19
2026-05-30,ke,RM06B,facebook,"1.3.5",144,offlcp,13,15,0.1214000000,1
2026-05-30,ke,RM06B,facebook,"1.3.5",144,searcp,38,67,0.2900500000,26
2026-05-30,ke,RM06B,facebook,"1.3.5",144,skpcp,16,49,0.1965000000,10
2026-05-30,ke,RM06B,facebook,"1.3.5",144,splcp,71,154,1.0896500000,44
2026-05-30,ke,RM06B,facebook,"1.3.5",144,xzcp,55,425,1.2583000000,141
2026-05-30,ke,RM06B,facebook,"1.3.6",138,ALL,117,801,9.5590500000,350
2026-05-30,ke,RM06B,facebook,"1.3.6",138,albcp,17,17,0.2713500000,8
2026-05-30,ke,RM06B,facebook,"1.3.6",138,bkcp,28,28,0.3385500000,13
2026-05-30,ke,RM06B,facebook,"1.3.6",138,cl_open,68,74,3.2328000000,70
2026-05-30,ke,RM06B,facebook,"1.3.6",138,cscp,15,17,0.1251500000,1
2026-05-30,ke,RM06B,facebook,"1.3.6",138,ho_open,78,180,2.0353500000,62
2026-05-30,ke,RM06B,facebook,"1.3.6",138,ngdcp,45,46,0.7372500000,22
2026-05-30,ke,RM06B,facebook,"1.3.6",138,searcp,33,42,0.4058000000,21
2026-05-30,ke,RM06B,facebook,"1.3.6",138,skpcp,12,29,0.1649500000,16
2026-05-30,ke,RM06B,facebook,"1.3.6",138,splcp,65,92,1.0515500000,29
2026-05-30,ke,RM06B,facebook,"1.3.6",138,xzcp,49,265,1.0994000000,107
2026-05-30,ke,RM08,Google Ads ACI,"1.2.4",54,ALL,48,673,3.3063219091,228
2026-05-30,ke,RM08,Google Ads ACI,"1.2.4",54,ccopen,22,42,0.6284018987,23
2026-05-30,ke,RM08,Google Ads ACI,"1.2.4",54,hhopen,30,74,0.5589638296,39
2026-05-30,ke,RM08,Google Ads ACI,"1.2.4",54,insabb,10,10,0.0998992801,4
2026-05-30,ke,RM08,Google Ads ACI,"1.2.4",54,insback,21,30,0.1331796898,8
2026-05-30,ke,RM08,Google Ads ACI,"1.2.4",54,inscon,24,83,0.2695515572,20
2026-05-30,ke,RM08,Google Ads ACI,"1.2.4",54,insdown,32,275,0.9525319312,92
2026-05-30,ke,RM08,Google Ads ACI,"1.2.4",54,insnewgd,20,20,0.0738547427,8
2026-05-30,ke,RM08,Google Ads ACI,"1.2.4",54,inssec,31,62,0.4439610419,24
2026-05-30,mx,RM06B,facebook,"1.3.4",197,ALL,131,778,20.4386500000,427
2026-05-30,mx,RM06B,facebook,"1.3.4",197,albcp,19,25,0.5110000000,18
2026-05-30,mx,RM06B,facebook,"1.3.4",197,bkcp,32,47,0.8567000000,22
2026-05-30,mx,RM06B,facebook,"1.3.4",197,cl_open,96,112,6.4211000000,101
2026-05-30,mx,RM06B,facebook,"1.3.4",197,ho_open,74,213,5.8953500000,100
2026-05-30,mx,RM06B,facebook,"1.3.4",197,ngdcp,62,63,2.5486000000,62
2026-05-30,mx,RM06B,facebook,"1.3.4",197,searcp,33,49,0.6267500000,18
2026-05-30,mx,RM06B,facebook,"1.3.4",197,skpcp,15,49,0.6194500000,25
2026-05-30,mx,RM06B,facebook,"1.3.4",197,splcp,52,99,1.6940500000,33
2026-05-30,mx,RM06B,facebook,"1.3.4",197,xzcp,31,95,0.9538500000,34
2026-05-30,mx,RM06B,unknown,"1.3.4",71,ALL,45,102,2.1647500000,26
2026-05-30,mx,RM06B,unknown,"1.3.4",71,cl_open,41,41,1.4775500000,8
2026-05-30,mx,RM06B,Google Ads ACI,"1.3.5",503,ALL,323,3515,33.6731500000,1178
2026-05-30,mx,RM06B,Google Ads ACI,"1.3.5",503,albcp,49,62,0.8901000000,26
2026-05-30,mx,RM06B,Google Ads ACI,"1.3.5",503,bkcp,118,171,1.4499500000,41
2026-05-30,mx,RM06B,Google Ads ACI,"1.3.5",503,cl_open,206,265,8.9353500000,123
2026-05-30,mx,RM06B,Google Ads ACI,"1.3.5",503,cscp,39,67,0.2506500000,9
2026-05-30,mx,RM06B,Google Ads ACI,"1.3.5",503,ho_open,217,727,7.8617500000,280
2026-05-30,mx,RM06B,Google Ads ACI,"1.3.5",503,ngdcp,169,183,2.7821500000,109
2026-05-30,mx,RM06B,Google Ads ACI,"1.3.5",503,offlcp,54,67,0.2867000000,17
2026-05-30,mx,RM06B,Google Ads ACI,"1.3.5",503,searcp,175,236,2.0671500000,59
2026-05-30,mx,RM06B,Google Ads ACI,"1.3.5",503,skpcp,33,86,0.5314000000,26
2026-05-30,mx,RM06B,Google Ads ACI,"1.3.5",503,splcp,203,481,3.4487500000,145
2026-05-30,mx,RM06B,Google Ads ACI,"1.3.5",503,xzcp,145,1146,4.8807000000,334
2026-05-30,mx,RM06B,facebook,"1.3.5",2473,ALL,2024,14504,365.2868000000,6397
2026-05-30,mx,RM06B,facebook,"1.3.5",2473,albcp,361,437,10.4769500000,210
2026-05-30,mx,RM06B,facebook,"1.3.5",2473,bkcp,451,554,8.4048000000,186
2026-05-30,mx,RM06B,facebook,"1.3.5",2473,cl_open,1353,1615,105.8980500000,1308
2026-05-30,mx,RM06B,facebook,"1.3.5",2473,cscp,109,130,1.6149500000,46
2026-05-30,mx,RM06B,facebook,"1.3.5",2473,ho_open,1306,3805,113.8217000000,1612
2026-05-30,mx,RM06B,facebook,"1.3.5",2473,jclcp,14,21,0.0942500000,6
2026-05-30,mx,RM06B,facebook,"1.3.5",2473,lkcp,14,15,0.1135000000,10
2026-05-30,mx,RM06B,facebook,"1.3.5",2473,ngdcp,903,929,35.4271000000,566
2026-05-30,mx,RM06B,facebook,"1.3.5",2473,offlcp,118,136,1.4912000000,52
2026-05-30,mx,RM06B,facebook,"1.3.5",2473,rkgcp,31,32,1.3734000000,16
2026-05-30,mx,RM06B,facebook,"1.3.5",2473,searcp,580,843,15.9397500000,358
2026-05-30,mx,RM06B,facebook,"1.3.5",2473,secp,42,42,1.3471500000,17
2026-05-30,mx,RM06B,facebook,"1.3.5",2473,skpcp,263,859,8.1993000000,286
2026-05-30,mx,RM06B,facebook,"1.3.5",2473,splcp,982,1679,34.7795000000,570
2026-05-30,mx,RM06B,facebook,"1.3.5",2473,stccp,38,40,0.8286000000,26
2026-05-30,mx,RM06B,facebook,"1.3.5",2473,xzcp,508,3367,25.4766000000,1128
2026-05-30,mx,RM06B,unknown,"1.3.5",374,ALL,316,566,23.7003000000,114
2026-05-30,mx,RM06B,unknown,"1.3.5",374,bkcp,11,12,0.0465000000,5
2026-05-30,mx,RM06B,unknown,"1.3.5",374,cl_open,295,301,21.2094500000,15
2026-05-30,mx,RM06B,unknown,"1.3.5",374,ho_open,30,86,1.3542000000,23
2026-05-30,mx,RM06B,unknown,"1.3.5",374,ngdcp,12,12,0.4076000000,3
2026-05-30,mx,RM06B,unknown,"1.3.5",374,searcp,15,21,0.0793000000,5
2026-05-30,mx,RM06B,unknown,"1.3.5",374,splcp,14,29,0.1843500000,8
2026-05-30,mx,RM06B,unknown,"1.3.5",374,xzcp,12,80,0.2890500000,39
2026-05-30,mx,RM06B,Google Ads ACI,"1.3.6",442,ALL,281,3690,30.8914500000,1290
2026-05-30,mx,RM06B,Google Ads ACI,"1.3.6",442,albcp,40,53,0.6523500000,14
2026-05-30,mx,RM06B,Google Ads ACI,"1.3.6",442,bkcp,115,180,0.9830500000,51
2026-05-30,mx,RM06B,Google Ads ACI,"1.3.6",442,cl_open,182,274,7.3425000000,125
2026-05-30,mx,RM06B,Google Ads ACI,"1.3.6",442,cscp,31,57,0.2209000000,18
2026-05-30,mx,RM06B,Google Ads ACI,"1.3.6",442,ho_open,194,744,7.7338500000,287
2026-05-30,mx,RM06B,Google Ads ACI,"1.3.6",442,ngdcp,158,168,2.6897000000,83
2026-05-30,mx,RM06B,Google Ads ACI,"1.3.6",442,offlcp,48,64,0.3582000000,20
2026-05-30,mx,RM06B,Google Ads ACI,"1.3.6",442,searcp,164,276,2.2369000000,74
2026-05-30,mx,RM06B,Google Ads ACI,"1.3.6",442,secp,10,10,0.1458000000,6
2026-05-30,mx,RM06B,Google Ads ACI,"1.3.6",442,skpcp,45,248,0.9962000000,102
2026-05-30,mx,RM06B,Google Ads ACI,"1.3.6",442,splcp,179,434,2.9178000000,153
2026-05-30,mx,RM06B,Google Ads ACI,"1.3.6",442,xzcp,137,1155,4.4191500000,350
2026-05-30,mx,RM06B,facebook,"1.3.6",2350,ALL,2012,13168,349.7551000000,5949
2026-05-30,mx,RM06B,facebook,"1.3.6",2350,albcp,356,421,11.3699000000,172
2026-05-30,mx,RM06B,facebook,"1.3.6",2350,bkcp,437,547,7.9599000000,193
2026-05-30,mx,RM06B,facebook,"1.3.6",2350,cl_open,1312,1561,102.1539500000,1278
2026-05-30,mx,RM06B,facebook,"1.3.6",2350,cscp,99,133,1.1551500000,36
2026-05-30,mx,RM06B,facebook,"1.3.6",2350,ho_open,1310,3583,107.2075000000,1510
2026-05-30,mx,RM06B,facebook,"1.3.6",2350,jclcp,12,15,0.0642500000,7
2026-05-30,mx,RM06B,facebook,"1.3.6",2350,lkcp,15,16,0.5067000000,6
2026-05-30,mx,RM06B,facebook,"1.3.6",2350,ngdcp,885,896,34.6224500000,658
2026-05-30,mx,RM06B,facebook,"1.3.6",2350,offlcp,109,136,1.0261500000,47
2026-05-30,mx,RM06B,facebook,"1.3.6",2350,rkgcp,31,31,1.2836000000,12
2026-05-30,mx,RM06B,facebook,"1.3.6",2350,searcp,527,707,13.5164500000,309
2026-05-30,mx,RM06B,facebook,"1.3.6",2350,secp,41,43,1.2634000000,15
2026-05-30,mx,RM06B,facebook,"1.3.6",2350,skpcp,265,740,10.1741000000,267
2026-05-30,mx,RM06B,facebook,"1.3.6",2350,splcp,960,1570,32.8742000000,538
2026-05-30,mx,RM06B,facebook,"1.3.6",2350,stccp,39,43,0.7267000000,17
2026-05-30,mx,RM06B,facebook,"1.3.6",2350,xzcp,465,2726,23.8507000000,884
2026-05-30,mx,RM06B,unknown,"1.3.6",323,ALL,300,543,19.4434000000,106
2026-05-30,mx,RM06B,unknown,"1.3.6",323,cl_open,281,289,17.4534500000,19
2026-05-30,mx,RM06B,unknown,"1.3.6",323,ho_open,23,42,0.7421000000,10
2026-05-30,mx,RM06B,unknown,"1.3.6",323,ngdcp,19,19,0.4501500000,5
2026-05-30,mx,RM06B,unknown,"1.3.6",323,splcp,13,47,0.2510000000,15
2026-05-30,mx,RM08,Google Ads ACI,"1.2.4",76,ALL,63,790,5.4014979180,235
2026-05-30,mx,RM08,Google Ads ACI,"1.2.4",76,ccopen,43,67,1.0951360442,24
2026-05-30,mx,RM08,Google Ads ACI,"1.2.4",76,hhopen,38,115,1.0935555312,37
2026-05-30,mx,RM08,Google Ads ACI,"1.2.4",76,insabb,11,13,0.0813958923,3
2026-05-30,mx,RM08,Google Ads ACI,"1.2.4",76,insback,19,22,0.2137045135,2
2026-05-30,mx,RM08,Google Ads ACI,"1.2.4",76,inscon,22,73,0.3363129069,29
2026-05-30,mx,RM08,Google Ads ACI,"1.2.4",76,insdown,34,263,1.0088643076,59
2026-05-30,mx,RM08,Google Ads ACI,"1.2.4",76,insnewgd,35,39,0.5083616672,21
2026-05-30,mx,RM08,Google Ads ACI,"1.2.4",76,insplayn,11,96,0.3112082011,25
2026-05-30,mx,RM08,Google Ads ACI,"1.2.4",76,inssec,40,65,0.5956792318,23
2026-05-30,mx,RM08,facebook,"1.2.4",1088,ALL,876,4340,169.1534242975,2068
2026-05-30,mx,RM08,facebook,"1.2.4",1088,ccopen,605,722,52.5043603637,580
2026-05-30,mx,RM08,facebook,"1.2.4",1088,hhopen,513,1140,51.6081943618,471
2026-05-30,mx,RM08,facebook,"1.2.4",1088,insabb,190,198,8.7214173770,103
2026-05-30,mx,RM08,facebook,"1.2.4",1088,insatt,26,26,1.2188780845,14
2026-05-30,mx,RM08,facebook,"1.2.4",1088,insback,146,165,3.8508167269,62
2026-05-30,mx,RM08,facebook,"1.2.4",1088,inscon,126,313,4.1315005967,86
2026-05-30,mx,RM08,facebook,"1.2.4",1088,insdown,187,832,10.8652477077,265
2026-05-30,mx,RM08,facebook,"1.2.4",1088,inshg,18,19,0.2575807549,5
2026-05-30,mx,RM08,facebook,"1.2.4",1088,insnewgd,375,383,20.8314638073,235
2026-05-30,mx,RM08,facebook,"1.2.4",1088,inspa,13,16,0.4805683969,4
2026-05-30,mx,RM08,facebook,"1.2.4",1088,insplayn,138,295,8.2988545525,122
2026-05-30,mx,RM08,facebook,"1.2.4",1088,insrrr,11,11,0.8124957030,8
2026-05-30,mx,RM08,facebook,"1.2.4",1088,inssec,132,166,4.6348612637,88
2026-05-30,mx,RM08,facebook,"1.2.4",1088,inssp,35,50,0.9197007554,23
2026-05-30,mx,RM08,unknown,"1.2.4",218,ALL,190,362,13.6370736373,43
2026-05-30,mx,RM08,unknown,"1.2.4",218,ccopen,177,186,12.2764729368,8
2026-05-30,mx,RM08,unknown,"1.2.4",218,hhopen,30,54,0.8060423256,9
2026-05-30,my,RM08,facebook,"1.2.4",98,ALL,87,463,13.7937287501,251
2026-05-30,my,RM08,facebook,"1.2.4",98,ccopen,59,75,4.2284557120,60
2026-05-30,my,RM08,facebook,"1.2.4",98,hhopen,49,135,3.8506645646,51
2026-05-30,my,RM08,facebook,"1.2.4",98,insabb,18,19,0.3752142156,10
2026-05-30,my,RM08,facebook,"1.2.4",98,insback,27,29,0.7146063838,9
2026-05-30,my,RM08,facebook,"1.2.4",98,inscon,15,37,0.3430857646,5
2026-05-30,my,RM08,facebook,"1.2.4",98,insdown,22,65,0.9150030159,42
2026-05-30,my,RM08,facebook,"1.2.4",98,insnewgd,39,39,2.1032313733,27
2026-05-30,my,RM08,facebook,"1.2.4",98,insplayn,12,19,0.3618691475,6
2026-05-30,my,RM08,facebook,"1.2.4",98,inssec,19,23,0.6301895730,27
2026-05-30,ng,RM06B,facebook,"1.3.5",152,ALL,121,642,9.3132000000,399
2026-05-30,ng,RM06B,facebook,"1.3.5",152,albcp,22,22,0.3468000000,10
2026-05-30,ng,RM06B,facebook,"1.3.5",152,bkcp,25,26,0.2699000000,10
2026-05-30,ng,RM06B,facebook,"1.3.5",152,cl_open,68,74,2.0191000000,55
2026-05-30,ng,RM06B,facebook,"1.3.5",152,ho_open,77,211,2.8297000000,110
2026-05-30,ng,RM06B,facebook,"1.3.5",152,ngdcp,41,41,1.1166000000,31
2026-05-30,ng,RM06B,facebook,"1.3.5",152,searcp,21,25,0.3590000000,11
2026-05-30,ng,RM06B,facebook,"1.3.5",152,skpcp,10,13,0.1554000000,6
2026-05-30,ng,RM06B,facebook,"1.3.5",152,splcp,58,101,0.9860000000,76
2026-05-30,ng,RM06B,facebook,"1.3.5",152,xzcp,34,111,0.9843000000,78
2026-05-30,ng,RM06B,facebook,"1.3.6",126,ALL,100,706,7.5243500000,372
2026-05-30,ng,RM06B,facebook,"1.3.6",126,albcp,18,24,0.1283000000,9
2026-05-30,ng,RM06B,facebook,"1.3.6",126,bkcp,20,25,0.2083000000,5
2026-05-30,ng,RM06B,facebook,"1.3.6",126,cl_open,49,54,1.5872000000,52
2026-05-30,ng,RM06B,facebook,"1.3.6",126,cscp,15,18,0.1367500000,8
2026-05-30,ng,RM06B,facebook,"1.3.6",126,ho_open,70,208,2.0242500000,116
2026-05-30,ng,RM06B,facebook,"1.3.6",126,ngdcp,34,34,0.5538000000,26
2026-05-30,ng,RM06B,facebook,"1.3.6",126,searcp,21,28,0.2136000000,13
2026-05-30,ng,RM06B,facebook,"1.3.6",126,skpcp,16,29,0.1650000000,8
2026-05-30,ng,RM06B,facebook,"1.3.6",126,splcp,45,104,0.8861000000,49
2026-05-30,ng,RM06B,facebook,"1.3.6",126,xzcp,30,169,1.4155000000,82
2026-05-30,ni,RM06B,facebook,"1.3.5",169,ALL,146,737,5.4749500000,349
2026-05-30,ni,RM06B,facebook,"1.3.5",169,albcp,23,23,0.1488500000,7
2026-05-30,ni,RM06B,facebook,"1.3.5",169,bkcp,25,30,0.1303500000,10
2026-05-30,ni,RM06B,facebook,"1.3.5",169,cl_open,103,120,2.2465000000,104
2026-05-30,ni,RM06B,facebook,"1.3.5",169,cscp,11,16,0.0351500000,5
2026-05-30,ni,RM06B,facebook,"1.3.5",169,ho_open,85,213,1.2013000000,93
2026-05-30,ni,RM06B,facebook,"1.3.5",169,ngdcp,63,63,0.5420000000,48
2026-05-30,ni,RM06B,facebook,"1.3.5",169,searcp,35,44,0.2862000000,21
2026-05-30,ni,RM06B,facebook,"1.3.5",169,skpcp,20,50,0.0909000000,23
2026-05-30,ni,RM06B,facebook,"1.3.5",169,splcp,67,101,0.6513500000,16
2026-05-30,ni,RM06B,facebook,"1.3.5",169,xzcp,34,64,0.1296000000,18
2026-05-30,ni,RM06B,facebook,"1.3.6",147,ALL,131,725,6.5027000000,352
2026-05-30,ni,RM06B,facebook,"1.3.6",147,albcp,20,21,0.1058500000,6
2026-05-30,ni,RM06B,facebook,"1.3.6",147,bkcp,23,23,0.1400500000,8
2026-05-30,ni,RM06B,facebook,"1.3.6",147,cl_open,86,91,2.3090500000,113
2026-05-30,ni,RM06B,facebook,"1.3.6",147,ho_open,79,221,1.7723000000,102
2026-05-30,ni,RM06B,facebook,"1.3.6",147,ngdcp,61,62,0.7175500000,42
2026-05-30,ni,RM06B,facebook,"1.3.6",147,searcp,23,31,0.1637000000,18
2026-05-30,ni,RM06B,facebook,"1.3.6",147,skpcp,24,78,0.3221000000,18
2026-05-30,ni,RM06B,facebook,"1.3.6",147,splcp,65,86,0.6824500000,32
2026-05-30,ni,RM06B,facebook,"1.3.6",147,xzcp,25,83,0.1691500000,8
2026-05-30,pe,RM06B,facebook,"1.3.4",52,ALL,31,199,7.1022500000,110
2026-05-30,pe,RM06B,facebook,"1.3.4",52,cl_open,24,28,3.0526000000,31
2026-05-30,pe,RM06B,facebook,"1.3.4",52,ho_open,16,53,1.4090500000,6
2026-05-30,pe,RM06B,facebook,"1.3.4",52,ngdcp,18,19,0.9983500000,21
2026-05-30,pe,RM06B,facebook,"1.3.4",52,splcp,16,33,0.7140500000,11
2026-05-30,pe,RM06B,Google Ads ACI,"1.3.5",116,ALL,54,329,6.3169000000,97
2026-05-30,pe,RM06B,Google Ads ACI,"1.3.5",116,bkcp,10,11,0.1211500000,2
2026-05-30,pe,RM06B,Google Ads ACI,"1.3.5",116,cl_open,40,54,2.5271000000,25
2026-05-30,pe,RM06B,Google Ads ACI,"1.3.5",116,ho_open,33,106,1.5579000000,25
2026-05-30,pe,RM06B,Google Ads ACI,"1.3.5",116,ngdcp,20,20,0.5531000000,8
2026-05-30,pe,RM06B,Google Ads ACI,"1.3.5",116,searcp,24,30,0.5148000000,7
2026-05-30,pe,RM06B,Google Ads ACI,"1.3.5",116,splcp,29,44,0.5902500000,12
2026-05-30,pe,RM06B,Google Ads ACI,"1.3.5",116,xzcp,14,35,0.2093500000,8
2026-05-30,pe,RM06B,TIKTOK,"1.3.5",111,ALL,100,769,22.4180000000,369
2026-05-30,pe,RM06B,TIKTOK,"1.3.5",111,albcp,10,13,0.3661500000,3
2026-05-30,pe,RM06B,TIKTOK,"1.3.5",111,bkcp,27,30,0.1547500000,10
2026-05-30,pe,RM06B,TIKTOK,"1.3.5",111,cl_open,80,101,10.3427500000,69
2026-05-30,pe,RM06B,TIKTOK,"1.3.5",111,cscp,13,17,0.0604500000,13
2026-05-30,pe,RM06B,TIKTOK,"1.3.5",111,ho_open,58,169,3.6962500000,76
2026-05-30,pe,RM06B,TIKTOK,"1.3.5",111,ngdcp,60,60,2.2665000000,28
2026-05-30,pe,RM06B,TIKTOK,"1.3.5",111,searcp,47,55,1.4073500000,27
2026-05-30,pe,RM06B,TIKTOK,"1.3.5",111,skpcp,15,57,0.3837500000,31
2026-05-30,pe,RM06B,TIKTOK,"1.3.5",111,splcp,60,100,2.3018500000,32
2026-05-30,pe,RM06B,TIKTOK,"1.3.5",111,xzcp,31,152,1.3287500000,73
2026-05-30,pe,RM06B,facebook,"1.3.5",885,ALL,744,4402,159.2251500000,2008
2026-05-30,pe,RM06B,facebook,"1.3.5",885,albcp,78,83,1.5498000000,26
2026-05-30,pe,RM06B,facebook,"1.3.5",885,bkcp,149,173,2.1590000000,51
2026-05-30,pe,RM06B,facebook,"1.3.5",885,cl_open,552,664,66.9648000000,575
2026-05-30,pe,RM06B,facebook,"1.3.5",885,cscp,40,59,0.3346000000,8
2026-05-30,pe,RM06B,facebook,"1.3.5",885,ho_open,456,1210,36.8134500000,479
2026-05-30,pe,RM06B,facebook,"1.3.5",885,ngdcp,377,382,18.0110500000,259
2026-05-30,pe,RM06B,facebook,"1.3.5",885,offlcp,30,31,0.3422500000,6
2026-05-30,pe,RM06B,facebook,"1.3.5",885,rkgcp,12,12,0.4714000000,3
2026-05-30,pe,RM06B,facebook,"1.3.5",885,searcp,216,282,6.5268000000,118
2026-05-30,pe,RM06B,facebook,"1.3.5",885,secp,30,30,0.9344000000,14
2026-05-30,pe,RM06B,facebook,"1.3.5",885,skpcp,80,247,1.7975500000,74
2026-05-30,pe,RM06B,facebook,"1.3.5",885,splcp,384,647,17.2555500000,212
2026-05-30,pe,RM06B,facebook,"1.3.5",885,stccp,19,19,0.3141500000,9
2026-05-30,pe,RM06B,facebook,"1.3.5",885,xzcp,165,554,5.6746000000,170
2026-05-30,pe,RM06B,Google Ads ACI,"1.3.6",92,ALL,58,550,7.1999000000,231
2026-05-30,pe,RM06B,Google Ads ACI,"1.3.6",92,bkcp,20,29,0.2392500000,12
2026-05-30,pe,RM06B,Google Ads ACI,"1.3.6",92,cl_open,43,55,2.8851500000,26
2026-05-30,pe,RM06B,Google Ads ACI,"1.3.6",92,ho_open,33,98,1.2466500000,53
2026-05-30,pe,RM06B,Google Ads ACI,"1.3.6",92,ngdcp,34,39,0.9602000000,20
2026-05-30,pe,RM06B,Google Ads ACI,"1.3.6",92,searcp,31,53,0.3646000000,26
2026-05-30,pe,RM06B,Google Ads ACI,"1.3.6",92,splcp,33,68,0.7659000000,31
2026-05-30,pe,RM06B,Google Ads ACI,"1.3.6",92,xzcp,29,149,0.4507000000,43
2026-05-30,pe,RM06B,TIKTOK,"1.3.6",91,ALL,84,532,18.4043500000,191
2026-05-30,pe,RM06B,TIKTOK,"1.3.6",91,bkcp,22,24,0.1189000000,6
2026-05-30,pe,RM06B,TIKTOK,"1.3.6",91,cl_open,68,87,9.1514500000,44
2026-05-30,pe,RM06B,TIKTOK,"1.3.6",91,ho_open,56,137,2.8314500000,50
2026-05-30,pe,RM06B,TIKTOK,"1.3.6",91,ngdcp,52,54,1.7183500000,20
2026-05-30,pe,RM06B,TIKTOK,"1.3.6",91,searcp,34,42,1.6995000000,16
2026-05-30,pe,RM06B,TIKTOK,"1.3.6",91,skpcp,13,25,0.3783500000,2
2026-05-30,pe,RM06B,TIKTOK,"1.3.6",91,splcp,52,69,1.7816000000,24
2026-05-30,pe,RM06B,TIKTOK,"1.3.6",91,xzcp,22,62,0.4436500000,14
2026-05-30,pe,RM06B,facebook,"1.3.6",862,ALL,747,3906,163.0483000000,2050
2026-05-30,pe,RM06B,facebook,"1.3.6",862,albcp,92,95,2.1112000000,38
2026-05-30,pe,RM06B,facebook,"1.3.6",862,bkcp,134,146,2.3063500000,44
2026-05-30,pe,RM06B,facebook,"1.3.6",862,cl_open,557,667,65.9298500000,561
2026-05-30,pe,RM06B,facebook,"1.3.6",862,cscp,25,27,0.4230000000,5
2026-05-30,pe,RM06B,facebook,"1.3.6",862,ho_open,420,1064,36.1955000000,511
2026-05-30,pe,RM06B,facebook,"1.3.6",862,ngdcp,375,385,20.2094000000,267
2026-05-30,pe,RM06B,facebook,"1.3.6",862,offlcp,20,23,0.3358500000,8
2026-05-30,pe,RM06B,facebook,"1.3.6",862,searcp,205,248,8.3916500000,132
2026-05-30,pe,RM06B,facebook,"1.3.6",862,secp,19,19,0.9615500000,6
2026-05-30,pe,RM06B,facebook,"1.3.6",862,skpcp,86,244,2.9752000000,103
2026-05-30,pe,RM06B,facebook,"1.3.6",862,splcp,372,504,15.7542000000,217
2026-05-30,pe,RM06B,facebook,"1.3.6",862,xzcp,151,465,6.9970500000,146
2026-05-30,pe,RM08,facebook,"1.2.4",275,ALL,221,1331,37.5492607541,727
2026-05-30,pe,RM08,facebook,"1.2.4",275,ccopen,159,197,12.5791451428,196
2026-05-30,pe,RM08,facebook,"1.2.4",275,hhopen,133,395,10.7461168016,204
2026-05-30,pe,RM08,facebook,"1.2.4",275,insabb,24,24,0.4790773705,13
2026-05-30,pe,RM08,facebook,"1.2.4",275,insback,43,46,0.7709802859,12
2026-05-30,pe,RM08,facebook,"1.2.4",275,inscon,42,114,0.8194361840,45
2026-05-30,pe,RM08,facebook,"1.2.4",275,insdown,58,225,3.5593746996,100
2026-05-30,pe,RM08,facebook,"1.2.4",275,insnewgd,85,87,3.8419588208,57
2026-05-30,pe,RM08,facebook,"1.2.4",275,insplayn,51,151,2.2786989410,61
2026-05-30,pe,RM08,facebook,"1.2.4",275,inssec,40,55,1.6104901346,24
2026-05-30,pe,RM08,facebook,"1.2.4",275,inssp,13,15,0.3570316695,6
2026-05-30,pe,RM08,unknown,"1.2.4",62,ALL,54,66,2.7947192718,5
2026-05-30,pe,RM08,unknown,"1.2.4",62,ccopen,43,45,2.4420525153,3
2026-05-30,pe,RM08,unknown,"1.2.4",62,hhopen,15,20,0.3523110313,2
2026-05-30,ph,RM06B,Google Ads ACI,"1.3.5",109,ALL,85,604,5.2874000000,309
2026-05-30,ph,RM06B,Google Ads ACI,"1.3.5",109,albcp,11,15,0.1119500000,12
2026-05-30,ph,RM06B,Google Ads ACI,"1.3.5",109,bkcp,33,42,0.2538000000,15
2026-05-30,ph,RM06B,Google Ads ACI,"1.3.5",109,cl_open,56,61,1.0527500000,38
2026-05-30,ph,RM06B,Google Ads ACI,"1.3.5",109,ho_open,53,127,2.1390500000,88
2026-05-30,ph,RM06B,Google Ads ACI,"1.3.5",109,ngdcp,37,38,0.4294000000,25
2026-05-30,ph,RM06B,Google Ads ACI,"1.3.5",109,offlcp,12,13,0.0169500000,7
2026-05-30,ph,RM06B,Google Ads ACI,"1.3.5",109,searcp,35,46,0.2275000000,19
2026-05-30,ph,RM06B,Google Ads ACI,"1.3.5",109,splcp,37,59,0.3329500000,38
2026-05-30,ph,RM06B,Google Ads ACI,"1.3.5",109,xzcp,34,179,0.6174500000,58
2026-05-30,ph,RM06B,Google Ads ACI,"1.3.6",110,ALL,89,1023,4.8777000000,406
2026-05-30,ph,RM06B,Google Ads ACI,"1.3.6",110,bkcp,27,47,0.0638000000,8
2026-05-30,ph,RM06B,Google Ads ACI,"1.3.6",110,cl_open,61,78,1.0773000000,63
2026-05-30,ph,RM06B,Google Ads ACI,"1.3.6",110,ho_open,59,176,1.5101500000,85
2026-05-30,ph,RM06B,Google Ads ACI,"1.3.6",110,ngdcp,42,44,0.3600000000,24
2026-05-30,ph,RM06B,Google Ads ACI,"1.3.6",110,offlcp,18,21,0.0407500000,8
2026-05-30,ph,RM06B,Google Ads ACI,"1.3.6",110,searcp,45,96,0.2802000000,25
2026-05-30,ph,RM06B,Google Ads ACI,"1.3.6",110,splcp,47,110,0.3822500000,48
2026-05-30,ph,RM06B,Google Ads ACI,"1.3.6",110,xzcp,44,413,1.0210000000,130
2026-05-30,ph,RM08,facebook,"1.2.4",980,ALL,818,5179,64.5345338663,2659
2026-05-30,ph,RM08,facebook,"1.2.4",980,ccopen,502,606,16.5760545334,545
2026-05-30,ph,RM08,facebook,"1.2.4",980,hhopen,473,1065,18.8652568728,571
2026-05-30,ph,RM08,facebook,"1.2.4",980,insabb,109,122,1.9117869737,46
2026-05-30,ph,RM08,facebook,"1.2.4",980,insatt,15,15,0.3672253051,8
2026-05-30,ph,RM08,facebook,"1.2.4",980,insback,190,217,1.8378737328,65
2026-05-30,ph,RM08,facebook,"1.2.4",980,inscon,197,536,2.6322077536,193
2026-05-30,ph,RM08,facebook,"1.2.4",980,insdown,295,1627,9.2717385264,664
2026-05-30,ph,RM08,facebook,"1.2.4",980,inshg,58,63,0.4839744349,17
2026-05-30,ph,RM08,facebook,"1.2.4",980,insnewgd,336,345,7.1929201640,269
2026-05-30,ph,RM08,facebook,"1.2.4",980,inspa,10,10,0.0576306262,4
2026-05-30,ph,RM08,facebook,"1.2.4",980,insplayn,107,188,2.1091071170,85
2026-05-30,ph,RM08,facebook,"1.2.4",980,inssec,197,279,2.3300755467,148
2026-05-30,ph,RM08,facebook,"1.2.4",980,inssp,68,93,0.6291990807,37
2026-05-30,ph,RM08,unknown,"1.2.4",182,ALL,141,238,4.5201723929,58
2026-05-30,ph,RM08,unknown,"1.2.4",182,ccopen,112,121,3.7048832660,23
2026-05-30,ph,RM08,unknown,"1.2.4",182,hhopen,43,86,0.5616023205,23
2026-05-30,py,RM06B,facebook,"1.3.5",145,ALL,119,590,8.8086500000,331
2026-05-30,py,RM06B,facebook,"1.3.5",145,albcp,20,21,0.2405000000,8
2026-05-30,py,RM06B,facebook,"1.3.5",145,bkcp,15,15,0.0597500000,1
2026-05-30,py,RM06B,facebook,"1.3.5",145,cl_open,81,91,3.4990500000,75
2026-05-30,py,RM06B,facebook,"1.3.5",145,ho_open,75,218,2.5795000000,107
2026-05-30,py,RM06B,facebook,"1.3.5",145,ngdcp,55,55,1.0316500000,39
2026-05-30,py,RM06B,facebook,"1.3.5",145,searcp,31,37,0.2812500000,24
2026-05-30,py,RM06B,facebook,"1.3.5",145,skpcp,11,20,0.1013000000,9
2026-05-30,py,RM06B,facebook,"1.3.5",145,splcp,58,68,0.6513500000,37
2026-05-30,py,RM06B,facebook,"1.3.5",145,xzcp,24,48,0.2944500000,24
2026-05-30,py,RM06B,facebook,"1.3.6",147,ALL,129,679,9.2470000000,339
2026-05-30,py,RM06B,facebook,"1.3.6",147,albcp,19,21,0.1325000000,10
2026-05-30,py,RM06B,facebook,"1.3.6",147,bkcp,24,26,0.1309000000,2
2026-05-30,py,RM06B,facebook,"1.3.6",147,cl_open,88,98,3.4517000000,97
2026-05-30,py,RM06B,facebook,"1.3.6",147,ho_open,76,209,2.4144500000,89
2026-05-30,py,RM06B,facebook,"1.3.6",147,ngdcp,61,61,1.0453500000,41
2026-05-30,py,RM06B,facebook,"1.3.6",147,searcp,33,38,0.5901000000,21
2026-05-30,py,RM06B,facebook,"1.3.6",147,skpcp,16,61,0.1922500000,14
2026-05-30,py,RM06B,facebook,"1.3.6",147,splcp,62,95,0.9249500000,32
2026-05-30,py,RM06B,facebook,"1.3.6",147,xzcp,21,50,0.2271500000,25
2026-05-30,py,RM08,facebook,"1.2.4",64,ALL,52,231,2.8842926749,136
2026-05-30,py,RM08,facebook,"1.2.4",64,ccopen,38,42,0.8912232224,35
2026-05-30,py,RM08,facebook,"1.2.4",64,hhopen,31,87,0.9205301133,41
2026-05-30,py,RM08,facebook,"1.2.4",64,insdown,12,17,0.1743152247,8
2026-05-30,py,RM08,facebook,"1.2.4",64,insnewgd,21,21,0.3394308631,20
2026-05-30,py,RM08,facebook,"1.2.4",64,insplayn,11,25,0.2354806069,13
2026-05-30,sv,RM06B,facebook,"1.3.5",159,ALL,137,736,12.0628500000,387
2026-05-30,sv,RM06B,facebook,"1.3.5",159,albcp,17,18,0.3143000000,9
2026-05-30,sv,RM06B,facebook,"1.3.5",159,bkcp,16,19,0.1420000000,4
2026-05-30,sv,RM06B,facebook,"1.3.5",159,cl_open,110,138,4.6523000000,101
2026-05-30,sv,RM06B,facebook,"1.3.5",159,ho_open,87,229,3.4339000000,104
2026-05-30,sv,RM06B,facebook,"1.3.5",159,ngdcp,80,80,1.3052000000,55
2026-05-30,sv,RM06B,facebook,"1.3.5",159,searcp,37,44,0.6886000000,22
2026-05-30,sv,RM06B,facebook,"1.3.5",159,skpcp,22,52,0.2668000000,21
2026-05-30,sv,RM06B,facebook,"1.3.5",159,splcp,65,89,0.9483500000,39
2026-05-30,sv,RM06B,facebook,"1.3.5",159,xzcp,22,43,0.1988500000,24
2026-05-30,sv,RM06B,facebook,"1.3.6",162,ALL,140,874,12.8799000000,424
2026-05-30,sv,RM06B,facebook,"1.3.6",162,albcp,22,24,0.4273000000,11
2026-05-30,sv,RM06B,facebook,"1.3.6",162,bkcp,19,22,0.2006000000,10
2026-05-30,sv,RM06B,facebook,"1.3.6",162,cl_open,108,121,4.2635500000,77
2026-05-30,sv,RM06B,facebook,"1.3.6",162,cscp,10,14,0.2460500000,6
2026-05-30,sv,RM06B,facebook,"1.3.6",162,ho_open,88,297,3.6282000000,121
2026-05-30,sv,RM06B,facebook,"1.3.6",162,ngdcp,76,79,1.5352500000,47
2026-05-30,sv,RM06B,facebook,"1.3.6",162,searcp,32,38,0.4097500000,20
2026-05-30,sv,RM06B,facebook,"1.3.6",162,skpcp,18,67,0.3865500000,27
2026-05-30,sv,RM06B,facebook,"1.3.6",162,splcp,74,123,1.2253000000,51
2026-05-30,sv,RM06B,facebook,"1.3.6",162,xzcp,30,73,0.4389500000,43
2026-05-30,us,RM06B,facebook,"1.3.4",63,ALL,30,133,16.7464000000,45
2026-05-30,us,RM06B,facebook,"1.3.4",63,cl_open,20,20,5.8632000000,10
2026-05-30,us,RM06B,facebook,"1.3.4",63,ho_open,10,25,1.9130000000,9
2026-05-30,us,RM06B,facebook,"1.3.4",63,ngdcp,10,10,1.5361000000,4
2026-05-30,us,RM06B,facebook,"1.3.4",63,splcp,11,25,2.4229500000,3
2026-05-30,us,RM06B,Google Ads ACI,"1.3.5",67,ALL,50,558,38.3413500000,202
2026-05-30,us,RM06B,Google Ads ACI,"1.3.5",67,bkcp,22,43,1.6156500000,12
2026-05-30,us,RM06B,Google Ads ACI,"1.3.5",67,cl_open,33,38,6.2803000000,15
2026-05-30,us,RM06B,Google Ads ACI,"1.3.5",67,ho_open,34,118,7.2071500000,48
2026-05-30,us,RM06B,Google Ads ACI,"1.3.5",67,ngdcp,31,32,3.0985000000,14
2026-05-30,us,RM06B,Google Ads ACI,"1.3.5",67,searcp,30,41,4.0729500000,13
2026-05-30,us,RM06B,Google Ads ACI,"1.3.5",67,splcp,31,52,3.8026500000,16
2026-05-30,us,RM06B,Google Ads ACI,"1.3.5",67,xzcp,18,174,9.6730000000,68
2026-05-30,us,RM06B,facebook,"1.3.5",828,ALL,707,3133,515.4010500000,1530
2026-05-30,us,RM06B,facebook,"1.3.5",828,albcp,119,141,21.7210000000,61
2026-05-30,us,RM06B,facebook,"1.3.5",828,bkcp,82,98,8.8296000000,41
2026-05-30,us,RM06B,facebook,"1.3.5",828,cl_open,520,610,162.2971000000,420
2026-05-30,us,RM06B,facebook,"1.3.5",828,cscp,22,27,1.9585500000,16
2026-05-30,us,RM06B,facebook,"1.3.5",828,ho_open,412,1011,162.2753000000,400
2026-05-30,us,RM06B,facebook,"1.3.5",828,ngdcp,299,306,60.5141000000,166
2026-05-30,us,RM06B,facebook,"1.3.5",828,offlcp,10,15,1.0280500000,5
2026-05-30,us,RM06B,facebook,"1.3.5",828,searcp,126,154,19.1795000000,85
2026-05-30,us,RM06B,facebook,"1.3.5",828,secp,15,15,1.9478500000,9
2026-05-30,us,RM06B,facebook,"1.3.5",828,skpcp,33,84,7.7188000000,27
2026-05-30,us,RM06B,facebook,"1.3.5",828,splcp,258,391,45.2542000000,149
2026-05-30,us,RM06B,facebook,"1.3.5",828,stccp,27,30,4.0169000000,26
2026-05-30,us,RM06B,facebook,"1.3.5",828,xzcp,97,235,16.4756000000,116
2026-05-30,us,RM06B,unknown,"1.3.5",130,ALL,122,128,31.8624000000,3
2026-05-30,us,RM06B,unknown,"1.3.5",130,cl_open,121,121,31.2026500000,3
2026-05-30,us,RM06B,facebook,"1.3.6",802,ALL,688,3042,521.6988500000,1418
2026-05-30,us,RM06B,facebook,"1.3.6",802,albcp,107,119,21.3559500000,55
2026-05-30,us,RM06B,facebook,"1.3.6",802,bkcp,56,62,6.5638000000,17
2026-05-30,us,RM06B,facebook,"1.3.6",802,cl_open,518,606,158.0480000000,425
2026-05-30,us,RM06B,facebook,"1.3.6",802,cscp,33,36,4.0619500000,13
2026-05-30,us,RM06B,facebook,"1.3.6",802,ho_open,413,1030,164.5656000000,442
2026-05-30,us,RM06B,facebook,"1.3.6",802,ngdcp,281,286,57.8161000000,158
2026-05-30,us,RM06B,facebook,"1.3.6",802,offlcp,10,12,0.7352000000,1
2026-05-30,us,RM06B,facebook,"1.3.6",802,searcp,134,167,24.0398000000,78
2026-05-30,us,RM06B,facebook,"1.3.6",802,secp,13,13,2.0196500000,5
2026-05-30,us,RM06B,facebook,"1.3.6",802,skpcp,33,85,7.0210500000,25
2026-05-30,us,RM06B,facebook,"1.3.6",802,splcp,265,355,52.7607500000,110
2026-05-30,us,RM06B,facebook,"1.3.6",802,stccp,22,23,3.4741000000,13
2026-05-30,us,RM06B,facebook,"1.3.6",802,xzcp,76,234,16.9210000000,75
2026-05-30,us,RM06B,unknown,"1.3.6",135,ALL,123,157,33.7010500000,4
2026-05-30,us,RM06B,unknown,"1.3.6",135,cl_open,118,118,31.6123000000,0
2026-05-30,us,RM08,facebook,"1.2.4",719,ALL,639,3212,444.1114905891,1483
2026-05-30,us,RM08,facebook,"1.2.4",719,ccopen,511,618,131.6321055989,397
2026-05-30,us,RM08,facebook,"1.2.4",719,hhopen,349,838,124.4075029774,300
2026-05-30,us,RM08,facebook,"1.2.4",719,insabb,155,169,26.6654209887,85
2026-05-30,us,RM08,facebook,"1.2.4",719,insatt,22,22,3.1949301323,8
2026-05-30,us,RM08,facebook,"1.2.4",719,insback,69,77,7.3358555712,23
2026-05-30,us,RM08,facebook,"1.2.4",719,inscon,105,251,18.1297704928,98
2026-05-30,us,RM08,facebook,"1.2.4",719,insdown,140,549,37.0376630697,223
2026-05-30,us,RM08,facebook,"1.2.4",719,inshg,14,14,1.1379375068,5
2026-05-30,us,RM08,facebook,"1.2.4",719,insnewgd,313,318,57.0041562370,176
2026-05-30,us,RM08,facebook,"1.2.4",719,inspa,20,20,3.4461259866,9
2026-05-30,us,RM08,facebook,"1.2.4",719,insplayn,55,161,11.0824851783,70
2026-05-30,us,RM08,facebook,"1.2.4",719,inssec,103,120,15.3788426105,72
2026-05-30,us,RM08,facebook,"1.2.4",719,inssp,33,40,4.7015905212,13
2026-05-30,us,RM08,unknown,"1.2.4",118,ALL,109,165,28.3079509697,26
2026-05-30,us,RM08,unknown,"1.2.4",118,ccopen,102,104,22.7484908085,4
2026-05-30,us,RM08,unknown,"1.2.4",118,hhopen,11,18,1.7511706802,7
2026-05-30,uy,RM06B,facebook,"1.3.5",73,ALL,56,225,4.9642000000,122
2026-05-30,uy,RM06B,facebook,"1.3.5",73,cl_open,39,48,2.1115000000,40
2026-05-30,uy,RM06B,facebook,"1.3.5",73,ho_open,28,75,1.2830500000,30
2026-05-30,uy,RM06B,facebook,"1.3.5",73,ngdcp,28,29,0.7243500000,25
2026-05-30,uy,RM06B,facebook,"1.3.5",73,splcp,19,26,0.5689000000,8
2026-05-30,uy,RM06B,facebook,"1.3.6",57,ALL,50,204,5.1348000000,123
2026-05-30,uy,RM06B,facebook,"1.3.6",57,albcp,10,11,0.1705500000,3
2026-05-30,uy,RM06B,facebook,"1.3.6",57,cl_open,38,45,2.5138500000,39
2026-05-30,uy,RM06B,facebook,"1.3.6",57,ho_open,27,67,1.2926500000,38
2026-05-30,uy,RM06B,facebook,"1.3.6",57,ngdcp,17,18,0.4050000000,17
2026-05-30,uy,RM06B,facebook,"1.3.6",57,splcp,19,36,0.4720000000,16
2026-05-30,ve,RM06B,Google Ads ACI,"1.3.5",60,ALL,35,370,0.7329500000,90
2026-05-30,ve,RM06B,Google Ads ACI,"1.3.5",60,bkcp,12,18,0.0204500000,7
2026-05-30,ve,RM06B,Google Ads ACI,"1.3.5",60,cl_open,18,26,0.2027000000,7
2026-05-30,ve,RM06B,Google Ads ACI,"1.3.5",60,ho_open,22,55,0.1937500000,27
2026-05-30,ve,RM06B,Google Ads ACI,"1.3.5",60,ngdcp,19,20,0.0673500000,4
2026-05-30,ve,RM06B,Google Ads ACI,"1.3.5",60,searcp,19,29,0.0625500000,16
2026-05-30,ve,RM06B,Google Ads ACI,"1.3.5",60,splcp,20,45,0.0544500000,7
2026-05-30,ve,RM06B,Google Ads ACI,"1.3.5",60,xzcp,14,131,0.0836000000,10
2026-05-30,ve,RM06B,facebook,"1.3.5",316,ALL,262,1495,9.8887500000,675
2026-05-30,ve,RM06B,facebook,"1.3.5",316,albcp,51,54,0.6748000000,32
2026-05-30,ve,RM06B,facebook,"1.3.5",316,bkcp,62,71,0.2313000000,20
2026-05-30,ve,RM06B,facebook,"1.3.5",316,cl_open,144,167,2.9054500000,146
2026-05-30,ve,RM06B,facebook,"1.3.5",316,cscp,10,12,0.0105000000,2
2026-05-30,ve,RM06B,facebook,"1.3.5",316,ho_open,159,406,2.7452500000,163
2026-05-30,ve,RM06B,facebook,"1.3.5",316,ngdcp,116,118,1.1678000000,72
2026-05-30,ve,RM06B,facebook,"1.3.5",316,offlcp,18,25,0.0294500000,6
2026-05-30,ve,RM06B,facebook,"1.3.5",316,searcp,64,92,0.3828000000,38
2026-05-30,ve,RM06B,facebook,"1.3.5",316,skpcp,36,71,0.1595000000,40
2026-05-30,ve,RM06B,facebook,"1.3.5",316,splcp,116,176,0.9763000000,67
2026-05-30,ve,RM06B,facebook,"1.3.5",316,xzcp,69,286,0.4056500000,75
2026-05-30,ve,RM06B,Google Ads ACI,"1.3.6",55,ALL,34,295,0.8938500000,80
2026-05-30,ve,RM06B,Google Ads ACI,"1.3.6",55,bkcp,11,16,0.0281000000,5
2026-05-30,ve,RM06B,Google Ads ACI,"1.3.6",55,cl_open,24,36,0.2699000000,28
2026-05-30,ve,RM06B,Google Ads ACI,"1.3.6",55,ho_open,19,39,0.1980500000,14
2026-05-30,ve,RM06B,Google Ads ACI,"1.3.6",55,ngdcp,23,23,0.1150000000,9
2026-05-30,ve,RM06B,Google Ads ACI,"1.3.6",55,searcp,13,16,0.0470000000,2
2026-05-30,ve,RM06B,Google Ads ACI,"1.3.6",55,splcp,17,51,0.0596000000,9
2026-05-30,ve,RM06B,Google Ads ACI,"1.3.6",55,xzcp,13,89,0.0804500000,7
2026-05-30,ve,RM06B,facebook,"1.3.6",285,ALL,242,1428,9.3952000000,590
2026-05-30,ve,RM06B,facebook,"1.3.6",285,albcp,49,53,0.3243500000,39
2026-05-30,ve,RM06B,facebook,"1.3.6",285,bkcp,49,56,0.1934000000,20
2026-05-30,ve,RM06B,facebook,"1.3.6",285,cl_open,152,172,3.0599000000,154
2026-05-30,ve,RM06B,facebook,"1.3.6",285,cscp,18,26,0.0271500000,5
2026-05-30,ve,RM06B,facebook,"1.3.6",285,ho_open,122,365,2.2245500000,136
2026-05-30,ve,RM06B,facebook,"1.3.6",285,ngdcp,106,109,1.2070000000,82
2026-05-30,ve,RM06B,facebook,"1.3.6",285,searcp,66,77,0.5597000000,24
2026-05-30,ve,RM06B,facebook,"1.3.6",285,skpcp,26,94,0.2340500000,30
2026-05-30,ve,RM06B,facebook,"1.3.6",285,splcp,99,155,0.8679000000,38
2026-05-30,ve,RM06B,facebook,"1.3.6",285,xzcp,46,299,0.5465000000,51
2026-05-30,ve,RM08,facebook,"1.2.4",72,ALL,53,250,2.1700578525,114
2026-05-30,ve,RM08,facebook,"1.2.4",72,ccopen,40,44,0.6833916057,41
2026-05-30,ve,RM08,facebook,"1.2.4",72,hhopen,29,66,0.6933482191,32
2026-05-30,ve,RM08,facebook,"1.2.4",72,insabb,13,14,0.1333312680,4
2026-05-30,ve,RM08,facebook,"1.2.4",72,insdown,15,57,0.2183768191,12
2026-05-30,ve,RM08,facebook,"1.2.4",72,insnewgd,17,17,0.1294666395,4
2026-05-30,za,RM06B,facebook,"1.3.5",50,ALL,40,391,4.1796000000,117
2026-05-30,za,RM06B,facebook,"1.3.5",50,cl_open,15,15,0.9484500000,15
2026-05-30,za,RM06B,facebook,"1.3.5",50,ho_open,24,97,1.1182000000,29
2026-05-30,za,RM06B,facebook,"1.3.5",50,ngdcp,10,10,0.3727000000,11
2026-05-30,za,RM06B,facebook,"1.3.5",50,searcp,17,28,0.2764500000,11
2026-05-30,za,RM06B,facebook,"1.3.5",50,splcp,22,38,0.5520500000,9
2026-05-30,za,RM06B,facebook,"1.3.5",50,xzcp,21,151,0.7354000000,31
2026-05-29,ao,RM06B,facebook,"1.3.4",162,ALL,127,446,5.0917000000,404
2026-05-29,ao,RM06B,facebook,"1.3.4",162,albcp,15,15,0.1654000000,6
2026-05-29,ao,RM06B,facebook,"1.3.4",162,bkcp,36,38,0.2462500000,25
2026-05-29,ao,RM06B,facebook,"1.3.4",162,cl_open,79,83,1.6475500000,120
2026-05-29,ao,RM06B,facebook,"1.3.4",162,ho_open,69,124,1.3734500000,98
2026-05-29,ao,RM06B,facebook,"1.3.4",162,ngdcp,39,39,0.4671000000,25
2026-05-29,ao,RM06B,facebook,"1.3.4",162,searcp,28,30,0.1707000000,23
2026-05-29,ao,RM06B,facebook,"1.3.4",162,splcp,46,51,0.4527000000,49
2026-05-29,ao,RM06B,facebook,"1.3.4",162,xzcp,19,30,0.3841500000,30
2026-05-29,ao,RM06B,facebook,"1.3.5",183,ALL,138,463,4.8259000000,373
2026-05-29,ao,RM06B,facebook,"1.3.5",183,albcp,11,11,0.0865500000,14
2026-05-29,ao,RM06B,facebook,"1.3.5",183,bkcp,47,47,0.3200500000,32
2026-05-29,ao,RM06B,facebook,"1.3.5",183,cl_open,66,69,1.3784500000,74
2026-05-29,ao,RM06B,facebook,"1.3.5",183,ho_open,79,147,1.6031500000,95
2026-05-29,ao,RM06B,facebook,"1.3.5",183,ngdcp,40,40,0.3751500000,48
2026-05-29,ao,RM06B,facebook,"1.3.5",183,searcp,30,35,0.2293500000,30
2026-05-29,ao,RM06B,facebook,"1.3.5",183,splcp,54,60,0.4516500000,44
2026-05-29,ao,RM06B,facebook,"1.3.5",183,xzcp,26,31,0.2821000000,20
2026-05-29,ar,RM06B,facebook,"1.3.4",192,ALL,157,763,17.5324000000,404
2026-05-29,ar,RM06B,facebook,"1.3.4",192,albcp,14,15,0.2474500000,9
2026-05-29,ar,RM06B,facebook,"1.3.4",192,bkcp,28,31,0.2588500000,11
2026-05-29,ar,RM06B,facebook,"1.3.4",192,cl_open,118,140,6.0691000000,115
2026-05-29,ar,RM06B,facebook,"1.3.4",192,ho_open,99,252,5.2516000000,117
2026-05-29,ar,RM06B,facebook,"1.3.4",192,ngdcp,65,66,1.5030000000,40
2026-05-29,ar,RM06B,facebook,"1.3.4",192,searcp,36,48,0.7117500000,27
2026-05-29,ar,RM06B,facebook,"1.3.4",192,skpcp,16,31,0.4679000000,15
2026-05-29,ar,RM06B,facebook,"1.3.4",192,splcp,63,96,2.1576500000,32
2026-05-29,ar,RM06B,facebook,"1.3.4",192,xzcp,27,62,0.6296000000,27
2026-05-29,ar,RM06B,facebook,"1.3.5",295,ALL,246,1331,24.7759000000,698
2026-05-29,ar,RM06B,facebook,"1.3.5",295,albcp,26,28,0.7170000000,9
2026-05-29,ar,RM06B,facebook,"1.3.5",295,bkcp,37,41,0.4756500000,10
2026-05-29,ar,RM06B,facebook,"1.3.5",295,cl_open,170,211,8.8279500000,170
2026-05-29,ar,RM06B,facebook,"1.3.5",295,cscp,12,13,0.0782500000,5
2026-05-29,ar,RM06B,facebook,"1.3.5",295,ho_open,150,378,7.5246000000,166
2026-05-29,ar,RM06B,facebook,"1.3.5",295,ngdcp,89,90,2.0698000000,78
2026-05-29,ar,RM06B,facebook,"1.3.5",295,offlcp,10,13,0.1160500000,5
2026-05-29,ar,RM06B,facebook,"1.3.5",295,searcp,50,65,0.8594000000,27
2026-05-29,ar,RM06B,facebook,"1.3.5",295,skpcp,22,71,0.3334000000,18
2026-05-29,ar,RM06B,facebook,"1.3.5",295,splcp,98,159,2.5183500000,76
2026-05-29,ar,RM06B,facebook,"1.3.5",295,xzcp,40,250,0.9177500000,130
2026-05-29,ar,RM06B,facebook,"1.3.6",68,ALL,59,201,5.8574500000,131
2026-05-29,ar,RM06B,facebook,"1.3.6",68,cl_open,38,42,1.9769000000,36
2026-05-29,ar,RM06B,facebook,"1.3.6",68,ho_open,33,61,1.6023500000,28
2026-05-29,ar,RM06B,facebook,"1.3.6",68,ngdcp,17,17,0.7994500000,15
2026-05-29,ar,RM06B,facebook,"1.3.6",68,splcp,27,28,0.6696000000,14
2026-05-29,ar,RM08,facebook,"1.2.4",117,ALL,87,589,10.3115632220,305
2026-05-29,ar,RM08,facebook,"1.2.4",117,ccopen,67,73,3.2732404604,69
2026-05-29,ar,RM08,facebook,"1.2.4",117,hhopen,46,153,3.4358182692,82
2026-05-29,ar,RM08,facebook,"1.2.4",117,insabb,12,12,0.2364343123,14
2026-05-29,ar,RM08,facebook,"1.2.4",117,insback,11,15,0.2228123906,3
2026-05-29,ar,RM08,facebook,"1.2.4",117,inscon,13,31,0.3185390177,14
2026-05-29,ar,RM08,facebook,"1.2.4",117,insdown,18,103,0.7640993941,34
2026-05-29,ar,RM08,facebook,"1.2.4",117,insnewgd,28,28,0.8551347177,21
2026-05-29,ar,RM08,facebook,"1.2.4",117,insplayn,14,139,0.9366063263,55
2026-05-29,bo,RM06B,facebook,"1.3.4",63,ALL,52,275,4.0510500000,167
2026-05-29,bo,RM06B,facebook,"1.3.4",63,albcp,10,10,0.1178500000,3
2026-05-29,bo,RM06B,facebook,"1.3.4",63,cl_open,31,38,1.2930000000,42
2026-05-29,bo,RM06B,facebook,"1.3.4",63,ho_open,35,69,1.0080500000,37
2026-05-29,bo,RM06B,facebook,"1.3.4",63,ngdcp,25,25,0.3096500000,8
2026-05-29,bo,RM06B,facebook,"1.3.4",63,searcp,13,13,0.1304000000,12
2026-05-29,bo,RM06B,facebook,"1.3.4",63,splcp,27,34,0.5211500000,19
2026-05-29,bo,RM06B,facebook,"1.3.4",63,xzcp,12,49,0.4430500000,31
2026-05-29,bo,RM06B,facebook,"1.3.5",103,ALL,87,388,5.8218000000,179
2026-05-29,bo,RM06B,facebook,"1.3.5",103,bkcp,18,19,0.0639500000,4
2026-05-29,bo,RM06B,facebook,"1.3.5",103,cl_open,65,72,2.4251000000,55
2026-05-29,bo,RM06B,facebook,"1.3.5",103,ho_open,45,110,1.3027500000,41
2026-05-29,bo,RM06B,facebook,"1.3.5",103,ngdcp,42,42,0.6271500000,24
2026-05-29,bo,RM06B,facebook,"1.3.5",103,searcp,25,27,0.1428000000,15
2026-05-29,bo,RM06B,facebook,"1.3.5",103,skpcp,10,20,0.0543000000,6
2026-05-29,bo,RM06B,facebook,"1.3.5",103,splcp,45,56,0.9986000000,20
2026-05-29,bo,RM06B,facebook,"1.3.5",103,xzcp,16,24,0.0555000000,11
2026-05-29,br,RM06B,Google Ads ACI,"1.3.4",934,ALL,730,5559,92.5892500000,2482
2026-05-29,br,RM06B,Google Ads ACI,"1.3.4",934,albcp,116,126,1.5663500000,47
2026-05-29,br,RM06B,Google Ads ACI,"1.3.4",934,bkcp,171,208,2.1713000000,97
2026-05-29,br,RM06B,Google Ads ACI,"1.3.4",934,cl_open,569,680,27.7375000000,448
2026-05-29,br,RM06B,Google Ads ACI,"1.3.4",934,cscp,52,71,0.5605500000,20
2026-05-29,br,RM06B,Google Ads ACI,"1.3.4",934,ho_open,469,1576,24.8693000000,697
2026-05-29,br,RM06B,Google Ads ACI,"1.3.4",934,lkcp,16,17,0.1710500000,25
2026-05-29,br,RM06B,Google Ads ACI,"1.3.4",934,ngdcp,391,413,8.5081500000,234
2026-05-29,br,RM06B,Google Ads ACI,"1.3.4",934,offlcp,41,46,0.4006000000,30
2026-05-29,br,RM06B,Google Ads ACI,"1.3.4",934,searcp,283,350,5.8284000000,145
2026-05-29,br,RM06B,Google Ads ACI,"1.3.4",934,secp,14,14,0.4618000000,6
2026-05-29,br,RM06B,Google Ads ACI,"1.3.4",934,skpcp,106,292,3.5372500000,94
2026-05-29,br,RM06B,Google Ads ACI,"1.3.4",934,splcp,403,691,9.1902500000,268
2026-05-29,br,RM06B,Google Ads ACI,"1.3.4",934,stccp,24,24,0.3450000000,9
2026-05-29,br,RM06B,Google Ads ACI,"1.3.4",934,xzcp,186,1040,7.1456000000,358
2026-05-29,br,RM06B,facebook,"1.3.4",1148,ALL,934,4718,183.2591500000,2906
2026-05-29,br,RM06B,facebook,"1.3.4",1148,albcp,165,180,6.5594000000,116
2026-05-29,br,RM06B,facebook,"1.3.4",1148,bkcp,137,154,3.3571000000,63
2026-05-29,br,RM06B,facebook,"1.3.4",1148,cl_open,704,803,64.3989000000,831
2026-05-29,br,RM06B,facebook,"1.3.4",1148,cscp,23,31,0.2588500000,10
2026-05-29,br,RM06B,facebook,"1.3.4",1148,ho_open,617,1590,60.0361500000,922
2026-05-29,br,RM06B,facebook,"1.3.4",1148,ngdcp,383,387,16.6303000000,277
2026-05-29,br,RM06B,facebook,"1.3.4",1148,offlcp,14,14,0.1545500000,6
2026-05-29,br,RM06B,facebook,"1.3.4",1148,searcp,190,236,5.8534000000,130
2026-05-29,br,RM06B,facebook,"1.3.4",1148,skpcp,82,192,3.2216500000,75
2026-05-29,br,RM06B,facebook,"1.3.4",1148,splcp,385,539,16.5206000000,234
2026-05-29,br,RM06B,facebook,"1.3.4",1148,stccp,13,13,0.3646500000,9
2026-05-29,br,RM06B,facebook,"1.3.4",1148,xzcp,133,552,5.1326000000,220
2026-05-29,br,RM06B,unknown,"1.3.4",316,ALL,271,576,17.3000000000,143
2026-05-29,br,RM06B,unknown,"1.3.4",316,bkcp,14,16,0.1498000000,6
2026-05-29,br,RM06B,unknown,"1.3.4",316,cl_open,246,268,14.8899000000,32
2026-05-29,br,RM06B,unknown,"1.3.4",316,ho_open,42,101,1.0621000000,38
2026-05-29,br,RM06B,unknown,"1.3.4",316,ngdcp,24,26,0.3758000000,14
2026-05-29,br,RM06B,unknown,"1.3.4",316,searcp,15,26,0.1412000000,6
2026-05-29,br,RM06B,unknown,"1.3.4",316,splcp,32,54,0.3446500000,27
2026-05-29,br,RM06B,unknown,"1.3.4",316,xzcp,11,52,0.1890000000,12
2026-05-29,br,RM06B,Google Ads ACI,"1.3.5",862,ALL,693,5060,78.5446500000,2383
2026-05-29,br,RM06B,Google Ads ACI,"1.3.5",862,albcp,111,135,1.7688500000,54
2026-05-29,br,RM06B,Google Ads ACI,"1.3.5",862,bkcp,149,189,1.3320000000,66
2026-05-29,br,RM06B,Google Ads ACI,"1.3.5",862,cl_open,494,586,23.2029000000,459
2026-05-29,br,RM06B,Google Ads ACI,"1.3.5",862,cscp,50,70,0.4957500000,39
2026-05-29,br,RM06B,Google Ads ACI,"1.3.5",862,ho_open,427,1421,22.4377000000,672
2026-05-29,br,RM06B,Google Ads ACI,"1.3.5",862,ngdcp,351,372,7.3285500000,219
2026-05-29,br,RM06B,Google Ads ACI,"1.3.5",862,offlcp,45,53,0.4015000000,11
2026-05-29,br,RM06B,Google Ads ACI,"1.3.5",862,searcp,251,314,4.8951000000,164
2026-05-29,br,RM06B,Google Ads ACI,"1.3.5",862,secp,17,17,0.4116500000,8
2026-05-29,br,RM06B,Google Ads ACI,"1.3.5",862,skpcp,83,165,1.6415000000,87
2026-05-29,br,RM06B,Google Ads ACI,"1.3.5",862,splcp,377,620,7.9563000000,242
2026-05-29,br,RM06B,Google Ads ACI,"1.3.5",862,stccp,12,13,0.1404500000,3
2026-05-29,br,RM06B,Google Ads ACI,"1.3.5",862,xzcp,165,1074,6.3649500000,345
2026-05-29,br,RM06B,facebook,"1.3.5",1562,ALL,1298,6244,273.2990500000,4008
2026-05-29,br,RM06B,facebook,"1.3.5",1562,albcp,234,262,10.2146000000,189
2026-05-29,br,RM06B,facebook,"1.3.5",1562,bkcp,172,191,3.6698500000,58
2026-05-29,br,RM06B,facebook,"1.3.5",1562,cl_open,954,1121,93.1287500000,1181
2026-05-29,br,RM06B,facebook,"1.3.5",1562,cscp,35,40,0.9192000000,19
2026-05-29,br,RM06B,facebook,"1.3.5",1562,ho_open,813,2055,86.0801500000,1172
2026-05-29,br,RM06B,facebook,"1.3.5",1562,ngdcp,574,584,29.1519000000,421
2026-05-29,br,RM06B,facebook,"1.3.5",1562,offlcp,15,15,0.2114500000,8
2026-05-29,br,RM06B,facebook,"1.3.5",1562,rkgcp,11,12,0.5057500000,4
2026-05-29,br,RM06B,facebook,"1.3.5",1562,searcp,226,261,7.8840000000,143
2026-05-29,br,RM06B,facebook,"1.3.5",1562,secp,14,14,0.5018000000,9
2026-05-29,br,RM06B,facebook,"1.3.5",1562,skpcp,120,311,6.2562000000,154
2026-05-29,br,RM06B,facebook,"1.3.5",1562,splcp,539,742,25.7535000000,416
2026-05-29,br,RM06B,facebook,"1.3.5",1562,stccp,17,17,0.4231500000,9
2026-05-29,br,RM06B,facebook,"1.3.5",1562,xzcp,177,610,8.4527000000,219
2026-05-29,br,RM06B,unknown,"1.3.5",350,ALL,318,510,21.6938500000,68
2026-05-29,br,RM06B,unknown,"1.3.5",350,bkcp,13,14,0.0773000000,3
2026-05-29,br,RM06B,unknown,"1.3.5",350,cl_open,297,309,19.2049000000,16
2026-05-29,br,RM06B,unknown,"1.3.5",350,ho_open,31,76,0.8385000000,17
2026-05-29,br,RM06B,unknown,"1.3.5",350,ngdcp,20,20,0.5449000000,8
2026-05-29,br,RM06B,unknown,"1.3.5",350,searcp,16,21,0.2167500000,6
2026-05-29,br,RM06B,unknown,"1.3.5",350,splcp,18,25,0.2192500000,5
2026-05-29,br,RM06B,facebook,"1.3.6",223,ALL,176,718,31.5811500000,427
2026-05-29,br,RM06B,facebook,"1.3.6",223,albcp,33,33,1.1978000000,22
2026-05-29,br,RM06B,facebook,"1.3.6",223,bkcp,17,18,0.3099500000,8
2026-05-29,br,RM06B,facebook,"1.3.6",223,cl_open,120,133,10.6610500000,114
2026-05-29,br,RM06B,facebook,"1.3.6",223,ho_open,113,241,10.0844000000,116
2026-05-29,br,RM06B,facebook,"1.3.6",223,ngdcp,80,81,3.4874500000,51
2026-05-29,br,RM06B,facebook,"1.3.6",223,searcp,29,33,1.0536500000,22
2026-05-29,br,RM06B,facebook,"1.3.6",223,skpcp,13,26,0.4270000000,15
2026-05-29,br,RM06B,facebook,"1.3.6",223,splcp,74,91,3.2297500000,41
2026-05-29,br,RM06B,facebook,"1.3.6",223,xzcp,22,50,0.8302000000,33
2026-05-29,br,RM08,facebook,"1.2.4",988,ALL,828,3563,149.2819364156,2370
2026-05-29,br,RM08,facebook,"1.2.4",988,ccopen,619,746,56.8826644760,675
2026-05-29,br,RM08,facebook,"1.2.4",988,hhopen,470,1001,42.2620313867,625
2026-05-29,br,RM08,facebook,"1.2.4",988,insabb,118,124,5.3920582939,92
2026-05-29,br,RM08,facebook,"1.2.4",988,insatt,12,12,0.2933937019,9
2026-05-29,br,RM08,facebook,"1.2.4",988,insback,110,117,2.4760199687,57
2026-05-29,br,RM08,facebook,"1.2.4",988,inscon,122,238,4.6971228945,207
2026-05-29,br,RM08,facebook,"1.2.4",988,insdown,174,516,10.0784636701,244
2026-05-29,br,RM08,facebook,"1.2.4",988,inshg,20,22,0.4171244623,10
2026-05-29,br,RM08,facebook,"1.2.4",988,insnewgd,345,350,16.3370081499,244
2026-05-29,br,RM08,facebook,"1.2.4",988,insplayn,125,235,5.5708038136,107
2026-05-29,br,RM08,facebook,"1.2.4",988,inssec,111,134,3.5411260594,78
2026-05-29,br,RM08,facebook,"1.2.4",988,inssp,33,49,0.6160422060,10
2026-05-29,br,RM08,unknown,"1.2.4",159,ALL,151,201,11.4171649661,15
2026-05-29,br,RM08,unknown,"1.2.4",159,ccopen,140,146,9.8450469636,5
2026-05-29,br,RM08,unknown,"1.2.4",159,hhopen,22,47,1.1692443770,8
2026-05-29,cl,RM06B,facebook,"1.3.4",99,ALL,75,252,9.2137500000,116
2026-05-29,cl,RM06B,facebook,"1.3.4",99,cl_open,59,69,4.4956500000,47
2026-05-29,cl,RM06B,facebook,"1.3.4",99,ho_open,39,69,2.3184000000,24
2026-05-29,cl,RM06B,facebook,"1.3.4",99,ngdcp,29,30,0.7335000000,11
2026-05-29,cl,RM06B,facebook,"1.3.4",99,searcp,10,11,0.3856500000,7
2026-05-29,cl,RM06B,facebook,"1.3.4",99,splcp,23,28,0.5107000000,9
2026-05-29,cl,RM06B,facebook,"1.3.5",160,ALL,127,543,17.0450000000,353
2026-05-29,cl,RM06B,facebook,"1.3.5",160,albcp,20,20,0.4495000000,15
2026-05-29,cl,RM06B,facebook,"1.3.5",160,bkcp,14,14,0.1554000000,6
2026-05-29,cl,RM06B,facebook,"1.3.5",160,cl_open,103,116,6.6713000000,126
2026-05-29,cl,RM06B,facebook,"1.3.5",160,ho_open,71,162,5.3317500000,88
2026-05-29,cl,RM06B,facebook,"1.3.5",160,ngdcp,66,66,2.2288500000,42
2026-05-29,cl,RM06B,facebook,"1.3.5",160,searcp,21,23,0.3912500000,12
2026-05-29,cl,RM06B,facebook,"1.3.5",160,splcp,47,60,1.1440500000,22
2026-05-29,cl,RM06B,facebook,"1.3.5",160,xzcp,20,46,0.3867000000,21
2026-05-29,cl,RM08,facebook,"1.2.4",61,ALL,49,117,6.1367662619,72
2026-05-29,cl,RM08,facebook,"1.2.4",61,ccopen,41,46,2.6960458768,38
2026-05-29,cl,RM08,facebook,"1.2.4",61,hhopen,21,26,1.8620527410,7
2026-05-29,cl,RM08,facebook,"1.2.4",61,insnewgd,13,13,0.5025414878,9
2026-05-29,co,RM06B,Google Ads ACI,"1.3.4",85,ALL,49,609,4.2663000000,182
2026-05-29,co,RM06B,Google Ads ACI,"1.3.4",85,bkcp,22,27,0.1248500000,9
2026-05-29,co,RM06B,Google Ads ACI,"1.3.4",85,cl_open,29,35,1.1727500000,21
2026-05-29,co,RM06B,Google Ads ACI,"1.3.4",85,ho_open,33,136,0.8244500000,44
2026-05-29,co,RM06B,Google Ads ACI,"1.3.4",85,ngdcp,20,21,0.5281000000,14
2026-05-29,co,RM06B,Google Ads ACI,"1.3.4",85,searcp,27,48,0.3451000000,16
2026-05-29,co,RM06B,Google Ads ACI,"1.3.4",85,splcp,29,63,0.5128500000,20
2026-05-29,co,RM06B,Google Ads ACI,"1.3.4",85,xzcp,19,247,0.6214000000,43
2026-05-29,co,RM06B,facebook,"1.3.4",647,ALL,510,2870,57.4670000000,1576
2026-05-29,co,RM06B,facebook,"1.3.4",647,albcp,61,76,1.3280000000,30
2026-05-29,co,RM06B,facebook,"1.3.4",647,bkcp,84,109,1.2209500000,39
2026-05-29,co,RM06B,facebook,"1.3.4",647,cl_open,358,408,21.1942000000,423
2026-05-29,co,RM06B,facebook,"1.3.4",647,cscp,24,37,0.2275500000,10
2026-05-29,co,RM06B,facebook,"1.3.4",647,ho_open,315,973,16.1888500000,486
2026-05-29,co,RM06B,facebook,"1.3.4",647,ngdcp,211,217,6.4924000000,195
2026-05-29,co,RM06B,facebook,"1.3.4",647,offlcp,23,26,0.1745500000,10
2026-05-29,co,RM06B,facebook,"1.3.4",647,searcp,111,146,2.3790500000,62
2026-05-29,co,RM06B,facebook,"1.3.4",647,skpcp,52,144,1.0230000000,56
2026-05-29,co,RM06B,facebook,"1.3.4",647,splcp,202,306,4.6437500000,113
2026-05-29,co,RM06B,facebook,"1.3.4",647,xzcp,107,402,2.1021000000,145
2026-05-29,co,RM06B,unknown,"1.3.4",80,ALL,65,104,3.6024000000,39
2026-05-29,co,RM06B,unknown,"1.3.4",80,cl_open,60,62,3.1815000000,22
2026-05-29,co,RM06B,Google Ads ACI,"1.3.5",109,ALL,59,635,5.0776500000,286
2026-05-29,co,RM06B,Google Ads ACI,"1.3.5",109,albcp,13,14,0.1542000000,13
2026-05-29,co,RM06B,Google Ads ACI,"1.3.5",109,bkcp,19,24,0.0648000000,11
2026-05-29,co,RM06B,Google Ads ACI,"1.3.5",109,cl_open,41,52,1.7895000000,32
2026-05-29,co,RM06B,Google Ads ACI,"1.3.5",109,ho_open,41,178,1.2325000000,79
2026-05-29,co,RM06B,Google Ads ACI,"1.3.5",109,ngdcp,21,21,0.2915500000,8
2026-05-29,co,RM06B,Google Ads ACI,"1.3.5",109,searcp,26,35,0.6303500000,17
2026-05-29,co,RM06B,Google Ads ACI,"1.3.5",109,splcp,28,56,0.2519000000,26
2026-05-29,co,RM06B,Google Ads ACI,"1.3.5",109,xzcp,24,220,0.4690000000,83
2026-05-29,co,RM06B,TIKTOK,"1.3.5",56,ALL,47,848,5.4210500000,378
2026-05-29,co,RM06B,TIKTOK,"1.3.5",56,bkcp,15,45,0.1750000000,16
2026-05-29,co,RM06B,TIKTOK,"1.3.5",56,cl_open,35,40,1.5655000000,67
2026-05-29,co,RM06B,TIKTOK,"1.3.5",56,ho_open,27,117,1.1388000000,53
2026-05-29,co,RM06B,TIKTOK,"1.3.5",56,ngdcp,27,28,0.5809000000,20
2026-05-29,co,RM06B,TIKTOK,"1.3.5",56,searcp,20,47,0.3337500000,21
2026-05-29,co,RM06B,TIKTOK,"1.3.5",56,splcp,27,126,0.6487000000,42
2026-05-29,co,RM06B,TIKTOK,"1.3.5",56,xzcp,20,371,0.6537000000,129
2026-05-29,co,RM06B,facebook,"1.3.5",870,ALL,712,4539,82.2699000000,2350
2026-05-29,co,RM06B,facebook,"1.3.5",870,albcp,101,122,1.7596500000,59
2026-05-29,co,RM06B,facebook,"1.3.5",870,bkcp,124,149,1.0921500000,57
2026-05-29,co,RM06B,facebook,"1.3.5",870,cl_open,485,611,29.7603500000,548
2026-05-29,co,RM06B,facebook,"1.3.5",870,cscp,33,43,0.2207500000,14
2026-05-29,co,RM06B,facebook,"1.3.5",870,ho_open,455,1131,20.9985500000,604
2026-05-29,co,RM06B,facebook,"1.3.5",870,ngdcp,327,339,8.9301000000,256
2026-05-29,co,RM06B,facebook,"1.3.5",870,offlcp,32,40,0.2203000000,9
2026-05-29,co,RM06B,facebook,"1.3.5",870,searcp,195,250,3.4465000000,167
2026-05-29,co,RM06B,facebook,"1.3.5",870,secp,10,10,0.1236000000,4
2026-05-29,co,RM06B,facebook,"1.3.5",870,skpcp,90,304,2.2502000000,103
2026-05-29,co,RM06B,facebook,"1.3.5",870,splcp,352,532,7.9224000000,226
2026-05-29,co,RM06B,facebook,"1.3.5",870,stccp,11,11,0.2181500000,8
2026-05-29,co,RM06B,facebook,"1.3.5",870,xzcp,158,989,5.2251500000,289
2026-05-29,co,RM06B,unknown,"1.3.5",81,ALL,70,185,3.8803500000,52
2026-05-29,co,RM06B,unknown,"1.3.5",81,cl_open,64,64,3.2412000000,5
2026-05-29,co,RM06B,facebook,"1.3.6",226,ALL,185,744,20.5544000000,505
2026-05-29,co,RM06B,facebook,"1.3.6",226,albcp,22,22,0.5985000000,19
2026-05-29,co,RM06B,facebook,"1.3.6",226,bkcp,30,30,0.4626000000,19
2026-05-29,co,RM06B,facebook,"1.3.6",226,cl_open,141,161,7.3503500000,159
2026-05-29,co,RM06B,facebook,"1.3.6",226,ho_open,106,229,5.9985500000,133
2026-05-29,co,RM06B,facebook,"1.3.6",226,ngdcp,85,87,2.2013500000,70
2026-05-29,co,RM06B,facebook,"1.3.6",226,searcp,32,35,0.9267000000,18
2026-05-29,co,RM06B,facebook,"1.3.6",226,skpcp,14,23,0.2170000000,12
2026-05-29,co,RM06B,facebook,"1.3.6",226,splcp,62,73,2.0130500000,32
2026-05-29,co,RM06B,facebook,"1.3.6",226,xzcp,28,65,0.5094500000,34
2026-05-29,co,RM08,facebook,"1.2.4",210,ALL,158,501,14.7733179915,363
2026-05-29,co,RM08,facebook,"1.2.4",210,ccopen,105,125,4.8246817257,124
2026-05-29,co,RM08,facebook,"1.2.4",210,hhopen,69,155,4.5005311145,97
2026-05-29,co,RM08,facebook,"1.2.4",210,insabb,22,22,0.4219773567,15
2026-05-29,co,RM08,facebook,"1.2.4",210,insback,13,13,0.1227033262,2
2026-05-29,co,RM08,facebook,"1.2.4",210,inscon,18,24,0.4427492498,6
2026-05-29,co,RM08,facebook,"1.2.4",210,insdown,24,29,0.6259740440,13
2026-05-29,co,RM08,facebook,"1.2.4",210,insnewgd,65,65,2.3055614383,60
2026-05-29,co,RM08,facebook,"1.2.4",210,insplayn,22,39,0.7320606879,26
2026-05-29,co,RM08,facebook,"1.2.4",210,inssec,16,17,0.4366993660,13
2026-05-29,co,RM08,unknown,"1.2.4",64,ALL,49,66,1.6181844460,9
2026-05-29,co,RM08,unknown,"1.2.4",64,ccopen,42,45,1.2730807049,4
2026-05-29,co,RM08,unknown,"1.2.4",64,hhopen,13,16,0.1214854791,4
2026-05-29,cr,RM06B,facebook,"1.3.5",54,ALL,46,228,6.6539000000,141
2026-05-29,cr,RM06B,facebook,"1.3.5",54,cl_open,37,49,3.0817500000,44
2026-05-29,cr,RM06B,facebook,"1.3.5",54,ho_open,32,78,1.9755000000,50
2026-05-29,cr,RM06B,facebook,"1.3.5",54,ngdcp,18,22,0.5408000000,20
2026-05-29,cr,RM06B,facebook,"1.3.5",54,searcp,10,15,0.1292500000,8
2026-05-29,cr,RM06B,facebook,"1.3.5",54,splcp,18,25,0.3560500000,5
2026-05-29,do,RM06B,facebook,"1.3.5",57,ALL,48,258,5.1727500000,128
2026-05-29,do,RM06B,facebook,"1.3.5",57,bkcp,10,11,0.0683500000,3
2026-05-29,do,RM06B,facebook,"1.3.5",57,cl_open,32,38,2.2498000000,32
2026-05-29,do,RM06B,facebook,"1.3.5",57,ho_open,24,73,1.2464000000,32
2026-05-29,do,RM06B,facebook,"1.3.5",57,ngdcp,19,20,0.5829000000,17
2026-05-29,do,RM06B,facebook,"1.3.5",57,searcp,11,12,0.1200500000,12
2026-05-29,do,RM06B,facebook,"1.3.5",57,splcp,17,23,0.4969500000,11
2026-05-29,do,RM06B,facebook,"1.3.5",57,xzcp,11,63,0.1889000000,14
2026-05-29,ec,RM06B,facebook,"1.3.4",81,ALL,52,349,5.3002000000,207
2026-05-29,ec,RM06B,facebook,"1.3.4",81,albcp,10,12,0.2106000000,14
2026-05-29,ec,RM06B,facebook,"1.3.4",81,bkcp,14,16,0.1745000000,5
2026-05-29,ec,RM06B,facebook,"1.3.4",81,cl_open,35,45,1.8427500000,41
2026-05-29,ec,RM06B,facebook,"1.3.4",81,ho_open,32,79,0.9337000000,41
2026-05-29,ec,RM06B,facebook,"1.3.4",81,ngdcp,29,29,0.7293500000,29
2026-05-29,ec,RM06B,facebook,"1.3.4",81,searcp,13,26,0.3633000000,9
2026-05-29,ec,RM06B,facebook,"1.3.4",81,splcp,30,53,0.5620000000,24
2026-05-29,ec,RM06B,facebook,"1.3.4",81,xzcp,16,69,0.3990000000,32
2026-05-29,ec,RM06B,facebook,"1.3.5",124,ALL,107,470,8.5228500000,238
2026-05-29,ec,RM06B,facebook,"1.3.5",124,albcp,14,14,0.2054000000,10
2026-05-29,ec,RM06B,facebook,"1.3.5",124,cl_open,84,92,3.9818000000,54
2026-05-29,ec,RM06B,facebook,"1.3.5",124,ho_open,50,109,1.6936000000,57
2026-05-29,ec,RM06B,facebook,"1.3.5",124,ngdcp,57,57,0.9408000000,41
2026-05-29,ec,RM06B,facebook,"1.3.5",124,searcp,22,25,0.2613500000,15
2026-05-29,ec,RM06B,facebook,"1.3.5",124,skpcp,14,38,0.1532000000,15
2026-05-29,ec,RM06B,facebook,"1.3.5",124,splcp,52,72,0.7554500000,23
2026-05-29,ec,RM06B,facebook,"1.3.5",124,xzcp,19,39,0.3947000000,10
2026-05-29,es,RM06B,facebook,"1.3.4",85,ALL,67,337,20.0882000000,138
2026-05-29,es,RM06B,facebook,"1.3.4",85,cl_open,51,58,9.4472000000,41
2026-05-29,es,RM06B,facebook,"1.3.4",85,ho_open,33,100,3.7452500000,33
2026-05-29,es,RM06B,facebook,"1.3.4",85,ngdcp,26,26,2.3394500000,15
2026-05-29,es,RM06B,facebook,"1.3.4",85,searcp,23,25,1.5735500000,10
2026-05-29,es,RM06B,facebook,"1.3.4",85,splcp,26,34,1.6312000000,7
2026-05-29,es,RM06B,facebook,"1.3.4",85,xzcp,12,39,0.5619500000,13
2026-05-29,es,RM06B,facebook,"1.3.5",139,ALL,117,574,30.9471500000,222
2026-05-29,es,RM06B,facebook,"1.3.5",139,albcp,13,24,0.3415000000,9
2026-05-29,es,RM06B,facebook,"1.3.5",139,bkcp,18,18,0.4725500000,4
2026-05-29,es,RM06B,facebook,"1.3.5",139,cl_open,75,91,11.4260500000,60
2026-05-29,es,RM06B,facebook,"1.3.5",139,ho_open,68,175,8.5336500000,61
2026-05-29,es,RM06B,facebook,"1.3.5",139,ngdcp,49,50,2.9853500000,25
2026-05-29,es,RM06B,facebook,"1.3.5",139,searcp,31,36,1.6473000000,14
2026-05-29,es,RM06B,facebook,"1.3.5",139,splcp,54,76,3.4490500000,26
2026-05-29,es,RM06B,facebook,"1.3.5",139,xzcp,19,63,0.9858500000,15
2026-05-29,gh,RM06B,facebook,"1.3.4",94,ALL,77,380,7.3508500000,224
2026-05-29,gh,RM06B,facebook,"1.3.4",94,albcp,22,26,0.3668500000,13
2026-05-29,gh,RM06B,facebook,"1.3.4",94,bkcp,20,22,0.3081000000,7
2026-05-29,gh,RM06B,facebook,"1.3.4",94,cl_open,52,55,2.4087500000,58
2026-05-29,gh,RM06B,facebook,"1.3.4",94,ho_open,40,89,1.7076500000,46
2026-05-29,gh,RM06B,facebook,"1.3.4",94,ngdcp,27,27,0.3892000000,18
2026-05-29,gh,RM06B,facebook,"1.3.4",94,skpcp,11,21,0.2452000000,9
2026-05-29,gh,RM06B,facebook,"1.3.4",94,splcp,35,55,0.9805500000,21
2026-05-29,gh,RM06B,facebook,"1.3.4",94,xzcp,21,59,0.7553500000,38
2026-05-29,gh,RM06B,facebook,"1.3.5",107,ALL,90,595,8.2591500000,311
2026-05-29,gh,RM06B,facebook,"1.3.5",107,albcp,28,33,0.6295000000,20
2026-05-29,gh,RM06B,facebook,"1.3.5",107,bkcp,21,27,0.3683000000,13
2026-05-29,gh,RM06B,facebook,"1.3.5",107,cl_open,54,61,2.4830500000,65
2026-05-29,gh,RM06B,facebook,"1.3.5",107,cscp,10,13,0.0506500000,4
2026-05-29,gh,RM06B,facebook,"1.3.5",107,ho_open,53,153,1.8280000000,83
2026-05-29,gh,RM06B,facebook,"1.3.5",107,ngdcp,32,34,0.6961000000,18
2026-05-29,gh,RM06B,facebook,"1.3.5",107,searcp,20,27,0.2300500000,12
2026-05-29,gh,RM06B,facebook,"1.3.5",107,skpcp,16,45,0.3212000000,14
2026-05-29,gh,RM06B,facebook,"1.3.5",107,splcp,51,75,0.8930000000,43
2026-05-29,gh,RM06B,facebook,"1.3.5",107,xzcp,28,117,0.5617000000,34
2026-05-29,gt,RM06B,facebook,"1.3.4",134,ALL,115,834,10.2325500000,321
2026-05-29,gt,RM06B,facebook,"1.3.4",134,albcp,21,22,0.2982000000,12
2026-05-29,gt,RM06B,facebook,"1.3.4",134,bkcp,29,34,0.3138000000,4
2026-05-29,gt,RM06B,facebook,"1.3.4",134,cl_open,76,89,3.4214500000,73
2026-05-29,gt,RM06B,facebook,"1.3.4",134,ho_open,74,245,2.8206500000,93
2026-05-29,gt,RM06B,facebook,"1.3.4",134,ngdcp,59,60,0.9389000000,32
2026-05-29,gt,RM06B,facebook,"1.3.4",134,searcp,39,48,0.5512000000,24
2026-05-29,gt,RM06B,facebook,"1.3.4",134,skpcp,16,96,0.3469500000,21
2026-05-29,gt,RM06B,facebook,"1.3.4",134,splcp,65,100,0.9814000000,28
2026-05-29,gt,RM06B,facebook,"1.3.4",134,xzcp,27,116,0.4185000000,28
2026-05-29,gt,RM06B,facebook,"1.3.5",168,ALL,137,858,11.8778000000,425
2026-05-29,gt,RM06B,facebook,"1.3.5",168,albcp,18,18,0.1454000000,8
2026-05-29,gt,RM06B,facebook,"1.3.5",168,bkcp,21,24,0.1511000000,7
2026-05-29,gt,RM06B,facebook,"1.3.5",168,cl_open,95,108,4.5448000000,99
2026-05-29,gt,RM06B,facebook,"1.3.5",168,cscp,10,12,0.0814000000,4
2026-05-29,gt,RM06B,facebook,"1.3.5",168,ho_open,86,276,3.5507000000,143
2026-05-29,gt,RM06B,facebook,"1.3.5",168,ngdcp,77,78,0.9318000000,49
2026-05-29,gt,RM06B,facebook,"1.3.5",168,searcp,41,48,0.4598500000,18
2026-05-29,gt,RM06B,facebook,"1.3.5",168,skpcp,24,65,0.3445000000,20
2026-05-29,gt,RM06B,facebook,"1.3.5",168,splcp,76,115,1.0620000000,34
2026-05-29,gt,RM06B,facebook,"1.3.5",168,xzcp,35,97,0.4276000000,39
2026-05-29,hk,RM08,facebook,"1.2.4",71,ALL,66,388,20.9729862631,161
2026-05-29,hk,RM08,facebook,"1.2.4",71,ccopen,52,61,6.0883912892,44
2026-05-29,hk,RM08,facebook,"1.2.4",71,hhopen,37,111,6.0337198764,33
2026-05-29,hk,RM08,facebook,"1.2.4",71,insabb,19,23,1.5471675445,13
2026-05-29,hk,RM08,facebook,"1.2.4",71,insback,15,17,1.0868386635,12
2026-05-29,hk,RM08,facebook,"1.2.4",71,inscon,14,40,0.8466992878,10
2026-05-29,hk,RM08,facebook,"1.2.4",71,insdown,20,43,0.9182825737,14
2026-05-29,hk,RM08,facebook,"1.2.4",71,insnewgd,40,40,2.0819974405,16
2026-05-29,hk,RM08,facebook,"1.2.4",71,inssec,19,26,1.0661717634,12
2026-05-29,hn,RM06B,facebook,"1.3.4",75,ALL,57,316,4.0520000000,221
2026-05-29,hn,RM06B,facebook,"1.3.4",75,cl_open,39,48,0.8607000000,60
2026-05-29,hn,RM06B,facebook,"1.3.4",75,ho_open,32,83,1.0247500000,52
2026-05-29,hn,RM06B,facebook,"1.3.4",75,ngdcp,23,25,0.4313500000,15
2026-05-29,hn,RM06B,facebook,"1.3.4",75,searcp,18,22,0.1888000000,19
2026-05-29,hn,RM06B,facebook,"1.3.4",75,skpcp,12,27,0.3726000000,11
2026-05-29,hn,RM06B,facebook,"1.3.4",75,splcp,32,36,0.5084500000,12
2026-05-29,hn,RM06B,facebook,"1.3.4",75,xzcp,20,47,0.3251000000,44
2026-05-29,hn,RM06B,facebook,"1.3.5",93,ALL,78,673,5.1912500000,296
2026-05-29,hn,RM06B,facebook,"1.3.5",93,albcp,16,21,0.1262500000,6
2026-05-29,hn,RM06B,facebook,"1.3.5",93,bkcp,15,18,0.1203000000,3
2026-05-29,hn,RM06B,facebook,"1.3.5",93,cl_open,50,57,1.2936500000,34
2026-05-29,hn,RM06B,facebook,"1.3.5",93,ho_open,51,165,1.4523500000,94
2026-05-29,hn,RM06B,facebook,"1.3.5",93,ngdcp,42,42,0.4967000000,29
2026-05-29,hn,RM06B,facebook,"1.3.5",93,searcp,29,34,0.2862000000,15
2026-05-29,hn,RM06B,facebook,"1.3.5",93,skpcp,11,34,0.1365500000,7
2026-05-29,hn,RM06B,facebook,"1.3.5",93,splcp,45,81,0.4523000000,40
2026-05-29,hn,RM06B,facebook,"1.3.5",93,xzcp,34,206,0.7286000000,66
2026-05-29,id,RM06B,Google Ads ACI,"1.3.4",1371,ALL,1100,7579,44.0376000000,4588
2026-05-29,id,RM06B,Google Ads ACI,"1.3.4",1371,albcp,181,193,1.2933000000,118
2026-05-29,id,RM06B,Google Ads ACI,"1.3.4",1371,bkcp,278,345,1.2373500000,153
2026-05-29,id,RM06B,Google Ads ACI,"1.3.4",1371,cl_open,707,890,11.9476000000,900
2026-05-29,id,RM06B,Google Ads ACI,"1.3.4",1371,cscp,125,177,0.6661500000,100
2026-05-29,id,RM06B,Google Ads ACI,"1.3.4",1371,ho_open,685,2195,12.5431500000,1339
2026-05-29,id,RM06B,Google Ads ACI,"1.3.4",1371,lkcp,10,10,0.0744000000,9
2026-05-29,id,RM06B,Google Ads ACI,"1.3.4",1371,ngdcp,487,502,4.8470000000,351
2026-05-29,id,RM06B,Google Ads ACI,"1.3.4",1371,offlcp,72,79,0.1949500000,33
2026-05-29,id,RM06B,Google Ads ACI,"1.3.4",1371,rkgcp,11,11,0.0736500000,7
2026-05-29,id,RM06B,Google Ads ACI,"1.3.4",1371,searcp,344,438,2.0394000000,294
2026-05-29,id,RM06B,Google Ads ACI,"1.3.4",1371,secp,30,30,0.0982500000,33
2026-05-29,id,RM06B,Google Ads ACI,"1.3.4",1371,skpcp,87,138,0.4178500000,73
2026-05-29,id,RM06B,Google Ads ACI,"1.3.4",1371,splcp,596,1057,4.5153000000,533
2026-05-29,id,RM06B,Google Ads ACI,"1.3.4",1371,stccp,19,20,0.1083000000,8
2026-05-29,id,RM06B,Google Ads ACI,"1.3.4",1371,xzcp,322,1485,3.9654000000,634
2026-05-29,id,RM06B,facebook,"1.3.4",72,ALL,44,275,4.0022500000,160
2026-05-29,id,RM06B,facebook,"1.3.4",72,bkcp,13,16,0.1129000000,5
2026-05-29,id,RM06B,facebook,"1.3.4",72,cl_open,27,31,0.7092500000,33
2026-05-29,id,RM06B,facebook,"1.3.4",72,ho_open,33,115,1.4730000000,69
2026-05-29,id,RM06B,facebook,"1.3.4",72,ngdcp,20,20,0.5250000000,8
2026-05-29,id,RM06B,facebook,"1.3.4",72,searcp,10,14,0.1735000000,6
2026-05-29,id,RM06B,facebook,"1.3.4",72,splcp,19,39,0.3077000000,15
2026-05-29,id,RM06B,unknown,"1.3.4",224,ALL,142,479,2.0580500000,182
2026-05-29,id,RM06B,unknown,"1.3.4",224,albcp,11,12,0.0178000000,8
2026-05-29,id,RM06B,unknown,"1.3.4",224,bkcp,18,23,0.0325000000,9
2026-05-29,id,RM06B,unknown,"1.3.4",224,cl_open,121,135,1.3638500000,32
2026-05-29,id,RM06B,unknown,"1.3.4",224,ho_open,39,122,0.2899500000,50
2026-05-29,id,RM06B,unknown,"1.3.4",224,ngdcp,28,29,0.0625500000,17
2026-05-29,id,RM06B,unknown,"1.3.4",224,searcp,16,17,0.0304500000,6
2026-05-29,id,RM06B,unknown,"1.3.4",224,splcp,30,60,0.1483000000,32
2026-05-29,id,RM06B,unknown,"1.3.4",224,xzcp,16,48,0.0745500000,16
2026-05-29,id,RM06B,Google Ads ACI,"1.3.5",1925,ALL,1564,10561,63.3491500000,6002
2026-05-29,id,RM06B,Google Ads ACI,"1.3.5",1925,albcp,243,261,1.5191500000,155
2026-05-29,id,RM06B,Google Ads ACI,"1.3.5",1925,bkcp,443,530,2.2182000000,214
2026-05-29,id,RM06B,Google Ads ACI,"1.3.5",1925,cl_open,909,1126,15.3958000000,976
2026-05-29,id,RM06B,Google Ads ACI,"1.3.5",1925,cscp,154,207,0.7530500000,96
2026-05-29,id,RM06B,Google Ads ACI,"1.3.5",1925,ho_open,948,2869,17.3828500000,1692
2026-05-29,id,RM06B,Google Ads ACI,"1.3.5",1925,lkcp,16,17,0.0482500000,13
2026-05-29,id,RM06B,Google Ads ACI,"1.3.5",1925,ngdcp,721,749,6.6226000000,648
2026-05-29,id,RM06B,Google Ads ACI,"1.3.5",1925,offlcp,102,107,0.3287500000,58
2026-05-29,id,RM06B,Google Ads ACI,"1.3.5",1925,rkgcp,19,19,0.2080000000,12
2026-05-29,id,RM06B,Google Ads ACI,"1.3.5",1925,searcp,538,720,4.1528000000,406
2026-05-29,id,RM06B,Google Ads ACI,"1.3.5",1925,secp,33,33,0.2830500000,12
2026-05-29,id,RM06B,Google Ads ACI,"1.3.5",1925,skpcp,122,279,0.9585000000,144
2026-05-29,id,RM06B,Google Ads ACI,"1.3.5",1925,splcp,844,1465,6.5302500000,658
2026-05-29,id,RM06B,Google Ads ACI,"1.3.5",1925,stccp,27,27,0.0931000000,18
2026-05-29,id,RM06B,Google Ads ACI,"1.3.5",1925,xzcp,469,2143,6.8414500000,890
2026-05-29,id,RM06B,facebook,"1.3.5",159,ALL,117,659,9.6822000000,432
2026-05-29,id,RM06B,facebook,"1.3.5",159,albcp,27,28,0.4888000000,22
2026-05-29,id,RM06B,facebook,"1.3.5",159,bkcp,29,31,0.2934000000,14
2026-05-29,id,RM06B,facebook,"1.3.5",159,cl_open,60,66,1.5160000000,64
2026-05-29,id,RM06B,facebook,"1.3.5",159,cscp,10,10,0.0308000000,3
2026-05-29,id,RM06B,facebook,"1.3.5",159,ho_open,78,235,3.1447000000,122
2026-05-29,id,RM06B,facebook,"1.3.5",159,ngdcp,53,53,1.2057000000,68
2026-05-29,id,RM06B,facebook,"1.3.5",159,searcp,41,49,0.7640500000,27
2026-05-29,id,RM06B,facebook,"1.3.5",159,splcp,64,78,1.0922000000,44
2026-05-29,id,RM06B,facebook,"1.3.5",159,xzcp,23,88,0.9258000000,57
2026-05-29,id,RM06B,unknown,"1.3.5",327,ALL,216,775,3.1537500000,294
2026-05-29,id,RM06B,unknown,"1.3.5",327,albcp,15,15,0.0383500000,8
2026-05-29,id,RM06B,unknown,"1.3.5",327,bkcp,28,32,0.0448000000,13
2026-05-29,id,RM06B,unknown,"1.3.5",327,cl_open,167,209,1.8259500000,66
2026-05-29,id,RM06B,unknown,"1.3.5",327,ho_open,65,202,0.4793000000,95
2026-05-29,id,RM06B,unknown,"1.3.5",327,ngdcp,45,48,0.1967000000,24
2026-05-29,id,RM06B,unknown,"1.3.5",327,searcp,35,48,0.1029000000,21
2026-05-29,id,RM06B,unknown,"1.3.5",327,splcp,58,107,0.2631500000,37
2026-05-29,id,RM06B,unknown,"1.3.5",327,xzcp,34,84,0.1429000000,22
2026-05-29,id,RM06B,Google Ads ACI,"1.3.6",348,ALL,274,2097,13.0075500000,1125
2026-05-29,id,RM06B,Google Ads ACI,"1.3.6",348,albcp,51,54,0.4665500000,31
2026-05-29,id,RM06B,Google Ads ACI,"1.3.6",348,bkcp,102,121,0.3850000000,52
2026-05-29,id,RM06B,Google Ads ACI,"1.3.6",348,cl_open,152,172,2.5855000000,142
2026-05-29,id,RM06B,Google Ads ACI,"1.3.6",348,cscp,27,30,0.1153500000,13
2026-05-29,id,RM06B,Google Ads ACI,"1.3.6",348,ho_open,172,471,3.1073500000,268
2026-05-29,id,RM06B,Google Ads ACI,"1.3.6",348,ngdcp,123,125,1.2037500000,69
2026-05-29,id,RM06B,Google Ads ACI,"1.3.6",348,offlcp,26,27,0.0616500000,9
2026-05-29,id,RM06B,Google Ads ACI,"1.3.6",348,searcp,125,167,1.1237500000,62
2026-05-29,id,RM06B,Google Ads ACI,"1.3.6",348,secp,10,10,0.0342500000,17
2026-05-29,id,RM06B,Google Ads ACI,"1.3.6",348,skpcp,26,43,0.1917500000,59
2026-05-29,id,RM06B,Google Ads ACI,"1.3.6",348,splcp,156,261,1.4818500000,114
2026-05-29,id,RM06B,Google Ads ACI,"1.3.6",348,xzcp,116,603,2.2082500000,270
2026-05-29,id,RM06B,unknown,"1.3.6",61,ALL,35,143,0.4474500000,32
2026-05-29,id,RM06B,unknown,"1.3.6",61,cl_open,29,33,0.1779500000,10
2026-05-29,id,RM08,Google Ads ACI,"1.2.4",67,ALL,53,693,1.8517658622,248
2026-05-29,id,RM08,Google Ads ACI,"1.2.4",67,ccopen,40,61,0.4149350556,31
2026-05-29,id,RM08,Google Ads ACI,"1.2.4",67,hhopen,35,96,0.2854218035,27
2026-05-29,id,RM08,Google Ads ACI,"1.2.4",67,insback,29,34,0.0640570669,6
2026-05-29,id,RM08,Google Ads ACI,"1.2.4",67,inscon,26,66,0.0893442004,24
2026-05-29,id,RM08,Google Ads ACI,"1.2.4",67,insdown,30,287,0.6141230288,106
2026-05-29,id,RM08,Google Ads ACI,"1.2.4",67,inshg,15,19,0.0383600612,4
2026-05-29,id,RM08,Google Ads ACI,"1.2.4",67,insnewgd,32,36,0.1346736349,21
2026-05-29,id,RM08,Google Ads ACI,"1.2.4",67,inssec,34,52,0.1496750211,16
2026-05-29,id,RM08,Google Ads ACI,"1.2.4",67,inssp,11,16,0.0210483193,5
2026-05-29,id,RM08,facebook,"1.2.4",107,ALL,80,538,7.3072783836,284
2026-05-29,id,RM08,facebook,"1.2.4",107,ccopen,47,55,1.7550973925,45
2026-05-29,id,RM08,facebook,"1.2.4",107,hhopen,52,127,2.1232482749,63
2026-05-29,id,RM08,facebook,"1.2.4",107,insabb,19,22,0.0879349727,6
2026-05-29,id,RM08,facebook,"1.2.4",107,insback,28,32,0.2030360393,18
2026-05-29,id,RM08,facebook,"1.2.4",107,inscon,23,42,0.2288747167,22
2026-05-29,id,RM08,facebook,"1.2.4",107,insdown,37,144,1.2605939941,62
2026-05-29,id,RM08,facebook,"1.2.4",107,insnewgd,35,35,0.6757784042,33
2026-05-29,id,RM08,facebook,"1.2.4",107,insplayn,19,37,0.4456864279,18
2026-05-29,id,RM08,facebook,"1.2.4",107,inssec,22,24,0.3575549383,12
2026-05-29,id,RM08,facebook,"1.2.4",107,inssp,10,11,0.0421696324,3
2026-05-29,ir,RM08,Google Ads ACI,"1.2.4",54,ALL,19,26,0.0275712741,34
2026-05-29,ke,RM06B,facebook,"1.3.4",104,ALL,78,706,8.2973500000,401
2026-05-29,ke,RM06B,facebook,"1.3.4",104,albcp,16,18,0.1389500000,9
2026-05-29,ke,RM06B,facebook,"1.3.4",104,bkcp,25,36,0.2170000000,8
2026-05-29,ke,RM06B,facebook,"1.3.4",104,cl_open,36,40,2.1561000000,48
2026-05-29,ke,RM06B,facebook,"1.3.4",104,ho_open,53,176,2.0798500000,112
2026-05-29,ke,RM06B,facebook,"1.3.4",104,ngdcp,25,27,0.4134500000,19
2026-05-29,ke,RM06B,facebook,"1.3.4",104,searcp,29,42,0.3956500000,31
2026-05-29,ke,RM06B,facebook,"1.3.4",104,skpcp,16,39,0.3672500000,10
2026-05-29,ke,RM06B,facebook,"1.3.4",104,splcp,45,91,0.7967500000,33
2026-05-29,ke,RM06B,facebook,"1.3.4",104,xzcp,45,213,1.5793500000,115
2026-05-29,ke,RM06B,facebook,"1.3.5",128,ALL,113,930,8.8503500000,459
2026-05-29,ke,RM06B,facebook,"1.3.5",128,albcp,27,30,0.3633000000,17
2026-05-29,ke,RM06B,facebook,"1.3.5",128,bkcp,29,33,0.1163500000,6
2026-05-29,ke,RM06B,facebook,"1.3.5",128,cl_open,60,69,2.3137500000,51
2026-05-29,ke,RM06B,facebook,"1.3.5",128,cscp,11,20,0.0429500000,7
2026-05-29,ke,RM06B,facebook,"1.3.5",128,ho_open,66,211,1.9465000000,93
2026-05-29,ke,RM06B,facebook,"1.3.5",128,ngdcp,38,39,0.6179500000,35
2026-05-29,ke,RM06B,facebook,"1.3.5",128,searcp,37,71,0.6605500000,50
2026-05-29,ke,RM06B,facebook,"1.3.5",128,skpcp,16,30,0.1003000000,16
2026-05-29,ke,RM06B,facebook,"1.3.5",128,splcp,61,121,1.1510000000,50
2026-05-29,ke,RM06B,facebook,"1.3.5",128,xzcp,58,288,1.3522500000,125
2026-05-29,ma,RM06B,Google Ads ACI,"1.3.5",54,ALL,41,419,0.7765500000,177
2026-05-29,ma,RM06B,Google Ads ACI,"1.3.5",54,bkcp,17,21,0.0284000000,10
2026-05-29,ma,RM06B,Google Ads ACI,"1.3.5",54,cl_open,18,23,0.1666500000,17
2026-05-29,ma,RM06B,Google Ads ACI,"1.3.5",54,ho_open,29,87,0.1516000000,42
2026-05-29,ma,RM06B,Google Ads ACI,"1.3.5",54,ngdcp,13,14,0.0369500000,9
2026-05-29,ma,RM06B,Google Ads ACI,"1.3.5",54,searcp,25,42,0.0510000000,16
2026-05-29,ma,RM06B,Google Ads ACI,"1.3.5",54,splcp,27,66,0.0855000000,24
2026-05-29,ma,RM06B,Google Ads ACI,"1.3.5",54,xzcp,21,125,0.1638000000,34
2026-05-29,mx,RM06B,Google Ads ACI,"1.3.4",343,ALL,217,2521,23.0715500000,924
2026-05-29,mx,RM06B,Google Ads ACI,"1.3.4",343,albcp,30,40,0.3679500000,22
2026-05-29,mx,RM06B,Google Ads ACI,"1.3.4",343,bkcp,72,122,0.5254500000,39
2026-05-29,mx,RM06B,Google Ads ACI,"1.3.4",343,cl_open,147,183,5.0326500000,115
2026-05-29,mx,RM06B,Google Ads ACI,"1.3.4",343,cscp,24,29,0.1350500000,7
2026-05-29,mx,RM06B,Google Ads ACI,"1.3.4",343,ho_open,133,517,5.5971500000,220
2026-05-29,mx,RM06B,Google Ads ACI,"1.3.4",343,ngdcp,117,125,2.0411500000,48
2026-05-29,mx,RM06B,Google Ads ACI,"1.3.4",343,offlcp,37,42,0.2329000000,13
2026-05-29,mx,RM06B,Google Ads ACI,"1.3.4",343,searcp,106,170,1.7951500000,56
2026-05-29,mx,RM06B,Google Ads ACI,"1.3.4",343,skpcp,46,171,1.1232000000,79
2026-05-29,mx,RM06B,Google Ads ACI,"1.3.4",343,splcp,133,313,2.0393000000,94
2026-05-29,mx,RM06B,Google Ads ACI,"1.3.4",343,xzcp,102,783,3.9118000000,225
2026-05-29,mx,RM06B,TIKTOK,"1.3.4",55,ALL,43,360,4.3630000000,103
2026-05-29,mx,RM06B,TIKTOK,"1.3.4",55,bkcp,11,13,0.1903500000,1
2026-05-29,mx,RM06B,TIKTOK,"1.3.4",55,cl_open,31,39,1.3630500000,15
2026-05-29,mx,RM06B,TIKTOK,"1.3.4",55,ho_open,25,83,1.1009000000,20
2026-05-29,mx,RM06B,TIKTOK,"1.3.4",55,ngdcp,21,21,0.4322000000,8
2026-05-29,mx,RM06B,TIKTOK,"1.3.4",55,searcp,16,22,0.2606000000,9
2026-05-29,mx,RM06B,TIKTOK,"1.3.4",55,splcp,22,47,0.2895000000,19
2026-05-29,mx,RM06B,TIKTOK,"1.3.4",55,xzcp,16,110,0.5061500000,25
2026-05-29,mx,RM06B,facebook,"1.3.4",1447,ALL,1183,8354,209.4405000000,4407
2026-05-29,mx,RM06B,facebook,"1.3.4",1447,albcp,183,216,4.6947000000,132
2026-05-29,mx,RM06B,facebook,"1.3.4",1447,bkcp,283,338,4.3093000000,121
2026-05-29,mx,RM06B,facebook,"1.3.4",1447,cl_open,820,966,64.1487000000,797
2026-05-29,mx,RM06B,facebook,"1.3.4",1447,cscp,75,101,1.1941500000,48
2026-05-29,mx,RM06B,facebook,"1.3.4",1447,ho_open,775,2322,64.3355500000,1154
2026-05-29,mx,RM06B,facebook,"1.3.4",1447,lkcp,12,13,0.0788000000,9
2026-05-29,mx,RM06B,facebook,"1.3.4",1447,ngdcp,530,547,20.9363000000,420
2026-05-29,mx,RM06B,facebook,"1.3.4",1447,offlcp,83,92,0.7127000000,25
2026-05-29,mx,RM06B,facebook,"1.3.4",1447,rkgcp,12,13,0.2729500000,3
2026-05-29,mx,RM06B,facebook,"1.3.4",1447,searcp,296,418,6.9958500000,203
2026-05-29,mx,RM06B,facebook,"1.3.4",1447,secp,27,27,0.5352000000,16
2026-05-29,mx,RM06B,facebook,"1.3.4",1447,skpcp,144,473,4.7353000000,220
2026-05-29,mx,RM06B,facebook,"1.3.4",1447,splcp,582,1052,21.6680500000,427
2026-05-29,mx,RM06B,facebook,"1.3.4",1447,stccp,19,19,0.3215000000,9
2026-05-29,mx,RM06B,facebook,"1.3.4",1447,xzcp,312,1750,14.4683000000,822
2026-05-29,mx,RM06B,unknown,"1.3.4",295,ALL,238,520,16.3347000000,125
2026-05-29,mx,RM06B,unknown,"1.3.4",295,cl_open,212,217,13.4888500000,26
2026-05-29,mx,RM06B,unknown,"1.3.4",295,ho_open,33,77,1.2823500000,40
2026-05-29,mx,RM06B,unknown,"1.3.4",295,ngdcp,19,19,0.5065000000,3
2026-05-29,mx,RM06B,unknown,"1.3.4",295,splcp,10,20,0.4796000000,7
2026-05-29,mx,RM06B,Google Ads ACI,"1.3.5",388,ALL,246,2621,25.8586500000,867
2026-05-29,mx,RM06B,Google Ads ACI,"1.3.5",388,albcp,30,47,0.4109500000,9
2026-05-29,mx,RM06B,Google Ads ACI,"1.3.5",388,bkcp,91,117,0.5116000000,36
2026-05-29,mx,RM06B,Google Ads ACI,"1.3.5",388,cl_open,154,193,6.2429500000,89
2026-05-29,mx,RM06B,Google Ads ACI,"1.3.5",388,cscp,22,30,0.2063500000,8
2026-05-29,mx,RM06B,Google Ads ACI,"1.3.5",388,ho_open,154,491,6.2643500000,211
2026-05-29,mx,RM06B,Google Ads ACI,"1.3.5",388,lkcp,10,12,0.0295000000,2
2026-05-29,mx,RM06B,Google Ads ACI,"1.3.5",388,ngdcp,135,150,2.9159500000,45
2026-05-29,mx,RM06B,Google Ads ACI,"1.3.5",388,offlcp,30,34,0.1129000000,18
2026-05-29,mx,RM06B,Google Ads ACI,"1.3.5",388,searcp,119,183,1.9657500000,65
2026-05-29,mx,RM06B,Google Ads ACI,"1.3.5",388,skpcp,37,132,0.5469500000,35
2026-05-29,mx,RM06B,Google Ads ACI,"1.3.5",388,splcp,142,296,2.7622000000,87
2026-05-29,mx,RM06B,Google Ads ACI,"1.3.5",388,xzcp,110,923,3.7494500000,257
2026-05-29,mx,RM06B,facebook,"1.3.5",1955,ALL,1635,10787,285.3284500000,4729
2026-05-29,mx,RM06B,facebook,"1.3.5",1955,albcp,218,239,5.6088500000,126
2026-05-29,mx,RM06B,facebook,"1.3.5",1955,bkcp,363,415,6.5061000000,124
2026-05-29,mx,RM06B,facebook,"1.3.5",1955,cl_open,1137,1346,90.2681500000,996
2026-05-29,mx,RM06B,facebook,"1.3.5",1955,cscp,93,126,1.1643500000,56
2026-05-29,mx,RM06B,facebook,"1.3.5",1955,ho_open,1058,2953,87.2646000000,1247
2026-05-29,mx,RM06B,facebook,"1.3.5",1955,jclcp,12,13,0.0895500000,4
2026-05-29,mx,RM06B,facebook,"1.3.5",1955,lkcp,22,22,0.2820500000,9
2026-05-29,mx,RM06B,facebook,"1.3.5",1955,ngdcp,726,741,27.6444000000,460
2026-05-29,mx,RM06B,facebook,"1.3.5",1955,offlcp,99,113,0.9822000000,34
2026-05-29,mx,RM06B,facebook,"1.3.5",1955,rkgcp,22,22,0.6365500000,6
2026-05-29,mx,RM06B,facebook,"1.3.5",1955,searcp,435,570,10.3947500000,247
2026-05-29,mx,RM06B,facebook,"1.3.5",1955,secp,39,39,1.1944000000,12
2026-05-29,mx,RM06B,facebook,"1.3.5",1955,skpcp,214,647,6.0509000000,213
2026-05-29,mx,RM06B,facebook,"1.3.5",1955,splcp,805,1389,28.5221500000,510
2026-05-29,mx,RM06B,facebook,"1.3.5",1955,stccp,31,31,0.8851000000,11
2026-05-29,mx,RM06B,facebook,"1.3.5",1955,xzcp,405,2121,17.8343500000,674
2026-05-29,mx,RM06B,unknown,"1.3.5",270,ALL,234,440,15.9363500000,89
2026-05-29,mx,RM06B,unknown,"1.3.5",270,cl_open,215,237,13.9186500000,23
2026-05-29,mx,RM06B,unknown,"1.3.5",270,ho_open,20,59,0.5572000000,20
2026-05-29,mx,RM06B,unknown,"1.3.5",270,ngdcp,13,15,0.3835000000,3
2026-05-29,mx,RM06B,unknown,"1.3.5",270,splcp,16,32,0.2737000000,7
2026-05-29,mx,RM06B,unknown,"1.3.5",270,xzcp,13,43,0.1526000000,17
2026-05-29,mx,RM06B,Google Ads ACI,"1.3.6",84,ALL,46,383,4.6205500000,129
2026-05-29,mx,RM06B,Google Ads ACI,"1.3.6",84,bkcp,16,18,0.3205000000,3
2026-05-29,mx,RM06B,Google Ads ACI,"1.3.6",84,cl_open,26,30,1.2029000000,16
2026-05-29,mx,RM06B,Google Ads ACI,"1.3.6",84,ho_open,26,67,1.0561500000,34
2026-05-29,mx,RM06B,Google Ads ACI,"1.3.6",84,ngdcp,27,28,0.4678000000,6
2026-05-29,mx,RM06B,Google Ads ACI,"1.3.6",84,searcp,18,19,0.2318500000,5
2026-05-29,mx,RM06B,Google Ads ACI,"1.3.6",84,splcp,26,33,0.3179000000,7
2026-05-29,mx,RM06B,Google Ads ACI,"1.3.6",84,xzcp,26,135,0.7079500000,42
2026-05-29,mx,RM06B,facebook,"1.3.6",467,ALL,385,2069,62.4820000000,938
2026-05-29,mx,RM06B,facebook,"1.3.6",467,albcp,55,57,1.5394500000,26
2026-05-29,mx,RM06B,facebook,"1.3.6",467,bkcp,52,58,0.9812500000,17
2026-05-29,mx,RM06B,facebook,"1.3.6",467,cl_open,258,304,20.2798000000,261
2026-05-29,mx,RM06B,facebook,"1.3.6",467,cscp,10,12,0.1141500000,3
2026-05-29,mx,RM06B,facebook,"1.3.6",467,ho_open,235,546,16.9984000000,216
2026-05-29,mx,RM06B,facebook,"1.3.6",467,ngdcp,182,184,7.2089000000,129
2026-05-29,mx,RM06B,facebook,"1.3.6",467,offlcp,11,11,0.3701000000,2
2026-05-29,mx,RM06B,facebook,"1.3.6",467,searcp,89,100,2.2142000000,51
2026-05-29,mx,RM06B,facebook,"1.3.6",467,skpcp,53,144,2.0625500000,41
2026-05-29,mx,RM06B,facebook,"1.3.6",467,splcp,177,228,6.4586500000,77
2026-05-29,mx,RM06B,facebook,"1.3.6",467,xzcp,90,409,3.6801500000,111
2026-05-29,mx,RM06B,unknown,"1.3.6",61,ALL,56,63,4.1003500000,11
2026-05-29,mx,RM06B,unknown,"1.3.6",61,cl_open,54,55,3.8510500000,2
2026-05-29,mx,RM08,Google Ads ACI,"1.2.4",83,ALL,66,1278,5.7658586653,278
2026-05-29,mx,RM08,Google Ads ACI,"1.2.4",83,ccopen,43,63,1.1363016016,24
2026-05-29,mx,RM08,Google Ads ACI,"1.2.4",83,hhopen,38,127,0.7774132732,28
2026-05-29,mx,RM08,Google Ads ACI,"1.2.4",83,insabb,10,22,0.1141160149,4
2026-05-29,mx,RM08,Google Ads ACI,"1.2.4",83,insback,34,52,0.1823067338,14
2026-05-29,mx,RM08,Google Ads ACI,"1.2.4",83,inscon,34,132,0.5911575134,26
2026-05-29,mx,RM08,Google Ads ACI,"1.2.4",83,insdown,41,594,1.4703971337,91
2026-05-29,mx,RM08,Google Ads ACI,"1.2.4",83,inshg,13,17,0.0758385592,1
2026-05-29,mx,RM08,Google Ads ACI,"1.2.4",83,insnewgd,38,41,0.3881108313,17
2026-05-29,mx,RM08,Google Ads ACI,"1.2.4",83,insplayn,16,145,0.5488250843,47
2026-05-29,mx,RM08,Google Ads ACI,"1.2.4",83,inssec,30,56,0.3539188931,17
2026-05-29,mx,RM08,Google Ads ACI,"1.2.4",83,inssp,15,19,0.0759004953,5
2026-05-29,mx,RM08,facebook,"1.2.4",801,ALL,668,3614,130.3592818929,1779
2026-05-29,mx,RM08,facebook,"1.2.4",801,ccopen,471,574,39.8062124505,466
2026-05-29,mx,RM08,facebook,"1.2.4",801,hhopen,385,835,38.0073958214,358
2026-05-29,mx,RM08,facebook,"1.2.4",801,insabb,120,152,6.1154235107,85
2026-05-29,mx,RM08,facebook,"1.2.4",801,insatt,17,17,0.5536720427,6
2026-05-29,mx,RM08,facebook,"1.2.4",801,insback,121,153,3.2363562848,69
2026-05-29,mx,RM08,facebook,"1.2.4",801,inscon,100,277,3.5738374884,105
2026-05-29,mx,RM08,facebook,"1.2.4",801,insdown,168,849,11.5247139083,335
2026-05-29,mx,RM08,facebook,"1.2.4",801,inshg,13,15,0.1245937255,4
2026-05-29,mx,RM08,facebook,"1.2.4",801,insnewgd,268,270,15.1466833613,169
2026-05-29,mx,RM08,facebook,"1.2.4",801,inspa,19,19,0.8984226568,5
2026-05-29,mx,RM08,facebook,"1.2.4",801,insplayn,121,275,7.6720230367,99
2026-05-29,mx,RM08,facebook,"1.2.4",801,inssec,105,132,2.9370307703,65
2026-05-29,mx,RM08,facebook,"1.2.4",801,inssp,31,32,0.4903763705,10
2026-05-29,mx,RM08,unknown,"1.2.4",175,ALL,148,359,9.0771468337,66
2026-05-29,mx,RM08,unknown,"1.2.4",175,ccopen,135,142,7.4064091320,20
2026-05-29,mx,RM08,unknown,"1.2.4",175,hhopen,32,83,0.9268438278,13
2026-05-29,mx,RM08,unknown,"1.2.4",175,insnewgd,11,11,0.1140189605,4
2026-05-29,ng,RM06B,facebook,"1.3.4",100,ALL,70,328,3.8091000000,155
2026-05-29,ng,RM06B,facebook,"1.3.4",100,albcp,13,13,0.2242500000,2
2026-05-29,ng,RM06B,facebook,"1.3.4",100,bkcp,11,12,0.1113500000,3
2026-05-29,ng,RM06B,facebook,"1.3.4",100,cl_open,23,31,0.7038500000,26
2026-05-29,ng,RM06B,facebook,"1.3.4",100,ho_open,48,117,1.3417500000,54
2026-05-29,ng,RM06B,facebook,"1.3.4",100,ngdcp,22,22,0.5379000000,19
2026-05-29,ng,RM06B,facebook,"1.3.4",100,searcp,10,13,0.0505000000,13
2026-05-29,ng,RM06B,facebook,"1.3.4",100,splcp,27,33,0.3019500000,9
2026-05-29,ng,RM06B,facebook,"1.3.4",100,xzcp,17,64,0.3992000000,24
2026-05-29,ng,RM06B,facebook,"1.3.5",138,ALL,107,728,5.8117500000,358
2026-05-29,ng,RM06B,facebook,"1.3.5",138,albcp,25,29,0.3718500000,9
2026-05-29,ng,RM06B,facebook,"1.3.5",138,bkcp,27,29,0.2767500000,12
2026-05-29,ng,RM06B,facebook,"1.3.5",138,cl_open,43,51,1.0492500000,45
2026-05-29,ng,RM06B,facebook,"1.3.5",138,ho_open,73,183,1.6222500000,76
2026-05-29,ng,RM06B,facebook,"1.3.5",138,ngdcp,31,33,0.4739000000,29
2026-05-29,ng,RM06B,facebook,"1.3.5",138,searcp,22,31,0.1658500000,26
2026-05-29,ng,RM06B,facebook,"1.3.5",138,skpcp,17,44,0.3128500000,19
2026-05-29,ng,RM06B,facebook,"1.3.5",138,splcp,56,114,0.7881000000,69
2026-05-29,ng,RM06B,facebook,"1.3.5",138,xzcp,38,193,0.5969000000,67
2026-05-29,ni,RM06B,facebook,"1.3.4",74,ALL,61,333,3.5654000000,179
2026-05-29,ni,RM06B,facebook,"1.3.4",74,bkcp,13,13,0.0626500000,7
2026-05-29,ni,RM06B,facebook,"1.3.4",74,cl_open,45,51,1.2812500000,53
2026-05-29,ni,RM06B,facebook,"1.3.4",74,ho_open,38,81,0.8556000000,39
2026-05-29,ni,RM06B,facebook,"1.3.4",74,ngdcp,32,32,0.2842000000,19
2026-05-29,ni,RM06B,facebook,"1.3.4",74,searcp,18,19,0.1758500000,12
2026-05-29,ni,RM06B,facebook,"1.3.4",74,skpcp,12,30,0.1868500000,3
2026-05-29,ni,RM06B,facebook,"1.3.4",74,splcp,34,47,0.4018000000,23
2026-05-29,ni,RM06B,facebook,"1.3.4",74,xzcp,16,41,0.1666000000,14
2026-05-29,ni,RM06B,facebook,"1.3.5",77,ALL,62,349,2.6967000000,158
2026-05-29,ni,RM06B,facebook,"1.3.5",77,albcp,11,11,0.1242500000,4
2026-05-29,ni,RM06B,facebook,"1.3.5",77,bkcp,11,11,0.0270500000,4
2026-05-29,ni,RM06B,facebook,"1.3.5",77,cl_open,46,49,1.0611500000,42
2026-05-29,ni,RM06B,facebook,"1.3.5",77,ho_open,36,96,0.5725500000,43
2026-05-29,ni,RM06B,facebook,"1.3.5",77,ngdcp,32,33,0.3083500000,24
2026-05-29,ni,RM06B,facebook,"1.3.5",77,searcp,18,21,0.1654500000,11
2026-05-29,ni,RM06B,facebook,"1.3.5",77,splcp,29,43,0.1617000000,14
2026-05-29,ni,RM06B,facebook,"1.3.5",77,xzcp,17,39,0.1220500000,9
2026-05-29,pe,RM06B,Google Ads ACI,"1.3.4",83,ALL,52,416,5.3124500000,153
2026-05-29,pe,RM06B,Google Ads ACI,"1.3.4",83,bkcp,14,22,0.0720000000,7
2026-05-29,pe,RM06B,Google Ads ACI,"1.3.4",83,cl_open,40,43,2.4012500000,32
2026-05-29,pe,RM06B,Google Ads ACI,"1.3.4",83,ho_open,33,149,1.3266500000,50
2026-05-29,pe,RM06B,Google Ads ACI,"1.3.4",83,ngdcp,24,31,0.5737500000,19
2026-05-29,pe,RM06B,Google Ads ACI,"1.3.4",83,searcp,19,31,0.2985500000,9
2026-05-29,pe,RM06B,Google Ads ACI,"1.3.4",83,skpcp,11,19,0.0657500000,6
2026-05-29,pe,RM06B,Google Ads ACI,"1.3.4",83,splcp,24,50,0.3174000000,10
2026-05-29,pe,RM06B,Google Ads ACI,"1.3.4",83,xzcp,16,50,0.1986500000,11
2026-05-29,pe,RM06B,TIKTOK,"1.3.4",161,ALL,147,821,29.6929500000,430
2026-05-29,pe,RM06B,TIKTOK,"1.3.4",161,albcp,21,25,0.5026000000,6
2026-05-29,pe,RM06B,TIKTOK,"1.3.4",161,bkcp,32,36,0.6234500000,7
2026-05-29,pe,RM06B,TIKTOK,"1.3.4",161,cl_open,109,121,15.0093500000,135
2026-05-29,pe,RM06B,TIKTOK,"1.3.4",161,cscp,10,13,0.0863500000,21
2026-05-29,pe,RM06B,TIKTOK,"1.3.4",161,ho_open,76,223,5.6160000000,109
2026-05-29,pe,RM06B,TIKTOK,"1.3.4",161,ngdcp,70,70,2.3980000000,40
2026-05-29,pe,RM06B,TIKTOK,"1.3.4",161,searcp,48,61,1.5180500000,21
2026-05-29,pe,RM06B,TIKTOK,"1.3.4",161,skpcp,22,55,0.4192000000,18
2026-05-29,pe,RM06B,TIKTOK,"1.3.4",161,splcp,74,125,2.5012000000,41
2026-05-29,pe,RM06B,TIKTOK,"1.3.4",161,xzcp,27,80,0.9122000000,28
2026-05-29,pe,RM06B,facebook,"1.3.4",436,ALL,361,2165,72.8362500000,1019
2026-05-29,pe,RM06B,facebook,"1.3.4",436,albcp,34,35,0.8679500000,10
2026-05-29,pe,RM06B,facebook,"1.3.4",436,bkcp,71,74,1.1285500000,28
2026-05-29,pe,RM06B,facebook,"1.3.4",436,cl_open,271,324,31.6521000000,256
2026-05-29,pe,RM06B,facebook,"1.3.4",436,cscp,21,25,0.3751500000,4
2026-05-29,pe,RM06B,facebook,"1.3.4",436,ho_open,219,615,16.0738000000,271
2026-05-29,pe,RM06B,facebook,"1.3.4",436,ngdcp,176,181,7.3954000000,140
2026-05-29,pe,RM06B,facebook,"1.3.4",436,offlcp,11,11,0.0507000000,1
2026-05-29,pe,RM06B,facebook,"1.3.4",436,searcp,95,128,1.9260000000,47
2026-05-29,pe,RM06B,facebook,"1.3.4",436,secp,11,11,0.5052500000,14
2026-05-29,pe,RM06B,facebook,"1.3.4",436,skpcp,46,149,1.2786000000,54
2026-05-29,pe,RM06B,facebook,"1.3.4",436,splcp,180,283,8.7177000000,92
2026-05-29,pe,RM06B,facebook,"1.3.4",436,xzcp,76,317,2.3774500000,101
2026-05-29,pe,RM06B,unknown,"1.3.4",72,ALL,61,113,6.5872500000,29
2026-05-29,pe,RM06B,unknown,"1.3.4",72,cl_open,59,59,5.5851500000,11
2026-05-29,pe,RM06B,Google Ads ACI,"1.3.5",103,ALL,65,594,8.8422500000,178
2026-05-29,pe,RM06B,Google Ads ACI,"1.3.5",103,bkcp,19,21,0.0419500000,5
2026-05-29,pe,RM06B,Google Ads ACI,"1.3.5",103,cl_open,45,53,3.4790500000,30
2026-05-29,pe,RM06B,Google Ads ACI,"1.3.5",103,ho_open,40,150,1.5982500000,57
2026-05-29,pe,RM06B,Google Ads ACI,"1.3.5",103,ngdcp,36,38,1.2269000000,14
2026-05-29,pe,RM06B,Google Ads ACI,"1.3.5",103,offlcp,11,11,0.0241500000,1
2026-05-29,pe,RM06B,Google Ads ACI,"1.3.5",103,searcp,33,43,0.5342000000,12
2026-05-29,pe,RM06B,Google Ads ACI,"1.3.5",103,splcp,41,100,1.2159000000,10
2026-05-29,pe,RM06B,Google Ads ACI,"1.3.5",103,xzcp,27,157,0.5633000000,42
2026-05-29,pe,RM06B,TIKTOK,"1.3.5",230,ALL,211,1295,47.7750500000,569
2026-05-29,pe,RM06B,TIKTOK,"1.3.5",230,albcp,22,22,0.6431000000,11
2026-05-29,pe,RM06B,TIKTOK,"1.3.5",230,bkcp,41,44,0.8816000000,13
2026-05-29,pe,RM06B,TIKTOK,"1.3.5",230,cl_open,162,190,22.8721000000,155
2026-05-29,pe,RM06B,TIKTOK,"1.3.5",230,cscp,12,14,0.0523000000,7
2026-05-29,pe,RM06B,TIKTOK,"1.3.5",230,ho_open,117,394,8.9022000000,162
2026-05-29,pe,RM06B,TIKTOK,"1.3.5",230,ngdcp,111,115,3.9834500000,61
2026-05-29,pe,RM06B,TIKTOK,"1.3.5",230,offlcp,10,10,0.0615000000,1
2026-05-29,pe,RM06B,TIKTOK,"1.3.5",230,searcp,84,104,3.7393000000,36
2026-05-29,pe,RM06B,TIKTOK,"1.3.5",230,skpcp,30,85,0.6735000000,24
2026-05-29,pe,RM06B,TIKTOK,"1.3.5",230,splcp,131,189,4.5640500000,60
2026-05-29,pe,RM06B,TIKTOK,"1.3.5",230,xzcp,44,108,1.1963500000,26
2026-05-29,pe,RM06B,facebook,"1.3.5",632,ALL,565,3055,121.2808000000,1429
2026-05-29,pe,RM06B,facebook,"1.3.5",632,albcp,53,60,0.8331000000,24
2026-05-29,pe,RM06B,facebook,"1.3.5",632,bkcp,104,115,1.7534000000,23
2026-05-29,pe,RM06B,facebook,"1.3.5",632,cl_open,426,516,51.5276000000,438
2026-05-29,pe,RM06B,facebook,"1.3.5",632,cscp,15,15,0.1139000000,5
2026-05-29,pe,RM06B,facebook,"1.3.5",632,ho_open,351,856,27.0781000000,377
2026-05-29,pe,RM06B,facebook,"1.3.5",632,ngdcp,271,275,13.1217500000,167
2026-05-29,pe,RM06B,facebook,"1.3.5",632,offlcp,25,27,0.4731500000,6
2026-05-29,pe,RM06B,facebook,"1.3.5",632,rkgcp,10,10,0.0936000000,6
2026-05-29,pe,RM06B,facebook,"1.3.5",632,searcp,155,180,5.3873000000,76
2026-05-29,pe,RM06B,facebook,"1.3.5",632,skpcp,57,159,2.7122500000,42
2026-05-29,pe,RM06B,facebook,"1.3.5",632,splcp,282,390,12.6266000000,129
2026-05-29,pe,RM06B,facebook,"1.3.5",632,xzcp,122,433,4.7728500000,127
2026-05-29,pe,RM06B,unknown,"1.3.5",55,ALL,49,55,4.5674500000,3
2026-05-29,pe,RM06B,unknown,"1.3.5",55,cl_open,44,45,4.0478500000,0
2026-05-29,pe,RM06B,facebook,"1.3.6",124,ALL,107,481,21.7291000000,214
2026-05-29,pe,RM06B,facebook,"1.3.6",124,bkcp,17,17,0.1984500000,4
2026-05-29,pe,RM06B,facebook,"1.3.6",124,cl_open,76,91,9.9075500000,76
2026-05-29,pe,RM06B,facebook,"1.3.6",124,ho_open,57,120,4.6461000000,45
2026-05-29,pe,RM06B,facebook,"1.3.6",124,ngdcp,44,46,1.8740000000,30
2026-05-29,pe,RM06B,facebook,"1.3.6",124,searcp,26,30,0.6990000000,12
2026-05-29,pe,RM06B,facebook,"1.3.6",124,splcp,48,62,1.9020500000,20
2026-05-29,pe,RM06B,facebook,"1.3.6",124,xzcp,24,63,1.1625500000,7
2026-05-29,pe,RM08,facebook,"1.2.4",286,ALL,244,1032,44.5158587369,638
2026-05-29,pe,RM08,facebook,"1.2.4",286,ccopen,177,211,16.6706404833,211
2026-05-29,pe,RM08,facebook,"1.2.4",286,hhopen,140,322,12.1406042261,176
2026-05-29,pe,RM08,facebook,"1.2.4",286,insabb,20,20,0.3539200483,8
2026-05-29,pe,RM08,facebook,"1.2.4",286,insback,34,34,0.3849196817,12
2026-05-29,pe,RM08,facebook,"1.2.4",286,inscon,46,61,1.2515981268,25
2026-05-29,pe,RM08,facebook,"1.2.4",286,insdown,57,99,2.8239935596,40
2026-05-29,pe,RM08,facebook,"1.2.4",286,insnewgd,110,110,5.9853561466,86
2026-05-29,pe,RM08,facebook,"1.2.4",286,insplayn,49,90,2.6578210250,46
2026-05-29,pe,RM08,facebook,"1.2.4",286,inssec,51,53,1.3376471981,26
2026-05-29,pe,RM08,facebook,"1.2.4",286,inssp,13,15,0.5464598845,4
2026-05-29,ph,RM06B,Google Ads ACI,"1.3.4",83,ALL,72,713,4.0163000000,261
2026-05-29,ph,RM06B,Google Ads ACI,"1.3.4",83,bkcp,29,43,0.2040500000,14
2026-05-29,ph,RM06B,Google Ads ACI,"1.3.4",83,cl_open,48,55,1.2280500000,40
2026-05-29,ph,RM06B,Google Ads ACI,"1.3.4",83,ho_open,41,105,0.9312500000,40
2026-05-29,ph,RM06B,Google Ads ACI,"1.3.4",83,ngdcp,26,27,0.3490500000,19
2026-05-29,ph,RM06B,Google Ads ACI,"1.3.4",83,searcp,30,54,0.2625500000,12
2026-05-29,ph,RM06B,Google Ads ACI,"1.3.4",83,splcp,32,118,0.4694500000,42
2026-05-29,ph,RM06B,Google Ads ACI,"1.3.4",83,xzcp,31,274,0.4886500000,84
2026-05-29,ph,RM06B,Google Ads ACI,"1.3.5",118,ALL,97,852,4.9564000000,330
2026-05-29,ph,RM06B,Google Ads ACI,"1.3.5",118,albcp,12,13,0.0946500000,2
2026-05-29,ph,RM06B,Google Ads ACI,"1.3.5",118,bkcp,27,38,0.0732000000,11
2026-05-29,ph,RM06B,Google Ads ACI,"1.3.5",118,cl_open,65,80,1.5151000000,64
2026-05-29,ph,RM06B,Google Ads ACI,"1.3.5",118,cscp,14,16,0.0160500000,6
2026-05-29,ph,RM06B,Google Ads ACI,"1.3.5",118,ho_open,56,181,1.5681500000,68
2026-05-29,ph,RM06B,Google Ads ACI,"1.3.5",118,ngdcp,39,39,0.4033500000,26
2026-05-29,ph,RM06B,Google Ads ACI,"1.3.5",118,offlcp,12,17,0.0394500000,7
2026-05-29,ph,RM06B,Google Ads ACI,"1.3.5",118,searcp,36,64,0.1999500000,26
2026-05-29,ph,RM06B,Google Ads ACI,"1.3.5",118,splcp,48,108,0.3634000000,28
2026-05-29,ph,RM06B,Google Ads ACI,"1.3.5",118,xzcp,39,281,0.6431500000,91
2026-05-29,ph,RM08,Google Ads ACI,"1.2.4",68,ALL,58,747,2.9783951517,247
2026-05-29,ph,RM08,Google Ads ACI,"1.2.4",68,ccopen,37,52,0.4715396911,20
2026-05-29,ph,RM08,Google Ads ACI,"1.2.4",68,hhopen,42,141,0.7250595142,56
2026-05-29,ph,RM08,Google Ads ACI,"1.2.4",68,insback,24,33,0.1428197905,8
2026-05-29,ph,RM08,Google Ads ACI,"1.2.4",68,inscon,34,85,0.1843011526,26
2026-05-29,ph,RM08,Google Ads ACI,"1.2.4",68,insdown,40,276,0.7914121114,79
2026-05-29,ph,RM08,Google Ads ACI,"1.2.4",68,inshg,12,13,0.0436543425,4
2026-05-29,ph,RM08,Google Ads ACI,"1.2.4",68,insnewgd,23,32,0.1805273353,12
2026-05-29,ph,RM08,Google Ads ACI,"1.2.4",68,inssec,38,65,0.2497359081,24
2026-05-29,ph,RM08,Google Ads ACI,"1.2.4",68,inssp,18,30,0.1050893449,10
2026-05-29,ph,RM08,facebook,"1.2.4",619,ALL,515,3179,44.0100607255,1533
2026-05-29,ph,RM08,facebook,"1.2.4",619,ccopen,340,405,12.7819475325,346
2026-05-29,ph,RM08,facebook,"1.2.4",619,hhopen,292,615,10.6721342335,313
2026-05-29,ph,RM08,facebook,"1.2.4",619,insabb,76,87,1.5467616475,46
2026-05-29,ph,RM08,facebook,"1.2.4",619,insatt,13,13,0.1800484086,8
2026-05-29,ph,RM08,facebook,"1.2.4",619,insback,115,132,1.1156618844,42
2026-05-29,ph,RM08,facebook,"1.2.4",619,inscon,131,281,1.7962820867,100
2026-05-29,ph,RM08,facebook,"1.2.4",619,insdown,177,1025,7.1165886653,353
2026-05-29,ph,RM08,facebook,"1.2.4",619,inshg,34,38,0.3038630699,15
2026-05-29,ph,RM08,facebook,"1.2.4",619,insnewgd,196,204,4.6679915789,127
2026-05-29,ph,RM08,facebook,"1.2.4",619,insplayn,75,144,1.5018249341,67
2026-05-29,ph,RM08,facebook,"1.2.4",619,inssec,118,168,1.5785423057,76
2026-05-29,ph,RM08,facebook,"1.2.4",619,inssp,37,51,0.4892942813,17
2026-05-29,ph,RM08,unknown,"1.2.4",113,ALL,89,166,2.2904749458,41
2026-05-29,ph,RM08,unknown,"1.2.4",113,ccopen,72,75,1.5168914928,21
2026-05-29,ph,RM08,unknown,"1.2.4",113,hhopen,39,66,0.6856469254,15
2026-05-29,py,RM06B,facebook,"1.3.5",67,ALL,57,381,6.2392500000,179
2026-05-29,py,RM06B,facebook,"1.3.5",67,bkcp,15,16,0.1481000000,3
2026-05-29,py,RM06B,facebook,"1.3.5",67,cl_open,46,62,2.3255000000,47
2026-05-29,py,RM06B,facebook,"1.3.5",67,ho_open,40,127,1.8173500000,69
2026-05-29,py,RM06B,facebook,"1.3.5",67,ngdcp,27,29,0.5967000000,16
2026-05-29,py,RM06B,facebook,"1.3.5",67,searcp,16,25,0.2804000000,6
2026-05-29,py,RM06B,facebook,"1.3.5",67,skpcp,11,24,0.1823000000,5
2026-05-29,py,RM06B,facebook,"1.3.5",67,splcp,32,42,0.5041000000,16
2026-05-29,py,RM06B,facebook,"1.3.5",67,xzcp,12,38,0.1869000000,10
2026-05-29,sv,RM06B,facebook,"1.3.4",84,ALL,71,350,5.3850500000,219
2026-05-29,sv,RM06B,facebook,"1.3.4",84,albcp,10,11,0.0818500000,2
2026-05-29,sv,RM06B,facebook,"1.3.4",84,bkcp,11,11,0.1284500000,6
2026-05-29,sv,RM06B,facebook,"1.3.4",84,cl_open,56,71,2.2131500000,67
2026-05-29,sv,RM06B,facebook,"1.3.4",84,ho_open,42,103,1.2055000000,53
2026-05-29,sv,RM06B,facebook,"1.3.4",84,ngdcp,39,39,0.6484500000,25
2026-05-29,sv,RM06B,facebook,"1.3.4",84,searcp,16,18,0.1687500000,15
2026-05-29,sv,RM06B,facebook,"1.3.4",84,splcp,38,49,0.6312000000,21
2026-05-29,sv,RM06B,facebook,"1.3.4",84,xzcp,15,20,0.0815000000,12
2026-05-29,sv,RM06B,facebook,"1.3.5",143,ALL,118,589,11.3579500000,307
2026-05-29,sv,RM06B,facebook,"1.3.5",143,albcp,22,24,0.4306000000,8
2026-05-29,sv,RM06B,facebook,"1.3.5",143,bkcp,16,18,0.1685000000,7
2026-05-29,sv,RM06B,facebook,"1.3.5",143,cl_open,92,111,4.2118500000,104
2026-05-29,sv,RM06B,facebook,"1.3.5",143,ho_open,70,199,2.9305000000,85
2026-05-29,sv,RM06B,facebook,"1.3.5",143,ngdcp,54,55,1.0234500000,30
2026-05-29,sv,RM06B,facebook,"1.3.5",143,searcp,25,28,0.4410000000,13
2026-05-29,sv,RM06B,facebook,"1.3.5",143,skpcp,13,23,0.1013500000,8
2026-05-29,sv,RM06B,facebook,"1.3.5",143,splcp,54,71,1.2611500000,33
2026-05-29,sv,RM06B,facebook,"1.3.5",143,xzcp,20,46,0.6005500000,13
2026-05-29,us,RM06B,facebook,"1.3.4",528,ALL,446,2018,331.9992500000,967
2026-05-29,us,RM06B,facebook,"1.3.4",528,albcp,75,82,12.6222000000,34
2026-05-29,us,RM06B,facebook,"1.3.4",528,bkcp,49,50,4.4691000000,11
2026-05-29,us,RM06B,facebook,"1.3.4",528,cl_open,340,380,103.0732000000,276
2026-05-29,us,RM06B,facebook,"1.3.4",528,cscp,15,16,1.1700500000,4
2026-05-29,us,RM06B,facebook,"1.3.4",528,ho_open,275,686,109.5250500000,281
2026-05-29,us,RM06B,facebook,"1.3.4",528,ngdcp,203,205,38.7078000000,111
2026-05-29,us,RM06B,facebook,"1.3.4",528,searcp,81,110,10.3891000000,62
2026-05-29,us,RM06B,facebook,"1.3.4",528,skpcp,21,53,5.1832000000,17
2026-05-29,us,RM06B,facebook,"1.3.4",528,splcp,165,245,30.9779000000,93
2026-05-29,us,RM06B,facebook,"1.3.4",528,stccp,11,11,2.1759500000,5
2026-05-29,us,RM06B,facebook,"1.3.4",528,xzcp,55,154,10.1526500000,62
2026-05-29,us,RM06B,unknown,"1.3.4",85,ALL,77,88,20.1296500000,6
2026-05-29,us,RM06B,unknown,"1.3.4",85,cl_open,75,77,19.8081500000,4
2026-05-29,us,RM06B,facebook,"1.3.5",705,ALL,612,2798,456.2494500000,1409
2026-05-29,us,RM06B,facebook,"1.3.5",705,albcp,110,136,21.4780500000,67
2026-05-29,us,RM06B,facebook,"1.3.5",705,bkcp,66,72,6.1300000000,38
2026-05-29,us,RM06B,facebook,"1.3.5",705,cl_open,466,550,145.9237000000,403
2026-05-29,us,RM06B,facebook,"1.3.5",705,cscp,21,27,1.3714500000,10
2026-05-29,us,RM06B,facebook,"1.3.5",705,ho_open,344,895,135.5761000000,389
2026-05-29,us,RM06B,facebook,"1.3.5",705,ngdcp,284,296,58.0186000000,145
2026-05-29,us,RM06B,facebook,"1.3.5",705,searcp,121,156,18.5661500000,87
2026-05-29,us,RM06B,facebook,"1.3.5",705,secp,23,23,4.4191500000,8
2026-05-29,us,RM06B,facebook,"1.3.5",705,skpcp,35,145,4.7377500000,58
2026-05-29,us,RM06B,facebook,"1.3.5",705,splcp,220,307,40.6802000000,112
2026-05-29,us,RM06B,facebook,"1.3.5",705,stccp,12,12,2.9992000000,6
2026-05-29,us,RM06B,facebook,"1.3.5",705,xzcp,77,159,14.7134000000,72
2026-05-29,us,RM06B,unknown,"1.3.5",103,ALL,90,118,28.0706500000,16
2026-05-29,us,RM06B,unknown,"1.3.5",103,cl_open,88,90,27.0241000000,13
2026-05-29,us,RM06B,facebook,"1.3.6",151,ALL,124,449,83.6201000000,231
2026-05-29,us,RM06B,facebook,"1.3.6",151,albcp,15,15,2.5387500000,5
2026-05-29,us,RM06B,facebook,"1.3.6",151,bkcp,10,11,0.9689000000,2
2026-05-29,us,RM06B,facebook,"1.3.6",151,cl_open,93,107,29.0992500000,90
2026-05-29,us,RM06B,facebook,"1.3.6",151,ho_open,70,128,23.9137000000,55
2026-05-29,us,RM06B,facebook,"1.3.6",151,ngdcp,49,51,10.2850000000,28
2026-05-29,us,RM06B,facebook,"1.3.6",151,searcp,21,26,3.4775000000,7
2026-05-29,us,RM06B,facebook,"1.3.6",151,splcp,40,68,6.7641500000,18
2026-05-29,us,RM06B,facebook,"1.3.6",151,xzcp,18,23,3.0984500000,10
2026-05-29,us,RM08,facebook,"1.2.4",581,ALL,516,2537,348.7440696095,1214
2026-05-29,us,RM08,facebook,"1.2.4",581,ccopen,401,464,107.0685380313,325
2026-05-29,us,RM08,facebook,"1.2.4",581,hhopen,259,528,84.8168104430,212
2026-05-29,us,RM08,facebook,"1.2.4",581,insabb,113,123,19.0162914892,59
2026-05-29,us,RM08,facebook,"1.2.4",581,insatt,16,16,2.3298701729,3
2026-05-29,us,RM08,facebook,"1.2.4",581,insback,71,77,6.1355159224,24
2026-05-29,us,RM08,facebook,"1.2.4",581,inscon,86,188,16.0073682151,67
2026-05-29,us,RM08,facebook,"1.2.4",581,insdown,119,621,33.4325123454,257
2026-05-29,us,RM08,facebook,"1.2.4",581,inshg,12,12,1.2872053497,2
2026-05-29,us,RM08,facebook,"1.2.4",581,insnewgd,265,269,49.6301470565,159
2026-05-29,us,RM08,facebook,"1.2.4",581,inspa,15,20,1.2646315125,7
2026-05-29,us,RM08,facebook,"1.2.4",581,insplayn,46,79,10.2192501056,36
2026-05-29,us,RM08,facebook,"1.2.4",581,inssec,87,97,13.0170142123,47
2026-05-29,us,RM08,facebook,"1.2.4",581,inssp,21,30,2.0402078948,11
2026-05-29,us,RM08,unknown,"1.2.4",112,ALL,100,129,23.8802408412,13
2026-05-29,us,RM08,unknown,"1.2.4",112,ccopen,90,94,19.9264905373,5
2026-05-29,us,RM08,unknown,"1.2.4",112,hhopen,15,25,2.4973058344,3
2026-05-29,ve,RM06B,facebook,"1.3.4",147,ALL,111,478,4.6794000000,282
2026-05-29,ve,RM06B,facebook,"1.3.4",147,albcp,13,13,0.0745500000,4
2026-05-29,ve,RM06B,facebook,"1.3.4",147,bkcp,19,19,0.0666500000,10
2026-05-29,ve,RM06B,facebook,"1.3.4",147,cl_open,73,91,1.5563500000,81
2026-05-29,ve,RM06B,facebook,"1.3.4",147,ho_open,53,119,1.3993000000,64
2026-05-29,ve,RM06B,facebook,"1.3.4",147,ngdcp,48,48,0.5397500000,54
2026-05-29,ve,RM06B,facebook,"1.3.4",147,searcp,19,23,0.0974000000,11
2026-05-29,ve,RM06B,facebook,"1.3.4",147,skpcp,11,25,0.0570000000,6
2026-05-29,ve,RM06B,facebook,"1.3.4",147,splcp,41,56,0.6475500000,22
2026-05-29,ve,RM06B,facebook,"1.3.4",147,xzcp,20,66,0.1376000000,25
2026-05-29,ve,RM06B,facebook,"1.3.5",225,ALL,178,923,6.4248000000,369
2026-05-29,ve,RM06B,facebook,"1.3.5",225,albcp,25,26,0.1645000000,12
2026-05-29,ve,RM06B,facebook,"1.3.5",225,bkcp,30,31,0.0916500000,7
2026-05-29,ve,RM06B,facebook,"1.3.5",225,cl_open,105,117,1.9223500000,90
2026-05-29,ve,RM06B,facebook,"1.3.5",225,cscp,13,20,0.0447500000,4
2026-05-29,ve,RM06B,facebook,"1.3.5",225,ho_open,97,215,2.0537500000,99
2026-05-29,ve,RM06B,facebook,"1.3.5",225,ngdcp,74,75,0.8351000000,52
2026-05-29,ve,RM06B,facebook,"1.3.5",225,searcp,41,58,0.2001500000,18
2026-05-29,ve,RM06B,facebook,"1.3.5",225,skpcp,19,42,0.0860000000,1
2026-05-29,ve,RM06B,facebook,"1.3.5",225,splcp,75,149,0.6951000000,42
2026-05-29,ve,RM06B,facebook,"1.3.5",225,xzcp,35,168,0.2108500000,40
2026-05-29,ve,RM06B,facebook,"1.3.6",54,ALL,37,137,1.1672500000,61
2026-05-29,ve,RM06B,facebook,"1.3.6",54,cl_open,25,27,0.3690500000,20
2026-05-29,ve,RM06B,facebook,"1.3.6",54,ho_open,23,45,0.3483500000,16
2026-05-29,ve,RM06B,facebook,"1.3.6",54,ngdcp,17,17,0.1414500000,10
2026-05-29,ve,RM06B,facebook,"1.3.6",54,splcp,12,15,0.1419000000,7
2026-05-29,za,RM08,Google Ads ACI,"1.2.4",65,ALL,52,530,2.9300982457,206
2026-05-29,za,RM08,Google Ads ACI,"1.2.4",65,ccopen,23,26,0.4203654070,14
2026-05-29,za,RM08,Google Ads ACI,"1.2.4",65,hhopen,36,116,0.5813850913,55
2026-05-29,za,RM08,Google Ads ACI,"1.2.4",65,insback,21,28,0.1637085457,7
2026-05-29,za,RM08,Google Ads ACI,"1.2.4",65,inscon,22,51,0.1744071246,16
2026-05-29,za,RM08,Google Ads ACI,"1.2.4",65,insdown,29,196,0.8042337475,74
2026-05-29,za,RM08,Google Ads ACI,"1.2.4",65,inshg,12,12,0.0527903224,2
2026-05-29,za,RM08,Google Ads ACI,"1.2.4",65,insnewgd,18,19,0.1142431603,7
2026-05-29,za,RM08,Google Ads ACI,"1.2.4",65,insplayn,15,26,0.1423161650,5
2026-05-29,za,RM08,Google Ads ACI,"1.2.4",65,inssec,30,35,0.3685721554,12
2026-05-28,ao,RM06B,facebook,"1.3.4",156,ALL,110,404,5.5599500000,284
2026-05-28,ao,RM06B,facebook,"1.3.4",156,bkcp,33,34,0.1754500000,15
2026-05-28,ao,RM06B,facebook,"1.3.4",156,cl_open,58,60,1.0068000000,56
2026-05-28,ao,RM06B,facebook,"1.3.4",156,ho_open,63,125,2.3789500000,81
2026-05-28,ao,RM06B,facebook,"1.3.4",156,ngdcp,41,41,0.6222000000,42
2026-05-28,ao,RM06B,facebook,"1.3.4",156,searcp,36,40,0.3681000000,29
2026-05-28,ao,RM06B,facebook,"1.3.4",156,splcp,34,37,0.5180000000,31
2026-05-28,ao,RM06B,facebook,"1.3.4",156,xzcp,19,22,0.2571000000,14
2026-05-28,ao,RM06B,facebook,"1.3.5",139,ALL,107,374,4.0404000000,257
2026-05-28,ao,RM06B,facebook,"1.3.5",139,albcp,16,16,0.3594000000,9
2026-05-28,ao,RM06B,facebook,"1.3.5",139,bkcp,27,28,0.1212000000,10
2026-05-28,ao,RM06B,facebook,"1.3.5",139,cl_open,51,60,1.1972000000,58
2026-05-28,ao,RM06B,facebook,"1.3.5",139,ho_open,53,98,0.6497500000,72
2026-05-28,ao,RM06B,facebook,"1.3.5",139,ngdcp,36,36,0.4443500000,28
2026-05-28,ao,RM06B,facebook,"1.3.5",139,searcp,22,24,0.1630000000,16
2026-05-28,ao,RM06B,facebook,"1.3.5",139,splcp,54,56,0.7778500000,38
2026-05-28,ao,RM06B,facebook,"1.3.5",139,xzcp,19,25,0.1264000000,11
2026-05-28,ar,RM06B,Google Ads ACI,"1.3.4",54,ALL,35,292,2.0765500000,106
2026-05-28,ar,RM06B,Google Ads ACI,"1.3.4",54,bkcp,11,14,0.0506000000,5
2026-05-28,ar,RM06B,Google Ads ACI,"1.3.4",54,cl_open,28,37,0.5611500000,12
2026-05-28,ar,RM06B,Google Ads ACI,"1.3.4",54,ho_open,19,59,0.5020000000,27
2026-05-28,ar,RM06B,Google Ads ACI,"1.3.4",54,ngdcp,21,21,0.2211500000,9
2026-05-28,ar,RM06B,Google Ads ACI,"1.3.4",54,searcp,19,29,0.1871500000,11
2026-05-28,ar,RM06B,Google Ads ACI,"1.3.4",54,splcp,17,25,0.2012500000,9
2026-05-28,ar,RM06B,Google Ads ACI,"1.3.4",54,xzcp,15,82,0.2701500000,17
2026-05-28,ar,RM06B,facebook,"1.3.4",314,ALL,260,1203,27.0443000000,681
2026-05-28,ar,RM06B,facebook,"1.3.4",314,albcp,31,33,0.6870000000,14
2026-05-28,ar,RM06B,facebook,"1.3.4",314,bkcp,41,44,0.4883000000,12
2026-05-28,ar,RM06B,facebook,"1.3.4",314,cl_open,194,230,10.8309000000,220
2026-05-28,ar,RM06B,facebook,"1.3.4",314,cscp,10,13,0.2878500000,7
2026-05-28,ar,RM06B,facebook,"1.3.4",314,ho_open,149,353,7.6428500000,181
2026-05-28,ar,RM06B,facebook,"1.3.4",314,ngdcp,86,87,2.3353500000,60
2026-05-28,ar,RM06B,facebook,"1.3.4",314,offlcp,12,12,0.0804000000,6
2026-05-28,ar,RM06B,facebook,"1.3.4",314,searcp,41,53,0.5173500000,30
2026-05-28,ar,RM06B,facebook,"1.3.4",314,skpcp,16,74,0.5128500000,22
2026-05-28,ar,RM06B,facebook,"1.3.4",314,splcp,107,146,2.9186500000,59
2026-05-28,ar,RM06B,facebook,"1.3.4",314,xzcp,39,144,0.5425000000,62
2026-05-28,ar,RM06B,Google Ads ACI,"1.3.5",56,ALL,40,656,2.5683500000,200
2026-05-28,ar,RM06B,Google Ads ACI,"1.3.5",56,bkcp,16,35,0.0898500000,8
2026-05-28,ar,RM06B,Google Ads ACI,"1.3.5",56,cl_open,26,52,0.5173000000,34
2026-05-28,ar,RM06B,Google Ads ACI,"1.3.5",56,ho_open,25,135,0.7668000000,41
2026-05-28,ar,RM06B,Google Ads ACI,"1.3.5",56,ngdcp,20,22,0.2028500000,7
2026-05-28,ar,RM06B,Google Ads ACI,"1.3.5",56,searcp,20,46,0.2332000000,18
2026-05-28,ar,RM06B,Google Ads ACI,"1.3.5",56,splcp,30,92,0.1896500000,33
2026-05-28,ar,RM06B,Google Ads ACI,"1.3.5",56,xzcp,22,228,0.4620500000,46
2026-05-28,ar,RM06B,facebook,"1.3.5",277,ALL,237,1108,22.2263500000,553
2026-05-28,ar,RM06B,facebook,"1.3.5",277,albcp,23,30,0.3694000000,19
2026-05-28,ar,RM06B,facebook,"1.3.5",277,bkcp,31,42,0.3211000000,11
2026-05-28,ar,RM06B,facebook,"1.3.5",277,cl_open,166,196,7.7943000000,152
2026-05-28,ar,RM06B,facebook,"1.3.5",277,ho_open,136,291,6.2550500000,120
2026-05-28,ar,RM06B,facebook,"1.3.5",277,ngdcp,104,104,2.4117500000,91
2026-05-28,ar,RM06B,facebook,"1.3.5",277,offlcp,10,10,0.0643000000,3
2026-05-28,ar,RM06B,facebook,"1.3.5",277,searcp,54,57,0.8990000000,45
2026-05-28,ar,RM06B,facebook,"1.3.5",277,skpcp,14,37,0.2661500000,9
2026-05-28,ar,RM06B,facebook,"1.3.5",277,splcp,95,128,2.6275500000,36
2026-05-28,ar,RM06B,facebook,"1.3.5",277,xzcp,38,187,0.9856500000,58
2026-05-28,ar,RM08,facebook,"1.2.4",137,ALL,117,380,11.6375994436,234
2026-05-28,ar,RM08,facebook,"1.2.4",137,ccopen,93,110,4.3718112796,96
2026-05-28,ar,RM08,facebook,"1.2.4",137,hhopen,60,142,4.0101421098,68
2026-05-28,ar,RM08,facebook,"1.2.4",137,insabb,16,17,0.4680686935,12
2026-05-28,ar,RM08,facebook,"1.2.4",137,insback,12,13,0.2446974651,4
2026-05-28,ar,RM08,facebook,"1.2.4",137,insdown,13,25,0.3820034742,9
2026-05-28,ar,RM08,facebook,"1.2.4",137,insnewgd,31,31,1.2489699109,28
2026-05-28,bo,RM06B,facebook,"1.3.4",134,ALL,97,700,7.4915000000,294
2026-05-28,bo,RM06B,facebook,"1.3.4",134,albcp,20,22,0.1382000000,8
2026-05-28,bo,RM06B,facebook,"1.3.4",134,bkcp,22,24,0.1761500000,11
2026-05-28,bo,RM06B,facebook,"1.3.4",134,cl_open,60,68,2.8580000000,73
2026-05-28,bo,RM06B,facebook,"1.3.4",134,ho_open,58,188,2.0097000000,79
2026-05-28,bo,RM06B,facebook,"1.3.4",134,ngdcp,50,51,0.7578000000,34
2026-05-28,bo,RM06B,facebook,"1.3.4",134,searcp,33,44,0.2334500000,19
2026-05-28,bo,RM06B,facebook,"1.3.4",134,skpcp,14,86,0.1260000000,25
2026-05-28,bo,RM06B,facebook,"1.3.4",134,splcp,59,94,0.7822000000,19
2026-05-28,bo,RM06B,facebook,"1.3.4",134,xzcp,19,101,0.2709500000,19
2026-05-28,bo,RM06B,facebook,"1.3.5",116,ALL,98,540,5.8137000000,236
2026-05-28,bo,RM06B,facebook,"1.3.5",116,albcp,14,14,0.0954000000,3
2026-05-28,bo,RM06B,facebook,"1.3.5",116,bkcp,18,19,0.0852500000,3
2026-05-28,bo,RM06B,facebook,"1.3.5",116,cl_open,60,71,2.3748500000,52
2026-05-28,bo,RM06B,facebook,"1.3.5",116,ho_open,58,141,1.4284500000,58
2026-05-28,bo,RM06B,facebook,"1.3.5",116,ngdcp,52,53,0.5938000000,35
2026-05-28,bo,RM06B,facebook,"1.3.5",116,searcp,30,37,0.1158500000,20
2026-05-28,bo,RM06B,facebook,"1.3.5",116,skpcp,16,38,0.0400000000,11
2026-05-28,bo,RM06B,facebook,"1.3.5",116,splcp,48,73,0.6930500000,30
2026-05-28,bo,RM06B,facebook,"1.3.5",116,xzcp,30,75,0.2648500000,19
2026-05-28,bo,RM08,facebook,"1.2.4",52,ALL,33,119,2.5123427070,86
2026-05-28,bo,RM08,facebook,"1.2.4",52,ccopen,19,20,0.7700252559,22
2026-05-28,bo,RM08,facebook,"1.2.4",52,hhopen,17,32,0.7799094103,24
2026-05-28,bo,RM08,facebook,"1.2.4",52,insnewgd,13,13,0.3517398320,9
2026-05-28,br,RM06B,Google Ads ACI,"1.3.4",1580,ALL,1279,8226,139.8734500000,3932
2026-05-28,br,RM06B,Google Ads ACI,"1.3.4",1580,albcp,186,198,3.6678500000,89
2026-05-28,br,RM06B,Google Ads ACI,"1.3.4",1580,bkcp,266,315,2.7266000000,134
2026-05-28,br,RM06B,Google Ads ACI,"1.3.4",1580,cl_open,980,1133,46.0470500000,845
2026-05-28,br,RM06B,Google Ads ACI,"1.3.4",1580,cscp,78,93,0.7047000000,40
2026-05-28,br,RM06B,Google Ads ACI,"1.3.4",1580,ho_open,777,2557,37.6504000000,1107
2026-05-28,br,RM06B,Google Ads ACI,"1.3.4",1580,jclcp,12,16,0.0630000000,5
2026-05-28,br,RM06B,Google Ads ACI,"1.3.4",1580,lkcp,18,19,0.1164500000,11
2026-05-28,br,RM06B,Google Ads ACI,"1.3.4",1580,ngdcp,660,676,14.6438000000,366
2026-05-28,br,RM06B,Google Ads ACI,"1.3.4",1580,offlcp,69,74,0.5735500000,27
2026-05-28,br,RM06B,Google Ads ACI,"1.3.4",1580,searcp,482,564,9.3324500000,293
2026-05-28,br,RM06B,Google Ads ACI,"1.3.4",1580,secp,30,31,0.4966500000,21
2026-05-28,br,RM06B,Google Ads ACI,"1.3.4",1580,skpcp,144,367,3.4457000000,144
2026-05-28,br,RM06B,Google Ads ACI,"1.3.4",1580,splcp,656,942,11.1663500000,360
2026-05-28,br,RM06B,Google Ads ACI,"1.3.4",1580,stccp,28,29,0.4325500000,13
2026-05-28,br,RM06B,Google Ads ACI,"1.3.4",1580,xzcp,303,1206,8.4731500000,474
2026-05-28,br,RM06B,facebook,"1.3.4",2311,ALL,1898,9349,372.3371000000,5661
2026-05-28,br,RM06B,facebook,"1.3.4",2311,albcp,296,324,12.7630000000,210
2026-05-28,br,RM06B,facebook,"1.3.4",2311,bkcp,265,294,5.1030000000,107
2026-05-28,br,RM06B,facebook,"1.3.4",2311,cl_open,1411,1626,126.7283000000,1569
2026-05-28,br,RM06B,facebook,"1.3.4",2311,cscp,59,70,1.0057500000,31
2026-05-28,br,RM06B,facebook,"1.3.4",2311,ho_open,1191,3086,122.3229000000,1694
2026-05-28,br,RM06B,facebook,"1.3.4",2311,jclcp,14,17,0.2138500000,6
2026-05-28,br,RM06B,facebook,"1.3.4",2311,ngdcp,804,811,37.0163500000,638
2026-05-28,br,RM06B,facebook,"1.3.4",2311,offlcp,40,43,0.8424500000,18
2026-05-28,br,RM06B,facebook,"1.3.4",2311,rkgcp,19,19,0.4007500000,16
2026-05-28,br,RM06B,facebook,"1.3.4",2311,searcp,343,418,11.2633000000,223
2026-05-28,br,RM06B,facebook,"1.3.4",2311,secp,27,28,0.7331000000,15
2026-05-28,br,RM06B,facebook,"1.3.4",2311,skpcp,170,421,7.6506000000,150
2026-05-28,br,RM06B,facebook,"1.3.4",2311,splcp,749,1083,32.5579000000,504
2026-05-28,br,RM06B,facebook,"1.3.4",2311,stccp,25,28,0.6389000000,17
2026-05-28,br,RM06B,facebook,"1.3.4",2311,xzcp,263,1074,13.0454000000,460
2026-05-28,br,RM06B,unknown,"1.3.4",581,ALL,501,839,32.5088000000,148
2026-05-28,br,RM06B,unknown,"1.3.4",581,albcp,10,16,0.0692000000,5
2026-05-28,br,RM06B,unknown,"1.3.4",581,bkcp,18,28,0.1769500000,15
2026-05-28,br,RM06B,unknown,"1.3.4",581,cl_open,470,480,28.7197000000,27
2026-05-28,br,RM06B,unknown,"1.3.4",581,ho_open,49,121,2.1289500000,32
2026-05-28,br,RM06B,unknown,"1.3.4",581,ngdcp,33,33,0.5296500000,12
2026-05-28,br,RM06B,unknown,"1.3.4",581,searcp,21,29,0.1769500000,9
2026-05-28,br,RM06B,unknown,"1.3.4",581,splcp,27,39,0.2020500000,10
2026-05-28,br,RM06B,unknown,"1.3.4",581,xzcp,18,67,0.3743500000,30
2026-05-28,br,RM06B,Google Ads ACI,"1.3.5",1270,ALL,1031,7662,119.0418500000,3510
2026-05-28,br,RM06B,Google Ads ACI,"1.3.5",1270,albcp,181,202,3.1633000000,104
2026-05-28,br,RM06B,Google Ads ACI,"1.3.5",1270,bkcp,249,322,2.5864000000,142
2026-05-28,br,RM06B,Google Ads ACI,"1.3.5",1270,cl_open,757,956,33.1015000000,732
2026-05-28,br,RM06B,Google Ads ACI,"1.3.5",1270,cscp,69,89,0.6438000000,37
2026-05-28,br,RM06B,Google Ads ACI,"1.3.5",1270,ho_open,665,2112,32.7789000000,938
2026-05-28,br,RM06B,Google Ads ACI,"1.3.5",1270,lkcp,15,18,0.0693000000,5
2026-05-28,br,RM06B,Google Ads ACI,"1.3.5",1270,ngdcp,552,566,12.8735000000,319
2026-05-28,br,RM06B,Google Ads ACI,"1.3.5",1270,offlcp,57,67,0.3365500000,26
2026-05-28,br,RM06B,Google Ads ACI,"1.3.5",1270,searcp,413,506,7.9851500000,234
2026-05-28,br,RM06B,Google Ads ACI,"1.3.5",1270,secp,19,20,0.1961000000,23
2026-05-28,br,RM06B,Google Ads ACI,"1.3.5",1270,skpcp,131,316,3.7512000000,155
2026-05-28,br,RM06B,Google Ads ACI,"1.3.5",1270,splcp,597,955,11.5924500000,337
2026-05-28,br,RM06B,Google Ads ACI,"1.3.5",1270,stccp,29,30,0.7366000000,14
2026-05-28,br,RM06B,Google Ads ACI,"1.3.5",1270,xzcp,256,1484,9.0874500000,438
2026-05-28,br,RM06B,facebook,"1.3.5",2163,ALL,1795,8900,337.5788000000,5264
2026-05-28,br,RM06B,facebook,"1.3.5",2163,albcp,259,297,9.2179500000,189
2026-05-28,br,RM06B,facebook,"1.3.5",2163,bkcp,232,275,3.9393000000,121
2026-05-28,br,RM06B,facebook,"1.3.5",2163,cl_open,1339,1582,122.9981000000,1534
2026-05-28,br,RM06B,facebook,"1.3.5",2163,cscp,51,62,0.8458000000,20
2026-05-28,br,RM06B,facebook,"1.3.5",2163,ho_open,1102,2759,107.0391500000,1463
2026-05-28,br,RM06B,facebook,"1.3.5",2163,lkcp,10,10,0.0726000000,8
2026-05-28,br,RM06B,facebook,"1.3.5",2163,ngdcp,761,772,35.3118500000,614
2026-05-28,br,RM06B,facebook,"1.3.5",2163,offlcp,42,48,0.3581000000,19
2026-05-28,br,RM06B,facebook,"1.3.5",2163,rkgcp,17,17,0.5623000000,9
2026-05-28,br,RM06B,facebook,"1.3.5",2163,searcp,322,420,10.7959500000,235
2026-05-28,br,RM06B,facebook,"1.3.5",2163,secp,19,19,0.8845000000,12
2026-05-28,br,RM06B,facebook,"1.3.5",2163,skpcp,144,466,6.4957500000,176
2026-05-28,br,RM06B,facebook,"1.3.5",2163,splcp,687,918,27.4207500000,427
2026-05-28,br,RM06B,facebook,"1.3.5",2163,stccp,26,27,1.0553500000,14
2026-05-28,br,RM06B,facebook,"1.3.5",2163,xzcp,245,1221,10.5566000000,419
2026-05-28,br,RM06B,unknown,"1.3.5",448,ALL,405,736,27.4722000000,153
2026-05-28,br,RM06B,unknown,"1.3.5",448,bkcp,16,16,0.0736000000,4
2026-05-28,br,RM06B,unknown,"1.3.5",448,cl_open,385,397,23.6256500000,29
2026-05-28,br,RM06B,unknown,"1.3.5",448,ho_open,37,98,1.6665000000,32
2026-05-28,br,RM06B,unknown,"1.3.5",448,ngdcp,34,34,0.6582000000,14
2026-05-28,br,RM06B,unknown,"1.3.5",448,searcp,26,29,0.2949000000,9
2026-05-28,br,RM06B,unknown,"1.3.5",448,splcp,33,46,0.7073500000,16
2026-05-28,br,RM06B,unknown,"1.3.5",448,xzcp,10,86,0.2774000000,37
2026-05-28,br,RM08,Google Ads ACI,"1.2.4",63,ALL,47,417,2.3676460605,146
2026-05-28,br,RM08,Google Ads ACI,"1.2.4",63,ccopen,35,45,0.6612150256,34
2026-05-28,br,RM08,Google Ads ACI,"1.2.4",63,hhopen,25,55,0.2926443452,12
2026-05-28,br,RM08,Google Ads ACI,"1.2.4",63,insback,16,18,0.0549137450,2
2026-05-28,br,RM08,Google Ads ACI,"1.2.4",63,inscon,17,35,0.2295051237,16
2026-05-28,br,RM08,Google Ads ACI,"1.2.4",63,insdown,22,128,0.4186793205,36
2026-05-28,br,RM08,Google Ads ACI,"1.2.4",63,insnewgd,32,38,0.2380498493,14
2026-05-28,br,RM08,Google Ads ACI,"1.2.4",63,inssec,26,37,0.2668080548,12
2026-05-28,br,RM08,facebook,"1.2.4",1147,ALL,961,3672,169.3159145967,2393
2026-05-28,br,RM08,facebook,"1.2.4",1147,ccopen,710,834,61.9629526266,816
2026-05-28,br,RM08,facebook,"1.2.4",1147,hhopen,532,1146,50.1351007721,656
2026-05-28,br,RM08,facebook,"1.2.4",1147,insabb,150,156,5.7348761701,102
2026-05-28,br,RM08,facebook,"1.2.4",1147,insatt,11,11,0.2376328907,7
2026-05-28,br,RM08,facebook,"1.2.4",1147,insback,99,102,2.3183791569,46
2026-05-28,br,RM08,facebook,"1.2.4",1147,inscon,130,219,4.4374944274,79
2026-05-28,br,RM08,facebook,"1.2.4",1147,insdown,168,415,10.5028882324,193
2026-05-28,br,RM08,facebook,"1.2.4",1147,inshg,12,13,0.4265366829,4
2026-05-28,br,RM08,facebook,"1.2.4",1147,insnewgd,384,390,21.2682179382,291
2026-05-28,br,RM08,facebook,"1.2.4",1147,insplayn,131,235,7.1984018855,107
2026-05-28,br,RM08,facebook,"1.2.4",1147,inssec,100,103,3.8507784803,63
2026-05-28,br,RM08,facebook,"1.2.4",1147,inssp,24,31,0.7922678608,12
2026-05-28,br,RM08,unknown,"1.2.4",215,ALL,202,225,15.1546281048,9
2026-05-28,br,RM08,unknown,"1.2.4",215,ccopen,191,193,14.2075355204,7
2026-05-28,br,RM08,unknown,"1.2.4",215,hhopen,16,23,0.4479716955,1
2026-05-28,cl,RM06B,facebook,"1.3.4",190,ALL,159,864,24.2885500000,500
2026-05-28,cl,RM06B,facebook,"1.3.4",190,albcp,28,31,0.7886500000,18
2026-05-28,cl,RM06B,facebook,"1.3.4",190,bkcp,21,22,0.4139500000,7
2026-05-28,cl,RM06B,facebook,"1.3.4",190,cl_open,126,144,8.8837000000,143
2026-05-28,cl,RM06B,facebook,"1.3.4",190,ho_open,90,238,5.9005500000,111
2026-05-28,cl,RM06B,facebook,"1.3.4",190,ngdcp,77,78,2.4173000000,62
2026-05-28,cl,RM06B,facebook,"1.3.4",190,searcp,37,46,1.0686500000,19
2026-05-28,cl,RM06B,facebook,"1.3.4",190,skpcp,20,61,1.0756000000,33
2026-05-28,cl,RM06B,facebook,"1.3.4",190,splcp,71,114,2.4139500000,54
2026-05-28,cl,RM06B,facebook,"1.3.4",190,xzcp,30,105,1.1901500000,42
2026-05-28,cl,RM06B,facebook,"1.3.5",156,ALL,128,615,16.1600000000,336
2026-05-28,cl,RM06B,facebook,"1.3.5",156,albcp,23,25,0.4723500000,25
2026-05-28,cl,RM06B,facebook,"1.3.5",156,bkcp,26,28,0.4827500000,6
2026-05-28,cl,RM06B,facebook,"1.3.5",156,cl_open,103,118,6.4377000000,94
2026-05-28,cl,RM06B,facebook,"1.3.5",156,ho_open,73,166,4.2781500000,76
2026-05-28,cl,RM06B,facebook,"1.3.5",156,ngdcp,57,57,2.2786500000,38
2026-05-28,cl,RM06B,facebook,"1.3.5",156,searcp,21,25,0.3692500000,9
2026-05-28,cl,RM06B,facebook,"1.3.5",156,skpcp,11,47,0.2904500000,31
2026-05-28,cl,RM06B,facebook,"1.3.5",156,splcp,48,68,1.0954000000,25
2026-05-28,cl,RM06B,facebook,"1.3.5",156,xzcp,18,59,0.3123500000,23
2026-05-28,cl,RM08,facebook,"1.2.4",113,ALL,93,285,12.2108669127,185
2026-05-28,cl,RM08,facebook,"1.2.4",113,ccopen,76,89,4.5949634622,74
2026-05-28,cl,RM08,facebook,"1.2.4",113,hhopen,43,74,2.9248513715,41
2026-05-28,cl,RM08,facebook,"1.2.4",113,insabb,16,16,0.6346265913,9
2026-05-28,cl,RM08,facebook,"1.2.4",113,insdown,10,13,0.4480272545,9
2026-05-28,cl,RM08,facebook,"1.2.4",113,insnewgd,43,43,2.1725042910,27
2026-05-28,co,RM06B,Google Ads ACI,"1.3.4",144,ALL,68,578,5.1843000000,212
2026-05-28,co,RM06B,Google Ads ACI,"1.3.4",144,bkcp,15,17,0.0851500000,5
2026-05-28,co,RM06B,Google Ads ACI,"1.3.4",144,cl_open,49,63,1.7224500000,39
2026-05-28,co,RM06B,Google Ads ACI,"1.3.4",144,ho_open,42,135,1.2289500000,42
2026-05-28,co,RM06B,Google Ads ACI,"1.3.4",144,ngdcp,34,35,0.3569000000,26
2026-05-28,co,RM06B,Google Ads ACI,"1.3.4",144,searcp,34,47,0.3205500000,29
2026-05-28,co,RM06B,Google Ads ACI,"1.3.4",144,splcp,43,82,0.5115500000,27
2026-05-28,co,RM06B,Google Ads ACI,"1.3.4",144,xzcp,30,157,0.7041000000,30
2026-05-28,co,RM06B,TIKTOK,"1.3.4",71,ALL,58,433,5.7770000000,215
2026-05-28,co,RM06B,TIKTOK,"1.3.4",71,bkcp,20,23,0.1067500000,9
2026-05-28,co,RM06B,TIKTOK,"1.3.4",71,cl_open,43,55,1.9052500000,58
2026-05-28,co,RM06B,TIKTOK,"1.3.4",71,ho_open,40,119,1.4930000000,61
2026-05-28,co,RM06B,TIKTOK,"1.3.4",71,ngdcp,31,31,0.6389500000,13
2026-05-28,co,RM06B,TIKTOK,"1.3.4",71,searcp,27,33,0.4841500000,17
2026-05-28,co,RM06B,TIKTOK,"1.3.4",71,skpcp,11,28,0.0920000000,8
2026-05-28,co,RM06B,TIKTOK,"1.3.4",71,splcp,33,62,0.5373500000,19
2026-05-28,co,RM06B,TIKTOK,"1.3.4",71,xzcp,18,54,0.2862500000,19
2026-05-28,co,RM06B,facebook,"1.3.4",1539,ALL,1274,7289,148.9564000000,3960
2026-05-28,co,RM06B,facebook,"1.3.4",1539,albcp,163,189,3.2251000000,115
2026-05-28,co,RM06B,facebook,"1.3.4",1539,bkcp,247,283,3.3027000000,91
2026-05-28,co,RM06B,facebook,"1.3.4",1539,cl_open,873,1026,52.7362000000,1023
2026-05-28,co,RM06B,facebook,"1.3.4",1539,cscp,55,64,0.5353000000,40
2026-05-28,co,RM06B,facebook,"1.3.4",1539,ho_open,794,2131,37.7011000000,970
2026-05-28,co,RM06B,facebook,"1.3.4",1539,ngdcp,569,578,15.5017000000,441
2026-05-28,co,RM06B,facebook,"1.3.4",1539,offlcp,57,59,0.2287000000,26
2026-05-28,co,RM06B,facebook,"1.3.4",1539,rkgcp,11,11,0.1327500000,11
2026-05-28,co,RM06B,facebook,"1.3.4",1539,searcp,365,436,7.8767000000,232
2026-05-28,co,RM06B,facebook,"1.3.4",1539,secp,16,16,0.3211000000,11
2026-05-28,co,RM06B,facebook,"1.3.4",1539,skpcp,159,388,3.4645000000,179
2026-05-28,co,RM06B,facebook,"1.3.4",1539,splcp,615,896,14.8155500000,359
2026-05-28,co,RM06B,facebook,"1.3.4",1539,stccp,29,32,0.5423000000,15
2026-05-28,co,RM06B,facebook,"1.3.4",1539,xzcp,314,1162,8.3328000000,443
2026-05-28,co,RM06B,unknown,"1.3.4",202,ALL,174,291,10.2671000000,50
2026-05-28,co,RM06B,unknown,"1.3.4",202,cl_open,162,163,9.0166500000,7
2026-05-28,co,RM06B,unknown,"1.3.4",202,ho_open,12,38,0.1775500000,11
2026-05-28,co,RM06B,unknown,"1.3.4",202,ngdcp,11,11,0.3677500000,7
2026-05-28,co,RM06B,Google Ads ACI,"1.3.5",135,ALL,70,559,5.3684500000,237
2026-05-28,co,RM06B,Google Ads ACI,"1.3.5",135,albcp,11,11,0.0809500000,6
2026-05-28,co,RM06B,Google Ads ACI,"1.3.5",135,bkcp,25,30,0.1168000000,10
2026-05-28,co,RM06B,Google Ads ACI,"1.3.5",135,cl_open,52,70,2.1713000000,42
2026-05-28,co,RM06B,Google Ads ACI,"1.3.5",135,ho_open,45,148,1.0706500000,63
2026-05-28,co,RM06B,Google Ads ACI,"1.3.5",135,ngdcp,34,36,0.4539000000,10
2026-05-28,co,RM06B,Google Ads ACI,"1.3.5",135,searcp,34,46,0.4088500000,22
2026-05-28,co,RM06B,Google Ads ACI,"1.3.5",135,skpcp,11,28,0.1256000000,14
2026-05-28,co,RM06B,Google Ads ACI,"1.3.5",135,splcp,39,63,0.4523500000,18
2026-05-28,co,RM06B,Google Ads ACI,"1.3.5",135,xzcp,25,108,0.4137500000,49
2026-05-28,co,RM06B,facebook,"1.3.5",1314,ALL,1100,6654,136.5218500000,3509
2026-05-28,co,RM06B,facebook,"1.3.5",1314,albcp,124,141,2.3515500000,73
2026-05-28,co,RM06B,facebook,"1.3.5",1314,bkcp,223,243,2.0989000000,74
2026-05-28,co,RM06B,facebook,"1.3.5",1314,cl_open,716,884,48.4710000000,865
2026-05-28,co,RM06B,facebook,"1.3.5",1314,cscp,58,69,0.4131500000,29
2026-05-28,co,RM06B,facebook,"1.3.5",1314,ho_open,652,1868,36.2335000000,961
2026-05-28,co,RM06B,facebook,"1.3.5",1314,lkcp,12,15,0.0347500000,6
2026-05-28,co,RM06B,facebook,"1.3.5",1314,ngdcp,524,535,14.3480000000,407
2026-05-28,co,RM06B,facebook,"1.3.5",1314,offlcp,53,59,0.4115500000,27
2026-05-28,co,RM06B,facebook,"1.3.5",1314,rkgcp,15,15,0.1602500000,7
2026-05-28,co,RM06B,facebook,"1.3.5",1314,searcp,322,440,6.2111000000,209
2026-05-28,co,RM06B,facebook,"1.3.5",1314,secp,23,24,0.3283000000,15
2026-05-28,co,RM06B,facebook,"1.3.5",1314,skpcp,162,471,3.3945000000,189
2026-05-28,co,RM06B,facebook,"1.3.5",1314,splcp,543,836,15.1908500000,307
2026-05-28,co,RM06B,facebook,"1.3.5",1314,xzcp,241,1039,6.6041000000,333
2026-05-28,co,RM06B,unknown,"1.3.5",143,ALL,137,217,7.6462000000,42
2026-05-28,co,RM06B,unknown,"1.3.5",143,cl_open,127,134,7.1788000000,5
2026-05-28,co,RM06B,unknown,"1.3.5",143,ho_open,11,21,0.2588000000,11
2026-05-28,co,RM08,facebook,"1.2.4",250,ALL,192,700,16.2312168090,457
2026-05-28,co,RM08,facebook,"1.2.4",250,ccopen,137,155,5.7458324638,150
2026-05-28,co,RM08,facebook,"1.2.4",250,hhopen,108,230,5.0455326784,116
2026-05-28,co,RM08,facebook,"1.2.4",250,insabb,24,24,0.4194606832,15
2026-05-28,co,RM08,facebook,"1.2.4",250,insback,28,28,0.5105607669,11
2026-05-28,co,RM08,facebook,"1.2.4",250,inscon,23,29,0.3867362837,18
2026-05-28,co,RM08,facebook,"1.2.4",250,insdown,34,72,1.1260545685,48
2026-05-28,co,RM08,facebook,"1.2.4",250,insnewgd,77,77,2.0495152396,57
2026-05-28,co,RM08,facebook,"1.2.4",250,insplayn,22,52,0.6017622609,27
2026-05-28,co,RM08,facebook,"1.2.4",250,inssec,17,20,0.2299590569,10
2026-05-28,co,RM08,unknown,"1.2.4",75,ALL,62,98,1.9606372384,15
2026-05-28,co,RM08,unknown,"1.2.4",75,ccopen,53,55,1.6731561228,1
2026-05-28,co,RM08,unknown,"1.2.4",75,hhopen,14,25,0.2696863096,6
2026-05-28,cr,RM06B,facebook,"1.3.4",88,ALL,72,354,11.8298500000,188
2026-05-28,cr,RM06B,facebook,"1.3.4",88,cl_open,64,75,5.6103500000,62
2026-05-28,cr,RM06B,facebook,"1.3.4",88,ho_open,42,116,2.9622500000,45
2026-05-28,cr,RM06B,facebook,"1.3.4",88,ngdcp,30,30,1.0282000000,27
2026-05-28,cr,RM06B,facebook,"1.3.4",88,searcp,18,23,0.4644500000,14
2026-05-28,cr,RM06B,facebook,"1.3.4",88,splcp,29,36,0.9962000000,9
2026-05-28,cr,RM06B,facebook,"1.3.4",88,xzcp,13,39,0.3223500000,24
2026-05-28,cr,RM06B,facebook,"1.3.5",74,ALL,58,318,9.2308500000,166
2026-05-28,cr,RM06B,facebook,"1.3.5",74,bkcp,14,16,0.4086500000,11
2026-05-28,cr,RM06B,facebook,"1.3.5",74,cl_open,42,49,3.5799500000,55
2026-05-28,cr,RM06B,facebook,"1.3.5",74,ho_open,42,97,2.3769500000,44
2026-05-28,cr,RM06B,facebook,"1.3.5",74,ngdcp,29,29,0.9995000000,19
2026-05-28,cr,RM06B,facebook,"1.3.5",74,searcp,13,15,0.1925500000,8
2026-05-28,cr,RM06B,facebook,"1.3.5",74,splcp,27,38,0.6977500000,8
2026-05-28,cr,RM06B,facebook,"1.3.5",74,xzcp,11,31,0.4007500000,8
2026-05-28,do,RM06B,facebook,"1.3.4",127,ALL,93,541,9.2363500000,292
2026-05-28,do,RM06B,facebook,"1.3.4",127,albcp,14,16,0.1000000000,10
2026-05-28,do,RM06B,facebook,"1.3.4",127,bkcp,24,27,0.1105000000,11
2026-05-28,do,RM06B,facebook,"1.3.4",127,cl_open,61,70,2.9542000000,86
2026-05-28,do,RM06B,facebook,"1.3.4",127,ho_open,57,152,2.9902000000,63
2026-05-28,do,RM06B,facebook,"1.3.4",127,ngdcp,39,40,0.8874000000,35
2026-05-28,do,RM06B,facebook,"1.3.4",127,searcp,23,29,0.1707500000,9
2026-05-28,do,RM06B,facebook,"1.3.4",127,skpcp,10,17,0.0726500000,2
2026-05-28,do,RM06B,facebook,"1.3.4",127,splcp,41,72,1.0120000000,34
2026-05-28,do,RM06B,facebook,"1.3.4",127,xzcp,22,98,0.6904000000,36
2026-05-28,do,RM06B,facebook,"1.3.5",94,ALL,78,478,10.1066500000,246
2026-05-28,do,RM06B,facebook,"1.3.5",94,albcp,18,18,0.1889000000,9
2026-05-28,do,RM06B,facebook,"1.3.5",94,bkcp,13,14,0.2394000000,2
2026-05-28,do,RM06B,facebook,"1.3.5",94,cl_open,55,61,3.3424500000,65
2026-05-28,do,RM06B,facebook,"1.3.5",94,ho_open,50,160,2.9317000000,74
2026-05-28,do,RM06B,facebook,"1.3.5",94,ngdcp,36,36,0.9679000000,20
2026-05-28,do,RM06B,facebook,"1.3.5",94,searcp,20,26,0.4207000000,15
2026-05-28,do,RM06B,facebook,"1.3.5",94,skpcp,15,33,0.2946000000,13
2026-05-28,do,RM06B,facebook,"1.3.5",94,splcp,43,54,1.3040500000,22
2026-05-28,do,RM06B,facebook,"1.3.5",94,xzcp,21,67,0.3292000000,18
2026-05-28,ec,RM06B,facebook,"1.3.4",244,ALL,192,1303,15.6556500000,608
2026-05-28,ec,RM06B,facebook,"1.3.4",244,albcp,28,29,0.4442500000,13
2026-05-28,ec,RM06B,facebook,"1.3.4",244,bkcp,35,37,0.2316000000,11
2026-05-28,ec,RM06B,facebook,"1.3.4",244,cl_open,143,177,6.5629500000,161
2026-05-28,ec,RM06B,facebook,"1.3.4",244,cscp,14,24,0.0299500000,4
2026-05-28,ec,RM06B,facebook,"1.3.4",244,ho_open,119,351,3.7009500000,156
2026-05-28,ec,RM06B,facebook,"1.3.4",244,ngdcp,100,102,1.2641000000,62
2026-05-28,ec,RM06B,facebook,"1.3.4",244,offlcp,11,12,0.0358500000,4
2026-05-28,ec,RM06B,facebook,"1.3.4",244,searcp,53,66,0.5326000000,32
2026-05-28,ec,RM06B,facebook,"1.3.4",244,skpcp,31,94,0.3426000000,29
2026-05-28,ec,RM06B,facebook,"1.3.4",244,splcp,106,178,1.4399500000,65
2026-05-28,ec,RM06B,facebook,"1.3.4",244,xzcp,57,224,0.9883000000,69
2026-05-28,ec,RM06B,unknown,"1.3.4",53,ALL,43,49,1.9366500000,4
2026-05-28,ec,RM06B,unknown,"1.3.4",53,cl_open,41,41,1.8161500000,2
2026-05-28,ec,RM06B,facebook,"1.3.5",192,ALL,155,946,12.6279500000,481
2026-05-28,ec,RM06B,facebook,"1.3.5",192,albcp,11,16,0.0475000000,7
2026-05-28,ec,RM06B,facebook,"1.3.5",192,bkcp,22,27,0.1065500000,16
2026-05-28,ec,RM06B,facebook,"1.3.5",192,cl_open,112,134,5.2526000000,126
2026-05-28,ec,RM06B,facebook,"1.3.5",192,ho_open,91,209,2.9328500000,112
2026-05-28,ec,RM06B,facebook,"1.3.5",192,ngdcp,87,87,1.4570000000,49
2026-05-28,ec,RM06B,facebook,"1.3.5",192,offlcp,10,10,0.0422000000,8
2026-05-28,ec,RM06B,facebook,"1.3.5",192,searcp,40,48,0.5781500000,24
2026-05-28,ec,RM06B,facebook,"1.3.5",192,skpcp,20,67,0.1748500000,27
2026-05-28,ec,RM06B,facebook,"1.3.5",192,splcp,81,107,1.2559000000,38
2026-05-28,ec,RM06B,facebook,"1.3.5",192,xzcp,46,225,0.5134500000,69
2026-05-28,es,RM06B,Google Ads ACI,"1.3.4",63,ALL,46,626,4.4856500000,144
2026-05-28,es,RM06B,Google Ads ACI,"1.3.4",63,bkcp,24,40,0.0974000000,8
2026-05-28,es,RM06B,Google Ads ACI,"1.3.4",63,cl_open,34,56,1.4756000000,14
2026-05-28,es,RM06B,Google Ads ACI,"1.3.4",63,ho_open,34,148,0.6816000000,35
2026-05-28,es,RM06B,Google Ads ACI,"1.3.4",63,ngdcp,27,31,0.6360500000,7
2026-05-28,es,RM06B,Google Ads ACI,"1.3.4",63,searcp,29,72,0.4286000000,17
2026-05-28,es,RM06B,Google Ads ACI,"1.3.4",63,splcp,31,79,0.3577500000,24
2026-05-28,es,RM06B,Google Ads ACI,"1.3.4",63,xzcp,18,135,0.6697500000,18
2026-05-28,es,RM06B,facebook,"1.3.4",143,ALL,108,647,38.4595500000,292
2026-05-28,es,RM06B,facebook,"1.3.4",143,albcp,15,20,0.8315000000,3
2026-05-28,es,RM06B,facebook,"1.3.4",143,bkcp,24,32,1.2680000000,8
2026-05-28,es,RM06B,facebook,"1.3.4",143,cl_open,79,97,13.8358500000,75
2026-05-28,es,RM06B,facebook,"1.3.4",143,ho_open,64,159,10.3598000000,64
2026-05-28,es,RM06B,facebook,"1.3.4",143,ngdcp,43,43,3.0424500000,30
2026-05-28,es,RM06B,facebook,"1.3.4",143,searcp,35,51,2.1927500000,21
2026-05-28,es,RM06B,facebook,"1.3.4",143,skpcp,12,38,0.8488000000,12
2026-05-28,es,RM06B,facebook,"1.3.4",143,splcp,47,95,3.6108500000,31
2026-05-28,es,RM06B,facebook,"1.3.4",143,xzcp,18,89,1.9030500000,36
2026-05-28,es,RM06B,Google Ads ACI,"1.3.5",53,ALL,43,888,6.0292500000,259
2026-05-28,es,RM06B,Google Ads ACI,"1.3.5",53,bkcp,20,54,0.1889000000,15
2026-05-28,es,RM06B,Google Ads ACI,"1.3.5",53,cl_open,35,59,2.0228500000,17
2026-05-28,es,RM06B,Google Ads ACI,"1.3.5",53,ho_open,33,168,1.1139000000,56
2026-05-28,es,RM06B,Google Ads ACI,"1.3.5",53,ngdcp,30,32,0.7139000000,19
2026-05-28,es,RM06B,Google Ads ACI,"1.3.5",53,offlcp,11,13,0.0290500000,5
2026-05-28,es,RM06B,Google Ads ACI,"1.3.5",53,searcp,33,107,0.6884500000,45
2026-05-28,es,RM06B,Google Ads ACI,"1.3.5",53,splcp,32,113,0.4137500000,29
2026-05-28,es,RM06B,Google Ads ACI,"1.3.5",53,xzcp,26,279,0.5789000000,58
2026-05-28,es,RM06B,facebook,"1.3.5",139,ALL,108,636,32.8171500000,287
2026-05-28,es,RM06B,facebook,"1.3.5",139,albcp,16,19,0.6135000000,4
2026-05-28,es,RM06B,facebook,"1.3.5",139,bkcp,20,28,0.7800000000,8
2026-05-28,es,RM06B,facebook,"1.3.5",139,cl_open,78,91,12.1889500000,77
2026-05-28,es,RM06B,facebook,"1.3.5",139,ho_open,66,154,9.1992500000,69
2026-05-28,es,RM06B,facebook,"1.3.5",139,ngdcp,44,45,2.9974500000,27
2026-05-28,es,RM06B,facebook,"1.3.5",139,searcp,36,46,2.4715000000,18
2026-05-28,es,RM06B,facebook,"1.3.5",139,skpcp,10,45,0.3223500000,15
2026-05-28,es,RM06B,facebook,"1.3.5",139,splcp,53,88,2.8193500000,32
2026-05-28,es,RM06B,facebook,"1.3.5",139,xzcp,22,102,1.0406000000,32
2026-05-28,gh,RM06B,facebook,"1.3.4",137,ALL,105,693,8.8210500000,369
2026-05-28,gh,RM06B,facebook,"1.3.4",137,albcp,24,30,0.4254000000,19
2026-05-28,gh,RM06B,facebook,"1.3.4",137,bkcp,27,28,0.1927000000,18
2026-05-28,gh,RM06B,facebook,"1.3.4",137,cl_open,50,50,1.6871000000,47
2026-05-28,gh,RM06B,facebook,"1.3.4",137,ho_open,67,176,2.4942500000,101
2026-05-28,gh,RM06B,facebook,"1.3.4",137,ngdcp,42,43,1.2233000000,45
2026-05-28,gh,RM06B,facebook,"1.3.4",137,searcp,20,22,0.3164000000,14
2026-05-28,gh,RM06B,facebook,"1.3.4",137,skpcp,16,49,0.3432000000,19
2026-05-28,gh,RM06B,facebook,"1.3.4",137,splcp,48,92,1.0748500000,24
2026-05-28,gh,RM06B,facebook,"1.3.4",137,xzcp,35,187,0.9294500000,72
2026-05-28,gh,RM06B,facebook,"1.3.5",139,ALL,123,744,11.0674500000,433
2026-05-28,gh,RM06B,facebook,"1.3.5",139,albcp,49,59,1.0214000000,44
2026-05-28,gh,RM06B,facebook,"1.3.5",139,bkcp,23,33,0.2827000000,18
2026-05-28,gh,RM06B,facebook,"1.3.5",139,cl_open,62,65,2.2605500000,80
2026-05-28,gh,RM06B,facebook,"1.3.5",139,ho_open,85,199,3.1346500000,107
2026-05-28,gh,RM06B,facebook,"1.3.5",139,ngdcp,52,55,1.1936500000,60
2026-05-28,gh,RM06B,facebook,"1.3.5",139,searcp,21,24,0.3221000000,10
2026-05-28,gh,RM06B,facebook,"1.3.5",139,skpcp,14,17,0.2625000000,8
2026-05-28,gh,RM06B,facebook,"1.3.5",139,splcp,77,127,1.4024500000,54
2026-05-28,gh,RM06B,facebook,"1.3.5",139,xzcp,40,153,1.0838000000,46
2026-05-28,gt,RM06B,Google Ads ACI,"1.3.4",74,ALL,40,594,1.5169000000,155
2026-05-28,gt,RM06B,Google Ads ACI,"1.3.4",74,bkcp,17,21,0.0256000000,5
2026-05-28,gt,RM06B,Google Ads ACI,"1.3.4",74,cl_open,26,32,0.5686000000,21
2026-05-28,gt,RM06B,Google Ads ACI,"1.3.4",74,ho_open,30,105,0.3101000000,31
2026-05-28,gt,RM06B,Google Ads ACI,"1.3.4",74,ngdcp,23,26,0.0953000000,10
2026-05-28,gt,RM06B,Google Ads ACI,"1.3.4",74,searcp,27,41,0.1508500000,11
2026-05-28,gt,RM06B,Google Ads ACI,"1.3.4",74,splcp,23,62,0.0571500000,28
2026-05-28,gt,RM06B,Google Ads ACI,"1.3.4",74,xzcp,19,279,0.2811000000,46
2026-05-28,gt,RM06B,TIKTOK,"1.3.4",76,ALL,69,664,5.7538000000,314
2026-05-28,gt,RM06B,TIKTOK,"1.3.4",76,bkcp,19,21,0.0473000000,13
2026-05-28,gt,RM06B,TIKTOK,"1.3.4",76,cl_open,44,54,1.9868000000,56
2026-05-28,gt,RM06B,TIKTOK,"1.3.4",76,ho_open,46,188,0.9095000000,86
2026-05-28,gt,RM06B,TIKTOK,"1.3.4",76,ngdcp,41,45,0.5021000000,30
2026-05-28,gt,RM06B,TIKTOK,"1.3.4",76,searcp,30,39,0.3198500000,21
2026-05-28,gt,RM06B,TIKTOK,"1.3.4",76,skpcp,23,47,0.1754500000,24
2026-05-28,gt,RM06B,TIKTOK,"1.3.4",76,splcp,49,103,0.9845500000,25
2026-05-28,gt,RM06B,TIKTOK,"1.3.4",76,xzcp,34,135,0.5867500000,51
2026-05-28,gt,RM06B,facebook,"1.3.4",369,ALL,308,2150,25.7911000000,1091
2026-05-28,gt,RM06B,facebook,"1.3.4",369,albcp,34,39,0.3248500000,20
2026-05-28,gt,RM06B,facebook,"1.3.4",369,bkcp,67,77,0.4658000000,29
2026-05-28,gt,RM06B,facebook,"1.3.4",369,cl_open,219,282,8.9278000000,280
2026-05-28,gt,RM06B,facebook,"1.3.4",369,cscp,21,29,0.2192500000,14
2026-05-28,gt,RM06B,facebook,"1.3.4",369,ho_open,208,629,7.0728000000,310
2026-05-28,gt,RM06B,facebook,"1.3.4",369,ngdcp,159,163,2.3602000000,116
2026-05-28,gt,RM06B,facebook,"1.3.4",369,offlcp,21,23,0.1354500000,9
2026-05-28,gt,RM06B,facebook,"1.3.4",369,searcp,101,132,0.8441500000,57
2026-05-28,gt,RM06B,facebook,"1.3.4",369,skpcp,59,158,0.5892000000,53
2026-05-28,gt,RM06B,facebook,"1.3.4",369,splcp,194,284,3.5276500000,115
2026-05-28,gt,RM06B,facebook,"1.3.4",369,xzcp,86,311,1.1947000000,84
2026-05-28,gt,RM06B,unknown,"1.3.4",58,ALL,49,82,2.0116000000,11
2026-05-28,gt,RM06B,unknown,"1.3.4",58,cl_open,41,43,1.5745500000,1
2026-05-28,gt,RM06B,unknown,"1.3.4",58,ho_open,11,18,0.4086000000,6
2026-05-28,gt,RM06B,Google Ads ACI,"1.3.5",55,ALL,30,343,1.4544000000,93
2026-05-28,gt,RM06B,Google Ads ACI,"1.3.5",55,bkcp,11,14,0.0111000000,4
2026-05-28,gt,RM06B,Google Ads ACI,"1.3.5",55,cl_open,19,26,0.3048000000,15
2026-05-28,gt,RM06B,Google Ads ACI,"1.3.5",55,ho_open,23,82,0.5527500000,23
2026-05-28,gt,RM06B,Google Ads ACI,"1.3.5",55,ngdcp,16,20,0.0955000000,9
2026-05-28,gt,RM06B,Google Ads ACI,"1.3.5",55,searcp,18,25,0.1025500000,7
2026-05-28,gt,RM06B,Google Ads ACI,"1.3.5",55,splcp,21,50,0.1954000000,13
2026-05-28,gt,RM06B,Google Ads ACI,"1.3.5",55,xzcp,14,81,0.0819000000,17
2026-05-28,gt,RM06B,TIKTOK,"1.3.5",78,ALL,70,467,7.7996500000,308
2026-05-28,gt,RM06B,TIKTOK,"1.3.5",78,albcp,10,10,0.1874000000,7
2026-05-28,gt,RM06B,TIKTOK,"1.3.5",78,bkcp,17,18,0.1551500000,7
2026-05-28,gt,RM06B,TIKTOK,"1.3.5",78,cl_open,52,56,2.8041000000,76
2026-05-28,gt,RM06B,TIKTOK,"1.3.5",78,ho_open,44,120,1.2634000000,66
2026-05-28,gt,RM06B,TIKTOK,"1.3.5",78,ngdcp,36,36,0.7920000000,42
2026-05-28,gt,RM06B,TIKTOK,"1.3.5",78,searcp,28,32,0.7650000000,12
2026-05-28,gt,RM06B,TIKTOK,"1.3.5",78,skpcp,23,72,0.4554500000,34
2026-05-28,gt,RM06B,TIKTOK,"1.3.5",78,splcp,43,67,0.6298000000,27
2026-05-28,gt,RM06B,TIKTOK,"1.3.5",78,xzcp,19,40,0.5963500000,32
2026-05-28,gt,RM06B,facebook,"1.3.5",285,ALL,247,1765,20.8228000000,826
2026-05-28,gt,RM06B,facebook,"1.3.5",285,albcp,23,25,0.3269500000,12
2026-05-28,gt,RM06B,facebook,"1.3.5",285,bkcp,47,60,0.3250500000,12
2026-05-28,gt,RM06B,facebook,"1.3.5",285,cl_open,169,206,7.3772000000,197
2026-05-28,gt,RM06B,facebook,"1.3.5",285,cscp,16,23,0.0809000000,2
2026-05-28,gt,RM06B,facebook,"1.3.5",285,ho_open,171,585,5.3368500000,294
2026-05-28,gt,RM06B,facebook,"1.3.5",285,ngdcp,138,144,1.8790000000,77
2026-05-28,gt,RM06B,facebook,"1.3.5",285,searcp,81,118,1.2337500000,45
2026-05-28,gt,RM06B,facebook,"1.3.5",285,secp,13,13,0.1264500000,4
2026-05-28,gt,RM06B,facebook,"1.3.5",285,skpcp,43,101,0.4553000000,28
2026-05-28,gt,RM06B,facebook,"1.3.5",285,splcp,153,250,2.6265500000,84
2026-05-28,gt,RM06B,facebook,"1.3.5",285,xzcp,57,211,0.9926000000,62
2026-05-28,hk,RM08,facebook,"1.2.4",97,ALL,86,506,25.1507146870,184
2026-05-28,hk,RM08,facebook,"1.2.4",97,ccopen,71,77,8.0003350451,61
2026-05-28,hk,RM08,facebook,"1.2.4",97,hhopen,50,142,6.5850918776,41
2026-05-28,hk,RM08,facebook,"1.2.4",97,insabb,20,24,1.2097108142,9
2026-05-28,hk,RM08,facebook,"1.2.4",97,insback,20,24,0.6769897862,2
2026-05-28,hk,RM08,facebook,"1.2.4",97,inscon,17,36,0.7269119601,6
2026-05-28,hk,RM08,facebook,"1.2.4",97,insdown,21,67,1.0303687670,13
2026-05-28,hk,RM08,facebook,"1.2.4",97,insnewgd,51,53,4.3767581878,37
2026-05-28,hk,RM08,facebook,"1.2.4",97,inssec,21,40,0.9252420269,4
2026-05-28,hn,RM06B,facebook,"1.3.4",145,ALL,124,708,7.2307000000,388
2026-05-28,hn,RM06B,facebook,"1.3.4",145,albcp,12,13,0.1366500000,16
2026-05-28,hn,RM06B,facebook,"1.3.4",145,bkcp,19,22,0.0619000000,8
2026-05-28,hn,RM06B,facebook,"1.3.4",145,cl_open,86,98,3.6165000000,69
2026-05-28,hn,RM06B,facebook,"1.3.4",145,ho_open,78,211,1.4712000000,101
2026-05-28,hn,RM06B,facebook,"1.3.4",145,ngdcp,57,58,0.4793000000,37
2026-05-28,hn,RM06B,facebook,"1.3.4",145,searcp,29,45,0.1047500000,15
2026-05-28,hn,RM06B,facebook,"1.3.4",145,skpcp,19,40,0.2734000000,38
2026-05-28,hn,RM06B,facebook,"1.3.4",145,splcp,66,98,0.6997500000,48
2026-05-28,hn,RM06B,facebook,"1.3.4",145,xzcp,30,101,0.3325000000,47
2026-05-28,hn,RM06B,facebook,"1.3.5",105,ALL,87,588,5.4769000000,415
2026-05-28,hn,RM06B,facebook,"1.3.5",105,albcp,11,11,0.0942500000,3
2026-05-28,hn,RM06B,facebook,"1.3.5",105,bkcp,21,24,0.1141500000,10
2026-05-28,hn,RM06B,facebook,"1.3.5",105,cl_open,57,66,1.7443000000,62
2026-05-28,hn,RM06B,facebook,"1.3.5",105,ho_open,55,182,1.7208500000,116
2026-05-28,hn,RM06B,facebook,"1.3.5",105,ngdcp,44,48,0.3867500000,39
2026-05-28,hn,RM06B,facebook,"1.3.5",105,searcp,22,25,0.1658500000,17
2026-05-28,hn,RM06B,facebook,"1.3.5",105,skpcp,17,47,0.2188500000,86
2026-05-28,hn,RM06B,facebook,"1.3.5",105,splcp,51,81,0.7202000000,13
2026-05-28,hn,RM06B,facebook,"1.3.5",105,xzcp,28,83,0.2303500000,62
2026-05-28,id,RM06B,Google Ads ACI,"1.3.4",1793,ALL,1446,10279,66.7651500000,5890
2026-05-28,id,RM06B,Google Ads ACI,"1.3.4",1793,albcp,203,240,1.5527000000,141
2026-05-28,id,RM06B,Google Ads ACI,"1.3.4",1793,bkcp,395,510,2.0153500000,220
2026-05-28,id,RM06B,Google Ads ACI,"1.3.4",1793,cl_open,911,1131,16.0867500000,952
2026-05-28,id,RM06B,Google Ads ACI,"1.3.4",1793,cscp,163,216,0.6908000000,141
2026-05-28,id,RM06B,Google Ads ACI,"1.3.4",1793,ho_open,929,2945,19.4949500000,1737
2026-05-28,id,RM06B,Google Ads ACI,"1.3.4",1793,lkcp,20,21,0.0809000000,12
2026-05-28,id,RM06B,Google Ads ACI,"1.3.4",1793,ngdcp,655,686,6.9211500000,528
2026-05-28,id,RM06B,Google Ads ACI,"1.3.4",1793,offlcp,102,106,0.3087500000,48
2026-05-28,id,RM06B,Google Ads ACI,"1.3.4",1793,rkgcp,14,14,0.1289500000,8
2026-05-28,id,RM06B,Google Ads ACI,"1.3.4",1793,searcp,519,687,4.2259000000,392
2026-05-28,id,RM06B,Google Ads ACI,"1.3.4",1793,secp,40,40,0.3697000000,25
2026-05-28,id,RM06B,Google Ads ACI,"1.3.4",1793,skpcp,116,201,0.8242000000,116
2026-05-28,id,RM06B,Google Ads ACI,"1.3.4",1793,splcp,827,1483,7.6061000000,743
2026-05-28,id,RM06B,Google Ads ACI,"1.3.4",1793,stccp,25,25,0.0812000000,15
2026-05-28,id,RM06B,Google Ads ACI,"1.3.4",1793,xzcp,463,1965,6.3648000000,810
2026-05-28,id,RM06B,facebook,"1.3.4",150,ALL,111,654,9.0886000000,452
2026-05-28,id,RM06B,facebook,"1.3.4",150,albcp,18,20,0.1553500000,46
2026-05-28,id,RM06B,facebook,"1.3.4",150,bkcp,27,28,0.2659500000,12
2026-05-28,id,RM06B,facebook,"1.3.4",150,cl_open,59,76,2.0477000000,76
2026-05-28,id,RM06B,facebook,"1.3.4",150,ho_open,72,234,3.1288500000,140
2026-05-28,id,RM06B,facebook,"1.3.4",150,ngdcp,45,47,0.7961000000,46
2026-05-28,id,RM06B,facebook,"1.3.4",150,searcp,37,46,0.7198500000,33
2026-05-28,id,RM06B,facebook,"1.3.4",150,skpcp,12,20,0.2968500000,11
2026-05-28,id,RM06B,facebook,"1.3.4",150,splcp,60,87,0.7955000000,44
2026-05-28,id,RM06B,facebook,"1.3.4",150,xzcp,14,80,0.6229500000,38
2026-05-28,id,RM06B,unknown,"1.3.4",362,ALL,225,610,3.3890500000,204
2026-05-28,id,RM06B,unknown,"1.3.4",362,albcp,10,12,0.0355000000,8
2026-05-28,id,RM06B,unknown,"1.3.4",362,bkcp,15,21,0.0397500000,7
2026-05-28,id,RM06B,unknown,"1.3.4",362,cl_open,183,199,2.3148500000,43
2026-05-28,id,RM06B,unknown,"1.3.4",362,ho_open,63,141,0.4088000000,54
2026-05-28,id,RM06B,unknown,"1.3.4",362,ngdcp,26,36,0.2055000000,15
2026-05-28,id,RM06B,unknown,"1.3.4",362,searcp,17,22,0.0448000000,10
2026-05-28,id,RM06B,unknown,"1.3.4",362,splcp,30,51,0.1080500000,23
2026-05-28,id,RM06B,Google Ads ACI,"1.3.5",1541,ALL,1275,8965,49.4959500000,5029
2026-05-28,id,RM06B,Google Ads ACI,"1.3.5",1541,albcp,165,178,0.8778500000,105
2026-05-28,id,RM06B,Google Ads ACI,"1.3.5",1541,bkcp,352,464,1.4263500000,193
2026-05-28,id,RM06B,Google Ads ACI,"1.3.5",1541,cl_open,709,886,11.3714000000,777
2026-05-28,id,RM06B,Google Ads ACI,"1.3.5",1541,cscp,132,186,0.4726500000,77
2026-05-28,id,RM06B,Google Ads ACI,"1.3.5",1541,ho_open,783,2537,14.0137500000,1526
2026-05-28,id,RM06B,Google Ads ACI,"1.3.5",1541,jclcp,10,10,0.0197000000,10
2026-05-28,id,RM06B,Google Ads ACI,"1.3.5",1541,lkcp,12,12,0.0364000000,2
2026-05-28,id,RM06B,Google Ads ACI,"1.3.5",1541,ngdcp,574,612,5.4770500000,533
2026-05-28,id,RM06B,Google Ads ACI,"1.3.5",1541,offlcp,98,117,0.3452500000,36
2026-05-28,id,RM06B,Google Ads ACI,"1.3.5",1541,rkgcp,17,17,0.2890000000,14
2026-05-28,id,RM06B,Google Ads ACI,"1.3.5",1541,searcp,454,610,3.4514000000,326
2026-05-28,id,RM06B,Google Ads ACI,"1.3.5",1541,secp,31,31,0.2346500000,23
2026-05-28,id,RM06B,Google Ads ACI,"1.3.5",1541,skpcp,101,196,0.6781000000,87
2026-05-28,id,RM06B,Google Ads ACI,"1.3.5",1541,splcp,720,1261,6.0954500000,594
2026-05-28,id,RM06B,Google Ads ACI,"1.3.5",1541,stccp,18,19,0.0930000000,5
2026-05-28,id,RM06B,Google Ads ACI,"1.3.5",1541,xzcp,398,1829,4.6139500000,721
2026-05-28,id,RM06B,facebook,"1.3.5",122,ALL,90,929,7.8864500000,487
2026-05-28,id,RM06B,facebook,"1.3.5",122,albcp,24,28,0.3116000000,19
2026-05-28,id,RM06B,facebook,"1.3.5",122,bkcp,28,42,0.2443500000,10
2026-05-28,id,RM06B,facebook,"1.3.5",122,cl_open,47,54,1.5084000000,63
2026-05-28,id,RM06B,facebook,"1.3.5",122,ho_open,63,231,1.8564000000,124
2026-05-28,id,RM06B,facebook,"1.3.5",122,ngdcp,46,49,1.0134000000,47
2026-05-28,id,RM06B,facebook,"1.3.5",122,searcp,38,55,0.6019000000,37
2026-05-28,id,RM06B,facebook,"1.3.5",122,splcp,52,103,0.8578500000,57
2026-05-28,id,RM06B,facebook,"1.3.5",122,xzcp,24,320,1.2446000000,107
2026-05-28,id,RM06B,unknown,"1.3.5",294,ALL,185,560,2.5449500000,175
2026-05-28,id,RM06B,unknown,"1.3.5",294,bkcp,22,23,0.0903500000,11
2026-05-28,id,RM06B,unknown,"1.3.5",294,cl_open,156,192,1.4576000000,50
2026-05-28,id,RM06B,unknown,"1.3.5",294,ho_open,46,119,0.4276000000,50
2026-05-28,id,RM06B,unknown,"1.3.5",294,ngdcp,23,23,0.1079500000,8
2026-05-28,id,RM06B,unknown,"1.3.5",294,searcp,21,28,0.0983000000,4
2026-05-28,id,RM06B,unknown,"1.3.5",294,splcp,35,57,0.1394000000,20
2026-05-28,id,RM06B,unknown,"1.3.5",294,xzcp,20,95,0.1563000000,28
2026-05-28,id,RM08,Google Ads ACI,"1.2.4",61,ALL,51,898,4.1317656303,331
2026-05-28,id,RM08,Google Ads ACI,"1.2.4",61,ccopen,31,45,0.5210216508,30
2026-05-28,id,RM08,Google Ads ACI,"1.2.4",61,hhopen,37,123,0.6926472699,46
2026-05-28,id,RM08,Google Ads ACI,"1.2.4",61,insback,32,53,0.1814207168,22
2026-05-28,id,RM08,Google Ads ACI,"1.2.4",61,inscon,29,96,0.2426457413,35
2026-05-28,id,RM08,Google Ads ACI,"1.2.4",61,insdown,43,409,1.2678727913,133
2026-05-28,id,RM08,Google Ads ACI,"1.2.4",61,inshg,18,19,0.1275928096,10
2026-05-28,id,RM08,Google Ads ACI,"1.2.4",61,insnewgd,33,39,0.4546917496,11
2026-05-28,id,RM08,Google Ads ACI,"1.2.4",61,inssec,41,66,0.3585157807,27
2026-05-28,id,RM08,Google Ads ACI,"1.2.4",61,inssp,15,16,0.0879429448,5
2026-05-28,id,RM08,facebook,"1.2.4",112,ALL,88,578,7.5454054599,356
2026-05-28,id,RM08,facebook,"1.2.4",112,ccopen,49,60,1.4967597245,53
2026-05-28,id,RM08,facebook,"1.2.4",112,hhopen,58,153,1.7875202816,79
2026-05-28,id,RM08,facebook,"1.2.4",112,insabb,20,24,0.3654071970,17
2026-05-28,id,RM08,facebook,"1.2.4",112,insback,27,32,0.2150751081,19
2026-05-28,id,RM08,facebook,"1.2.4",112,inscon,24,53,0.5917085121,27
2026-05-28,id,RM08,facebook,"1.2.4",112,insdown,31,154,1.3841820247,74
2026-05-28,id,RM08,facebook,"1.2.4",112,insnewgd,31,31,0.9306878164,33
2026-05-28,id,RM08,facebook,"1.2.4",112,insplayn,10,24,0.3123807123,20
2026-05-28,id,RM08,facebook,"1.2.4",112,inssec,17,22,0.2881173926,14
2026-05-28,id,RM08,facebook,"1.2.4",112,inssp,10,14,0.0748116406,8
2026-05-28,ke,RM06B,facebook,"1.3.4",178,ALL,139,1337,10.3835500000,608
2026-05-28,ke,RM06B,facebook,"1.3.4",178,albcp,37,41,0.3220500000,22
2026-05-28,ke,RM06B,facebook,"1.3.4",178,bkcp,43,55,0.2106500000,19
2026-05-28,ke,RM06B,facebook,"1.3.4",178,cl_open,69,76,2.7769000000,70
2026-05-28,ke,RM06B,facebook,"1.3.4",178,cscp,13,18,0.1427500000,6
2026-05-28,ke,RM06B,facebook,"1.3.4",178,ho_open,104,321,2.3150500000,131
2026-05-28,ke,RM06B,facebook,"1.3.4",178,ngdcp,61,61,1.2506000000,48
2026-05-28,ke,RM06B,facebook,"1.3.4",178,searcp,44,76,0.3953000000,40
2026-05-28,ke,RM06B,facebook,"1.3.4",178,skpcp,15,76,0.2553000000,31
2026-05-28,ke,RM06B,facebook,"1.3.4",178,splcp,74,172,1.0812000000,51
2026-05-28,ke,RM06B,facebook,"1.3.4",178,xzcp,62,420,1.5520000000,184
2026-05-28,ke,RM06B,facebook,"1.3.5",145,ALL,111,790,9.3568500000,445
2026-05-28,ke,RM06B,facebook,"1.3.5",145,albcp,30,35,0.6564500000,21
2026-05-28,ke,RM06B,facebook,"1.3.5",145,bkcp,24,28,0.1536000000,4
2026-05-28,ke,RM06B,facebook,"1.3.5",145,cl_open,56,64,2.7957000000,69
2026-05-28,ke,RM06B,facebook,"1.3.5",145,cscp,10,11,0.0656500000,7
2026-05-28,ke,RM06B,facebook,"1.3.5",145,ho_open,73,199,2.1348000000,113
2026-05-28,ke,RM06B,facebook,"1.3.5",145,ngdcp,35,35,0.7061000000,27
2026-05-28,ke,RM06B,facebook,"1.3.5",145,offlcp,11,11,0.0222000000,3
2026-05-28,ke,RM06B,facebook,"1.3.5",145,searcp,26,41,0.1928000000,25
2026-05-28,ke,RM06B,facebook,"1.3.5",145,splcp,58,110,1.1030000000,58
2026-05-28,ke,RM06B,facebook,"1.3.5",145,xzcp,56,234,1.3006000000,109
2026-05-28,mx,RM06B,facebook,"1.3.3",63,ALL,37,243,4.9206000000,118
2026-05-28,mx,RM06B,facebook,"1.3.3",63,albcp,10,11,0.1064500000,3
2026-05-28,mx,RM06B,facebook,"1.3.3",63,cl_open,21,23,1.2013500000,23
2026-05-28,mx,RM06B,facebook,"1.3.3",63,ho_open,19,94,1.6696500000,41
2026-05-28,mx,RM06B,facebook,"1.3.3",63,ngdcp,15,15,0.4193500000,4
2026-05-28,mx,RM06B,facebook,"1.3.3",63,splcp,18,26,0.5984000000,3
2026-05-28,mx,RM06B,facebook,"1.3.3",63,xzcp,11,41,0.3914000000,18
2026-05-28,mx,RM06B,Google Ads ACI,"1.3.4",494,ALL,290,3361,33.3785000000,1326
2026-05-28,mx,RM06B,Google Ads ACI,"1.3.4",494,albcp,41,63,0.4654500000,19
2026-05-28,mx,RM06B,Google Ads ACI,"1.3.4",494,bkcp,115,166,1.0117000000,48
2026-05-28,mx,RM06B,Google Ads ACI,"1.3.4",494,cl_open,195,251,7.5522500000,130
2026-05-28,mx,RM06B,Google Ads ACI,"1.3.4",494,cscp,36,51,0.2512500000,18
2026-05-28,mx,RM06B,Google Ads ACI,"1.3.4",494,ho_open,192,797,9.2287000000,323
2026-05-28,mx,RM06B,Google Ads ACI,"1.3.4",494,ngdcp,155,170,2.6844000000,78
2026-05-28,mx,RM06B,Google Ads ACI,"1.3.4",494,offlcp,44,47,0.2569500000,23
2026-05-28,mx,RM06B,Google Ads ACI,"1.3.4",494,searcp,160,279,2.3556500000,105
2026-05-28,mx,RM06B,Google Ads ACI,"1.3.4",494,skpcp,49,106,0.8483500000,45
2026-05-28,mx,RM06B,Google Ads ACI,"1.3.4",494,splcp,192,433,3.4778000000,198
2026-05-28,mx,RM06B,Google Ads ACI,"1.3.4",494,xzcp,143,971,5.1037500000,331
2026-05-28,mx,RM06B,facebook,"1.3.4",3448,ALL,2859,20410,457.2612500000,8858
2026-05-28,mx,RM06B,facebook,"1.3.4",3448,albcp,439,515,11.5345500000,204
2026-05-28,mx,RM06B,facebook,"1.3.4",3448,bkcp,640,775,9.6887000000,224
2026-05-28,mx,RM06B,facebook,"1.3.4",3448,cl_open,1977,2347,131.9873500000,1797
2026-05-28,mx,RM06B,facebook,"1.3.4",3448,cscp,165,230,2.0172000000,85
2026-05-28,mx,RM06B,facebook,"1.3.4",3448,ho_open,1856,5673,138.4208500000,2434
2026-05-28,mx,RM06B,facebook,"1.3.4",3448,jclcp,20,22,0.1259000000,6
2026-05-28,mx,RM06B,facebook,"1.3.4",3448,lkcp,30,33,0.4831000000,12
2026-05-28,mx,RM06B,facebook,"1.3.4",3448,ngdcp,1305,1330,44.0290500000,742
2026-05-28,mx,RM06B,facebook,"1.3.4",3448,offlcp,192,224,2.4136000000,65
2026-05-28,mx,RM06B,facebook,"1.3.4",3448,rkgcp,40,40,1.0325000000,16
2026-05-28,mx,RM06B,facebook,"1.3.4",3448,searcp,807,1095,18.1353000000,501
2026-05-28,mx,RM06B,facebook,"1.3.4",3448,secp,72,72,1.9319500000,28
2026-05-28,mx,RM06B,facebook,"1.3.4",3448,skpcp,377,1112,11.0477500000,383
2026-05-28,mx,RM06B,facebook,"1.3.4",3448,splcp,1472,2529,47.1228500000,856
2026-05-28,mx,RM06B,facebook,"1.3.4",3448,stccp,51,56,1.0905500000,21
2026-05-28,mx,RM06B,facebook,"1.3.4",3448,xzcp,846,4357,36.2000500000,1484
2026-05-28,mx,RM06B,unknown,"1.3.4",527,ALL,448,817,27.0653500000,167
2026-05-28,mx,RM06B,unknown,"1.3.4",527,bkcp,18,19,0.1391500000,7
2026-05-28,mx,RM06B,unknown,"1.3.4",527,cl_open,412,428,23.3686500000,27
2026-05-28,mx,RM06B,unknown,"1.3.4",527,ho_open,47,113,1.5978000000,49
2026-05-28,mx,RM06B,unknown,"1.3.4",527,ngdcp,29,29,0.4142500000,8
2026-05-28,mx,RM06B,unknown,"1.3.4",527,searcp,20,31,0.2053500000,5
2026-05-28,mx,RM06B,unknown,"1.3.4",527,splcp,20,46,0.4958000000,27
2026-05-28,mx,RM06B,unknown,"1.3.4",527,xzcp,18,122,0.4573000000,28
2026-05-28,mx,RM06B,Google Ads ACI,"1.3.5",473,ALL,283,3598,33.5920500000,1330
2026-05-28,mx,RM06B,Google Ads ACI,"1.3.5",473,albcp,35,72,0.6488500000,41
2026-05-28,mx,RM06B,Google Ads ACI,"1.3.5",473,bkcp,112,174,1.0464500000,69
2026-05-28,mx,RM06B,Google Ads ACI,"1.3.5",473,cl_open,189,239,7.0774500000,127
2026-05-28,mx,RM06B,Google Ads ACI,"1.3.5",473,cscp,28,51,0.2278000000,21
2026-05-28,mx,RM06B,Google Ads ACI,"1.3.5",473,ho_open,173,731,7.6145000000,293
2026-05-28,mx,RM06B,Google Ads ACI,"1.3.5",473,ngdcp,161,165,3.2236000000,66
2026-05-28,mx,RM06B,Google Ads ACI,"1.3.5",473,offlcp,45,48,0.2743000000,17
2026-05-28,mx,RM06B,Google Ads ACI,"1.3.5",473,searcp,161,250,2.5861500000,70
2026-05-28,mx,RM06B,Google Ads ACI,"1.3.5",473,skpcp,50,198,1.0293500000,63
2026-05-28,mx,RM06B,Google Ads ACI,"1.3.5",473,splcp,176,425,3.2407000000,141
2026-05-28,mx,RM06B,Google Ads ACI,"1.3.5",473,xzcp,142,1213,6.2955500000,410
2026-05-28,mx,RM06B,facebook,"1.3.5",3071,ALL,2555,18541,410.9075500000,8338
2026-05-28,mx,RM06B,facebook,"1.3.5",3071,albcp,374,418,9.9322500000,225
2026-05-28,mx,RM06B,facebook,"1.3.5",3071,bkcp,558,667,9.0900500000,258
2026-05-28,mx,RM06B,facebook,"1.3.5",3071,cl_open,1682,2003,116.2584500000,1548
2026-05-28,mx,RM06B,facebook,"1.3.5",3071,cscp,164,219,2.0298500000,69
2026-05-28,mx,RM06B,facebook,"1.3.5",3071,ho_open,1675,4966,121.3321000000,2132
2026-05-28,mx,RM06B,facebook,"1.3.5",3071,jclcp,16,16,0.1141500000,2
2026-05-28,mx,RM06B,facebook,"1.3.5",3071,lkcp,34,36,0.3654000000,15
2026-05-28,mx,RM06B,facebook,"1.3.5",3071,ngdcp,1180,1202,41.9046000000,733
2026-05-28,mx,RM06B,facebook,"1.3.5",3071,offlcp,191,213,1.4315000000,63
2026-05-28,mx,RM06B,facebook,"1.3.5",3071,rkgcp,46,46,1.1557500000,27
2026-05-28,mx,RM06B,facebook,"1.3.5",3071,searcp,699,967,15.1292000000,431
2026-05-28,mx,RM06B,facebook,"1.3.5",3071,secp,48,48,1.1427000000,28
2026-05-28,mx,RM06B,facebook,"1.3.5",3071,skpcp,359,1173,11.4494000000,440
2026-05-28,mx,RM06B,facebook,"1.3.5",3071,splcp,1356,2252,44.4983000000,845
2026-05-28,mx,RM06B,facebook,"1.3.5",3071,stccp,43,45,1.1281000000,26
2026-05-28,mx,RM06B,facebook,"1.3.5",3071,xzcp,768,4270,33.9457500000,1496
2026-05-28,mx,RM06B,unknown,"1.3.5",362,ALL,331,553,20.4088500000,101
2026-05-28,mx,RM06B,unknown,"1.3.5",362,cl_open,309,319,17.6876500000,35
2026-05-28,mx,RM06B,unknown,"1.3.5",362,ho_open,24,57,1.3492500000,14
2026-05-28,mx,RM06B,unknown,"1.3.5",362,ngdcp,20,21,0.4533500000,7
2026-05-28,mx,RM06B,unknown,"1.3.5",362,searcp,11,16,0.1022000000,0
2026-05-28,mx,RM06B,unknown,"1.3.5",362,splcp,15,32,0.2166500000,13
2026-05-28,mx,RM06B,unknown,"1.3.5",362,xzcp,12,69,0.4050000000,20
2026-05-28,mx,RM08,Google Ads ACI,"1.2.4",102,ALL,86,1034,6.5612549397,274
2026-05-28,mx,RM08,Google Ads ACI,"1.2.4",102,ccopen,52,66,1.1869476837,21
2026-05-28,mx,RM08,Google Ads ACI,"1.2.4",102,hhopen,54,158,1.2533443193,56
2026-05-28,mx,RM08,Google Ads ACI,"1.2.4",102,insback,31,42,0.1881219009,12
2026-05-28,mx,RM08,Google Ads ACI,"1.2.4",102,inscon,37,107,0.3650559219,27
2026-05-28,mx,RM08,Google Ads ACI,"1.2.4",102,insdown,49,342,1.3131892891,74
2026-05-28,mx,RM08,Google Ads ACI,"1.2.4",102,inshg,14,14,0.0574268788,3
2026-05-28,mx,RM08,Google Ads ACI,"1.2.4",102,insnewgd,47,48,0.9416777875,15
2026-05-28,mx,RM08,Google Ads ACI,"1.2.4",102,insplayn,15,117,0.3745327048,31
2026-05-28,mx,RM08,Google Ads ACI,"1.2.4",102,inssec,56,89,0.6476909918,23
2026-05-28,mx,RM08,Google Ads ACI,"1.2.4",102,inssp,15,28,0.0904792258,5
2026-05-28,mx,RM08,facebook,"1.2.4",1306,ALL,1059,5743,194.6605768580,2926
2026-05-28,mx,RM08,facebook,"1.2.4",1306,ccopen,758,932,58.3342678331,755
2026-05-28,mx,RM08,facebook,"1.2.4",1306,hhopen,639,1459,54.6169171004,664
2026-05-28,mx,RM08,facebook,"1.2.4",1306,insabb,216,239,10.3334176388,114
2026-05-28,mx,RM08,facebook,"1.2.4",1306,insatt,29,29,1.1718055340,13
2026-05-28,mx,RM08,facebook,"1.2.4",1306,insback,212,230,5.4762196333,108
2026-05-28,mx,RM08,facebook,"1.2.4",1306,inscon,182,404,5.9616209139,146
2026-05-28,mx,RM08,facebook,"1.2.4",1306,insdown,256,1208,17.6082400200,486
2026-05-28,mx,RM08,facebook,"1.2.4",1306,inshg,20,25,0.4492683422,12
2026-05-28,mx,RM08,facebook,"1.2.4",1306,insnewgd,408,412,21.0480986379,255
2026-05-28,mx,RM08,facebook,"1.2.4",1306,inspa,11,11,0.3422983325,5
2026-05-28,mx,RM08,facebook,"1.2.4",1306,insplayn,208,526,11.6224441397,236
2026-05-28,mx,RM08,facebook,"1.2.4",1306,insrrr,13,13,0.5872485864,8
2026-05-28,mx,RM08,facebook,"1.2.4",1306,inssec,170,194,5.5606026559,103
2026-05-28,mx,RM08,facebook,"1.2.4",1306,inssp,47,52,1.3100441718,18
2026-05-28,mx,RM08,unknown,"1.2.4",271,ALL,234,444,13.6742732385,61
2026-05-28,mx,RM08,unknown,"1.2.4",271,ccopen,214,227,11.9508105275,21
2026-05-28,mx,RM08,unknown,"1.2.4",271,hhopen,39,93,1.2190942972,16
2026-05-28,my,RM06B,facebook,"1.3.4",54,ALL,44,231,5.9467500000,165
2026-05-28,my,RM06B,facebook,"1.3.4",54,albcp,10,10,0.2664000000,4
2026-05-28,my,RM06B,facebook,"1.3.4",54,bkcp,12,13,0.1957000000,2
2026-05-28,my,RM06B,facebook,"1.3.4",54,cl_open,33,38,1.3576000000,37
2026-05-28,my,RM06B,facebook,"1.3.4",54,ho_open,35,79,2.1035500000,59
2026-05-28,my,RM06B,facebook,"1.3.4",54,ngdcp,23,24,0.8158000000,17
2026-05-28,my,RM06B,facebook,"1.3.4",54,searcp,17,18,0.3576000000,15
2026-05-28,my,RM06B,facebook,"1.3.4",54,splcp,21,24,0.2920000000,17
2026-05-28,my,RM06B,facebook,"1.3.4",54,xzcp,10,11,0.0832000000,9
2026-05-28,my,RM06B,facebook,"1.3.5",71,ALL,57,409,8.9199500000,205
2026-05-28,my,RM06B,facebook,"1.3.5",71,albcp,12,15,0.1671500000,5
2026-05-28,my,RM06B,facebook,"1.3.5",71,bkcp,21,26,0.3190500000,5
2026-05-28,my,RM06B,facebook,"1.3.5",71,cl_open,36,44,2.2190000000,40
2026-05-28,my,RM06B,facebook,"1.3.5",71,ho_open,38,152,3.0197000000,75
2026-05-28,my,RM06B,facebook,"1.3.5",71,ngdcp,26,27,1.0287500000,16
2026-05-28,my,RM06B,facebook,"1.3.5",71,searcp,23,29,0.6285500000,17
2026-05-28,my,RM06B,facebook,"1.3.5",71,splcp,31,52,0.8819000000,31
2026-05-28,my,RM06B,facebook,"1.3.5",71,xzcp,12,34,0.2490000000,9
2026-05-28,my,RM08,facebook,"1.2.4",174,ALL,150,702,20.9274232224,385
2026-05-28,my,RM08,facebook,"1.2.4",174,ccopen,98,112,6.0994032025,103
2026-05-28,my,RM08,facebook,"1.2.4",174,hhopen,98,201,6.6049236540,104
2026-05-28,my,RM08,facebook,"1.2.4",174,insabb,26,26,0.9290251833,12
2026-05-28,my,RM08,facebook,"1.2.4",174,insback,30,30,0.6327090495,4
2026-05-28,my,RM08,facebook,"1.2.4",174,inscon,23,50,0.4824814559,19
2026-05-28,my,RM08,facebook,"1.2.4",174,insdown,41,97,1.2750244468,44
2026-05-28,my,RM08,facebook,"1.2.4",174,insnewgd,77,79,2.9518302488,57
2026-05-28,my,RM08,facebook,"1.2.4",174,insplayn,26,36,0.6791974676,16
2026-05-28,my,RM08,facebook,"1.2.4",174,inssec,33,36,0.7221354454,15
2026-05-28,my,RM08,facebook,"1.2.4",174,inssp,13,17,0.2357386137,7
2026-05-28,ng,RM06B,facebook,"1.3.4",259,ALL,201,1319,17.3927500000,725
2026-05-28,ng,RM06B,facebook,"1.3.4",259,albcp,59,63,0.9722000000,37
2026-05-28,ng,RM06B,facebook,"1.3.4",259,bkcp,43,49,0.7289000000,29
2026-05-28,ng,RM06B,facebook,"1.3.4",259,cl_open,92,108,2.4112000000,85
2026-05-28,ng,RM06B,facebook,"1.3.4",259,cscp,12,15,0.1099500000,11
2026-05-28,ng,RM06B,facebook,"1.3.4",259,ho_open,125,388,5.4454000000,184
2026-05-28,ng,RM06B,facebook,"1.3.4",259,ngdcp,70,71,1.3483000000,48
2026-05-28,ng,RM06B,facebook,"1.3.4",259,searcp,22,33,0.4313500000,23
2026-05-28,ng,RM06B,facebook,"1.3.4",259,skpcp,42,114,1.3569000000,67
2026-05-28,ng,RM06B,facebook,"1.3.4",259,splcp,107,162,2.0807000000,68
2026-05-28,ng,RM06B,facebook,"1.3.4",259,xzcp,67,303,2.2603000000,160
2026-05-28,ng,RM06B,facebook,"1.3.5",205,ALL,159,1103,10.3526500000,510
2026-05-28,ng,RM06B,facebook,"1.3.5",205,albcp,36,54,0.3746000000,30
2026-05-28,ng,RM06B,facebook,"1.3.5",205,bkcp,36,40,0.2236500000,16
2026-05-28,ng,RM06B,facebook,"1.3.5",205,cl_open,63,82,2.1282000000,79
2026-05-28,ng,RM06B,facebook,"1.3.5",205,cscp,13,21,0.1476000000,6
2026-05-28,ng,RM06B,facebook,"1.3.5",205,ho_open,104,255,3.0013000000,113
2026-05-28,ng,RM06B,facebook,"1.3.5",205,ngdcp,56,60,1.0545000000,46
2026-05-28,ng,RM06B,facebook,"1.3.5",205,searcp,21,24,0.1399000000,9
2026-05-28,ng,RM06B,facebook,"1.3.5",205,skpcp,28,97,0.5801000000,30
2026-05-28,ng,RM06B,facebook,"1.3.5",205,splcp,78,144,1.3785000000,63
2026-05-28,ng,RM06B,facebook,"1.3.5",205,xzcp,44,313,1.2516000000,116
2026-05-28,ng,RM08,facebook,"1.2.4",97,ALL,70,359,5.3443250879,139
2026-05-28,ng,RM08,facebook,"1.2.4",97,ccopen,44,49,1.2328767415,29
2026-05-28,ng,RM08,facebook,"1.2.4",97,hhopen,38,89,1.1166910324,23
2026-05-28,ng,RM08,facebook,"1.2.4",97,insabb,11,14,0.1376290526,6
2026-05-28,ng,RM08,facebook,"1.2.4",97,inscon,20,44,0.5681921103,16
2026-05-28,ng,RM08,facebook,"1.2.4",97,insdown,28,75,1.1041950513,23
2026-05-28,ng,RM08,facebook,"1.2.4",97,insnewgd,25,27,0.4633339093,15
2026-05-28,ng,RM08,facebook,"1.2.4",97,insplayn,14,24,0.3232133925,10
2026-05-28,ni,RM06B,facebook,"1.3.4",147,ALL,124,714,4.8281000000,315
2026-05-28,ni,RM06B,facebook,"1.3.4",147,albcp,13,13,0.0770000000,3
2026-05-28,ni,RM06B,facebook,"1.3.4",147,bkcp,24,27,0.0257500000,8
2026-05-28,ni,RM06B,facebook,"1.3.4",147,cl_open,77,90,1.9818000000,87
2026-05-28,ni,RM06B,facebook,"1.3.4",147,ho_open,74,207,1.1959000000,72
2026-05-28,ni,RM06B,facebook,"1.3.4",147,ngdcp,58,62,0.4520500000,30
2026-05-28,ni,RM06B,facebook,"1.3.4",147,searcp,37,42,0.2882000000,26
2026-05-28,ni,RM06B,facebook,"1.3.4",147,skpcp,18,31,0.0568500000,14
2026-05-28,ni,RM06B,facebook,"1.3.4",147,splcp,61,94,0.4678000000,35
2026-05-28,ni,RM06B,facebook,"1.3.4",147,xzcp,39,129,0.2691500000,37
2026-05-28,ni,RM06B,facebook,"1.3.5",122,ALL,98,612,3.8530000000,309
2026-05-28,ni,RM06B,facebook,"1.3.5",122,albcp,13,13,0.0635500000,7
2026-05-28,ni,RM06B,facebook,"1.3.5",122,bkcp,20,22,0.1368000000,9
2026-05-28,ni,RM06B,facebook,"1.3.5",122,cl_open,67,75,1.3041500000,65
2026-05-28,ni,RM06B,facebook,"1.3.5",122,ho_open,60,165,1.0994000000,99
2026-05-28,ni,RM06B,facebook,"1.3.5",122,ngdcp,45,46,0.5041500000,31
2026-05-28,ni,RM06B,facebook,"1.3.5",122,searcp,20,34,0.0871500000,11
2026-05-28,ni,RM06B,facebook,"1.3.5",122,skpcp,14,47,0.0959500000,18
2026-05-28,ni,RM06B,facebook,"1.3.5",122,splcp,46,98,0.2824500000,31
2026-05-28,ni,RM06B,facebook,"1.3.5",122,xzcp,26,86,0.2487000000,30
2026-05-28,pe,RM06B,Google Ads ACI,"1.3.4",105,ALL,63,529,10.4590500000,246
2026-05-28,pe,RM06B,Google Ads ACI,"1.3.4",105,bkcp,23,26,0.0983000000,5
2026-05-28,pe,RM06B,Google Ads ACI,"1.3.4",105,cl_open,45,55,4.9401500000,50
2026-05-28,pe,RM06B,Google Ads ACI,"1.3.4",105,ho_open,40,117,2.2599000000,46
2026-05-28,pe,RM06B,Google Ads ACI,"1.3.4",105,ngdcp,24,24,0.7585000000,13
2026-05-28,pe,RM06B,Google Ads ACI,"1.3.4",105,searcp,28,42,0.9140500000,16
2026-05-28,pe,RM06B,Google Ads ACI,"1.3.4",105,splcp,30,81,0.9269000000,35
2026-05-28,pe,RM06B,Google Ads ACI,"1.3.4",105,xzcp,19,159,0.4204000000,71
2026-05-28,pe,RM06B,TIKTOK,"1.3.4",260,ALL,235,1580,41.5038000000,668
2026-05-28,pe,RM06B,TIKTOK,"1.3.4",260,albcp,20,22,0.4596500000,16
2026-05-28,pe,RM06B,TIKTOK,"1.3.4",260,bkcp,56,60,0.4811500000,15
2026-05-28,pe,RM06B,TIKTOK,"1.3.4",260,cl_open,179,209,21.9516500000,182
2026-05-28,pe,RM06B,TIKTOK,"1.3.4",260,cscp,19,22,0.2280000000,8
2026-05-28,pe,RM06B,TIKTOK,"1.3.4",260,ho_open,139,442,6.9656500000,162
2026-05-28,pe,RM06B,TIKTOK,"1.3.4",260,ngdcp,128,132,3.3988500000,68
2026-05-28,pe,RM06B,TIKTOK,"1.3.4",260,searcp,87,123,1.9812000000,52
2026-05-28,pe,RM06B,TIKTOK,"1.3.4",260,skpcp,36,105,0.4834000000,29
2026-05-28,pe,RM06B,TIKTOK,"1.3.4",260,splcp,141,241,4.4596500000,76
2026-05-28,pe,RM06B,TIKTOK,"1.3.4",260,xzcp,55,193,0.8805500000,47
2026-05-28,pe,RM06B,facebook,"1.3.4",922,ALL,783,4913,165.3199000000,2309
2026-05-28,pe,RM06B,facebook,"1.3.4",922,albcp,102,104,2.7109000000,39
2026-05-28,pe,RM06B,facebook,"1.3.4",922,bkcp,173,197,2.5747500000,54
2026-05-28,pe,RM06B,facebook,"1.3.4",922,cl_open,560,670,66.0293000000,592
2026-05-28,pe,RM06B,facebook,"1.3.4",922,cscp,36,43,0.6480000000,21
2026-05-28,pe,RM06B,facebook,"1.3.4",922,ho_open,502,1468,36.8107500000,624
2026-05-28,pe,RM06B,facebook,"1.3.4",922,ngdcp,401,409,19.4091500000,293
2026-05-28,pe,RM06B,facebook,"1.3.4",922,offlcp,40,43,0.5235500000,13
2026-05-28,pe,RM06B,facebook,"1.3.4",922,rkgcp,11,11,0.2522500000,1
2026-05-28,pe,RM06B,facebook,"1.3.4",922,searcp,241,308,6.4841500000,112
2026-05-28,pe,RM06B,facebook,"1.3.4",922,secp,27,27,0.6856500000,12
2026-05-28,pe,RM06B,facebook,"1.3.4",922,skpcp,95,251,2.1779500000,64
2026-05-28,pe,RM06B,facebook,"1.3.4",922,splcp,439,706,18.4211500000,249
2026-05-28,pe,RM06B,facebook,"1.3.4",922,stccp,20,21,0.3969500000,14
2026-05-28,pe,RM06B,facebook,"1.3.4",922,xzcp,202,637,7.9364000000,220
2026-05-28,pe,RM06B,unknown,"1.3.4",152,ALL,141,194,15.7159500000,25
2026-05-28,pe,RM06B,unknown,"1.3.4",152,cl_open,134,134,14.7060000000,9
2026-05-28,pe,RM06B,unknown,"1.3.4",152,ho_open,10,25,0.7741500000,7
2026-05-28,pe,RM06B,Google Ads ACI,"1.3.5",111,ALL,58,631,8.7103000000,244
2026-05-28,pe,RM06B,Google Ads ACI,"1.3.5",111,bkcp,26,41,0.4775500000,9
2026-05-28,pe,RM06B,Google Ads ACI,"1.3.5",111,cl_open,36,45,2.6134500000,36
2026-05-28,pe,RM06B,Google Ads ACI,"1.3.5",111,ho_open,39,198,2.4278000000,89
2026-05-28,pe,RM06B,Google Ads ACI,"1.3.5",111,ngdcp,25,27,0.5901500000,15
2026-05-28,pe,RM06B,Google Ads ACI,"1.3.5",111,searcp,29,53,0.6457500000,19
2026-05-28,pe,RM06B,Google Ads ACI,"1.3.5",111,splcp,30,89,1.2172000000,27
2026-05-28,pe,RM06B,Google Ads ACI,"1.3.5",111,xzcp,25,136,0.3544000000,30
2026-05-28,pe,RM06B,TIKTOK,"1.3.5",192,ALL,177,1117,36.6662000000,520
2026-05-28,pe,RM06B,TIKTOK,"1.3.5",192,albcp,25,30,0.3190000000,13
2026-05-28,pe,RM06B,TIKTOK,"1.3.5",192,bkcp,32,38,0.3615500000,10
2026-05-28,pe,RM06B,TIKTOK,"1.3.5",192,cl_open,138,167,17.3493500000,157
2026-05-28,pe,RM06B,TIKTOK,"1.3.5",192,ho_open,96,297,6.4294000000,115
2026-05-28,pe,RM06B,TIKTOK,"1.3.5",192,ngdcp,107,109,3.8883500000,71
2026-05-28,pe,RM06B,TIKTOK,"1.3.5",192,searcp,51,66,1.7409000000,23
2026-05-28,pe,RM06B,TIKTOK,"1.3.5",192,skpcp,23,73,0.3512500000,26
2026-05-28,pe,RM06B,TIKTOK,"1.3.5",192,splcp,110,155,4.5210000000,40
2026-05-28,pe,RM06B,TIKTOK,"1.3.5",192,xzcp,40,149,0.9615500000,57
2026-05-28,pe,RM06B,facebook,"1.3.5",849,ALL,735,4628,142.7227000000,2161
2026-05-28,pe,RM06B,facebook,"1.3.5",849,albcp,93,104,2.4203000000,43
2026-05-28,pe,RM06B,facebook,"1.3.5",849,bkcp,138,165,1.9211000000,62
2026-05-28,pe,RM06B,facebook,"1.3.5",849,cl_open,487,598,58.0808000000,521
2026-05-28,pe,RM06B,facebook,"1.3.5",849,cscp,51,68,0.6335500000,22
2026-05-28,pe,RM06B,facebook,"1.3.5",849,ho_open,429,1260,30.1168000000,576
2026-05-28,pe,RM06B,facebook,"1.3.5",849,ngdcp,407,419,18.0217500000,254
2026-05-28,pe,RM06B,facebook,"1.3.5",849,offlcp,30,38,0.2922000000,12
2026-05-28,pe,RM06B,facebook,"1.3.5",849,searcp,226,315,5.9683000000,109
2026-05-28,pe,RM06B,facebook,"1.3.5",849,secp,23,26,0.7319000000,24
2026-05-28,pe,RM06B,facebook,"1.3.5",849,skpcp,94,219,2.3710500000,90
2026-05-28,pe,RM06B,facebook,"1.3.5",849,splcp,398,662,16.2954500000,221
2026-05-28,pe,RM06B,facebook,"1.3.5",849,stccp,13,13,0.1359000000,4
2026-05-28,pe,RM06B,facebook,"1.3.5",849,xzcp,183,725,5.5649000000,219
2026-05-28,pe,RM06B,unknown,"1.3.5",114,ALL,105,119,11.9870500000,2
2026-05-28,pe,RM06B,unknown,"1.3.5",114,cl_open,100,104,11.7135000000,2
2026-05-28,pe,RM08,facebook,"1.2.4",343,ALL,299,1499,54.1557266279,816
2026-05-28,pe,RM08,facebook,"1.2.4",343,ccopen,202,240,16.8055612691,223
2026-05-28,pe,RM08,facebook,"1.2.4",343,hhopen,173,482,17.8794262205,199
2026-05-28,pe,RM08,facebook,"1.2.4",343,insabb,30,30,0.7082506249,17
2026-05-28,pe,RM08,facebook,"1.2.4",343,insback,41,42,0.6756664731,11
2026-05-28,pe,RM08,facebook,"1.2.4",343,inscon,53,90,1.0378074496,19
2026-05-28,pe,RM08,facebook,"1.2.4",343,insdown,76,250,4.5135781491,129
2026-05-28,pe,RM08,facebook,"1.2.4",343,insnewgd,142,143,7.7304526477,101
2026-05-28,pe,RM08,facebook,"1.2.4",343,insplayn,68,116,2.6635363521,79
2026-05-28,pe,RM08,facebook,"1.2.4",343,inssec,55,62,1.6362725756,26
2026-05-28,pe,RM08,facebook,"1.2.4",343,inssp,14,14,0.1872060700,3
2026-05-28,pe,RM08,unknown,"1.2.4",62,ALL,55,81,3.1366118164,13
2026-05-28,pe,RM08,unknown,"1.2.4",62,ccopen,48,50,2.8948018587,4
2026-05-28,pe,RM08,unknown,"1.2.4",62,hhopen,12,21,0.2025686402,7
2026-05-28,ph,RM06B,Google Ads ACI,"1.3.4",118,ALL,102,1062,6.7406000000,494
2026-05-28,ph,RM06B,Google Ads ACI,"1.3.4",118,bkcp,40,66,0.1425500000,21
2026-05-28,ph,RM06B,Google Ads ACI,"1.3.4",118,cl_open,68,83,1.7685500000,59
2026-05-28,ph,RM06B,Google Ads ACI,"1.3.4",118,cscp,10,20,0.0265000000,3
2026-05-28,ph,RM06B,Google Ads ACI,"1.3.4",118,ho_open,68,218,1.9272000000,108
2026-05-28,ph,RM06B,Google Ads ACI,"1.3.4",118,ngdcp,41,44,0.4272000000,27
2026-05-28,ph,RM06B,Google Ads ACI,"1.3.4",118,offlcp,12,15,0.0258500000,1
2026-05-28,ph,RM06B,Google Ads ACI,"1.3.4",118,searcp,41,71,0.3029000000,21
2026-05-28,ph,RM06B,Google Ads ACI,"1.3.4",118,splcp,56,111,0.8167500000,97
2026-05-28,ph,RM06B,Google Ads ACI,"1.3.4",118,xzcp,53,388,1.1088000000,146
2026-05-28,ph,RM06B,Google Ads ACI,"1.3.5",101,ALL,86,712,4.3075000000,307
2026-05-28,ph,RM06B,Google Ads ACI,"1.3.5",101,bkcp,24,31,0.0574000000,8
2026-05-28,ph,RM06B,Google Ads ACI,"1.3.5",101,cl_open,57,71,1.0842500000,57
2026-05-28,ph,RM06B,Google Ads ACI,"1.3.5",101,ho_open,49,123,1.0924000000,58
2026-05-28,ph,RM06B,Google Ads ACI,"1.3.5",101,ngdcp,36,36,0.2973500000,30
2026-05-28,ph,RM06B,Google Ads ACI,"1.3.5",101,offlcp,11,13,0.0863500000,1
2026-05-28,ph,RM06B,Google Ads ACI,"1.3.5",101,searcp,29,44,0.1308000000,18
2026-05-28,ph,RM06B,Google Ads ACI,"1.3.5",101,splcp,45,75,0.4957500000,24
2026-05-28,ph,RM06B,Google Ads ACI,"1.3.5",101,xzcp,36,288,0.9359000000,97
2026-05-28,ph,RM08,Google Ads ACI,"1.2.4",63,ALL,53,689,2.9939273290,193
2026-05-28,ph,RM08,Google Ads ACI,"1.2.4",63,ccopen,35,47,0.6314077822,15
2026-05-28,ph,RM08,Google Ads ACI,"1.2.4",63,hhopen,29,60,0.2634627776,26
2026-05-28,ph,RM08,Google Ads ACI,"1.2.4",63,insback,19,24,0.0854462218,6
2026-05-28,ph,RM08,Google Ads ACI,"1.2.4",63,inscon,23,49,0.1784506011,15
2026-05-28,ph,RM08,Google Ads ACI,"1.2.4",63,insdown,36,358,1.0805714197,98
2026-05-28,ph,RM08,Google Ads ACI,"1.2.4",63,inshg,11,12,0.0403195665,2
2026-05-28,ph,RM08,Google Ads ACI,"1.2.4",63,insnewgd,30,32,0.1956314155,10
2026-05-28,ph,RM08,Google Ads ACI,"1.2.4",63,inssec,31,73,0.3846314215,13
2026-05-28,ph,RM08,Google Ads ACI,"1.2.4",63,inssp,16,26,0.1168031221,4
2026-05-28,ph,RM08,facebook,"1.2.4",948,ALL,769,4882,70.2975946040,2292
2026-05-28,ph,RM08,facebook,"1.2.4",948,ccopen,462,583,16.6376770362,471
2026-05-28,ph,RM08,facebook,"1.2.4",948,hhopen,485,1148,21.7427368292,591
2026-05-28,ph,RM08,facebook,"1.2.4",948,insabb,106,119,1.8646388011,54
2026-05-28,ph,RM08,facebook,"1.2.4",948,insatt,12,12,0.2627379612,11
2026-05-28,ph,RM08,facebook,"1.2.4",948,insback,166,183,1.8416250205,52
2026-05-28,ph,RM08,facebook,"1.2.4",948,inscon,205,469,3.7876268366,172
2026-05-28,ph,RM08,facebook,"1.2.4",948,insdown,285,1476,9.1363040454,516
2026-05-28,ph,RM08,facebook,"1.2.4",948,inshg,43,49,0.4789800313,9
2026-05-28,ph,RM08,facebook,"1.2.4",948,insnewgd,332,341,8.6666406856,223
2026-05-28,ph,RM08,facebook,"1.2.4",948,inspa,13,14,0.1125906424,4
2026-05-28,ph,RM08,facebook,"1.2.4",948,insplayn,106,141,2.3655810751,48
2026-05-28,ph,RM08,facebook,"1.2.4",948,inssec,182,242,2.3994132814,104
2026-05-28,ph,RM08,facebook,"1.2.4",948,inssp,59,89,0.6567766840,24
2026-05-28,ph,RM08,unknown,"1.2.4",176,ALL,139,197,4.1912725522,21
2026-05-28,ph,RM08,unknown,"1.2.4",176,ccopen,118,127,3.7585794108,8
2026-05-28,ph,RM08,unknown,"1.2.4",176,hhopen,31,39,0.3443756801,8
2026-05-28,py,RM06B,facebook,"1.3.4",54,ALL,47,322,3.6060500000,140
2026-05-28,py,RM06B,facebook,"1.3.4",54,cl_open,31,33,0.9785500000,29
2026-05-28,py,RM06B,facebook,"1.3.4",54,ho_open,31,110,0.9216000000,34
2026-05-28,py,RM06B,facebook,"1.3.4",54,ngdcp,24,26,0.4436500000,32
2026-05-28,py,RM06B,facebook,"1.3.4",54,searcp,11,17,0.0758000000,3
2026-05-28,py,RM06B,facebook,"1.3.4",54,splcp,27,39,0.6860500000,5
2026-05-28,py,RM06B,facebook,"1.3.4",54,xzcp,14,38,0.1861500000,11
2026-05-28,py,RM06B,facebook,"1.3.5",54,ALL,48,481,5.7853500000,238
2026-05-28,py,RM06B,facebook,"1.3.5",54,albcp,11,16,0.0702000000,16
2026-05-28,py,RM06B,facebook,"1.3.5",54,bkcp,12,20,0.1303000000,10
2026-05-28,py,RM06B,facebook,"1.3.5",54,cl_open,36,44,1.6736000000,37
2026-05-28,py,RM06B,facebook,"1.3.5",54,ho_open,31,124,1.7179000000,67
2026-05-28,py,RM06B,facebook,"1.3.5",54,ngdcp,25,26,0.4263000000,13
2026-05-28,py,RM06B,facebook,"1.3.5",54,searcp,13,26,0.0950000000,13
2026-05-28,py,RM06B,facebook,"1.3.5",54,skpcp,11,48,0.5976000000,23
2026-05-28,py,RM06B,facebook,"1.3.5",54,splcp,28,62,0.3962500000,18
2026-05-28,py,RM06B,facebook,"1.3.5",54,xzcp,17,97,0.4363000000,37
2026-05-28,py,RM08,facebook,"1.2.4",50,ALL,37,283,2.7814865768,118
2026-05-28,py,RM08,facebook,"1.2.4",50,ccopen,25,31,0.9761108141,34
2026-05-28,py,RM08,facebook,"1.2.4",50,hhopen,26,76,0.9923280869,29
2026-05-28,py,RM08,facebook,"1.2.4",50,insnewgd,16,16,0.2044049415,9
2026-05-28,sv,RM06B,facebook,"1.3.4",196,ALL,166,1235,15.1733500000,567
2026-05-28,sv,RM06B,facebook,"1.3.4",196,albcp,30,31,0.5464500000,13
2026-05-28,sv,RM06B,facebook,"1.3.4",196,bkcp,38,52,0.4373500000,13
2026-05-28,sv,RM06B,facebook,"1.3.4",196,cl_open,119,135,4.9163500000,118
2026-05-28,sv,RM06B,facebook,"1.3.4",196,ho_open,105,302,3.9185500000,149
2026-05-28,sv,RM06B,facebook,"1.3.4",196,ngdcp,89,89,1.6053500000,76
2026-05-28,sv,RM06B,facebook,"1.3.4",196,searcp,40,58,0.5337000000,25
2026-05-28,sv,RM06B,facebook,"1.3.4",196,skpcp,31,103,0.4518500000,30
2026-05-28,sv,RM06B,facebook,"1.3.4",196,splcp,88,162,1.8468500000,59
2026-05-28,sv,RM06B,facebook,"1.3.4",196,xzcp,37,263,0.8201000000,73
2026-05-28,sv,RM06B,facebook,"1.3.5",157,ALL,138,878,14.2526000000,472
2026-05-28,sv,RM06B,facebook,"1.3.5",157,albcp,13,15,0.2265500000,7
2026-05-28,sv,RM06B,facebook,"1.3.5",157,bkcp,25,27,0.1097000000,7
2026-05-28,sv,RM06B,facebook,"1.3.5",157,cl_open,101,133,4.7739500000,113
2026-05-28,sv,RM06B,facebook,"1.3.5",157,ho_open,97,282,4.4102000000,146
2026-05-28,sv,RM06B,facebook,"1.3.5",157,ngdcp,75,80,1.5633000000,46
2026-05-28,sv,RM06B,facebook,"1.3.5",157,searcp,48,57,0.5998500000,39
2026-05-28,sv,RM06B,facebook,"1.3.5",157,skpcp,22,65,0.7115500000,36
2026-05-28,sv,RM06B,facebook,"1.3.5",157,splcp,73,109,1.2296000000,44
2026-05-28,sv,RM06B,facebook,"1.3.5",157,xzcp,36,89,0.5102000000,24
2026-05-28,us,RM06B,facebook,"1.3.4",798,ALL,690,3065,514.9693500000,1498
2026-05-28,us,RM06B,facebook,"1.3.4",798,albcp,121,137,21.2209500000,53
2026-05-28,us,RM06B,facebook,"1.3.4",798,bkcp,67,79,6.9726000000,26
2026-05-28,us,RM06B,facebook,"1.3.4",798,cl_open,536,603,153.9248500000,444
2026-05-28,us,RM06B,facebook,"1.3.4",798,cscp,29,35,4.6458500000,9
2026-05-28,us,RM06B,facebook,"1.3.4",798,ho_open,404,975,152.6973000000,430
2026-05-28,us,RM06B,facebook,"1.3.4",798,lkcp,10,10,1.2342000000,3
2026-05-28,us,RM06B,facebook,"1.3.4",798,ngdcp,347,353,67.7319000000,172
2026-05-28,us,RM06B,facebook,"1.3.4",798,searcp,118,146,19.9288500000,69
2026-05-28,us,RM06B,facebook,"1.3.4",798,secp,14,14,1.6811000000,5
2026-05-28,us,RM06B,facebook,"1.3.4",798,skpcp,27,81,6.2013000000,45
2026-05-28,us,RM06B,facebook,"1.3.4",798,splcp,272,343,49.0864000000,125
2026-05-28,us,RM06B,facebook,"1.3.4",798,stccp,20,21,3.4367500000,6
2026-05-28,us,RM06B,facebook,"1.3.4",798,xzcp,84,255,24.4672000000,106
2026-05-28,us,RM06B,unknown,"1.3.4",118,ALL,97,110,30.7451000000,12
2026-05-28,us,RM06B,unknown,"1.3.4",118,cl_open,95,99,27.2406500000,8
2026-05-28,us,RM06B,facebook,"1.3.5",697,ALL,604,2835,435.0770500000,1353
2026-05-28,us,RM06B,facebook,"1.3.5",697,albcp,88,107,16.0879500000,57
2026-05-28,us,RM06B,facebook,"1.3.5",697,bkcp,62,70,6.3499000000,20
2026-05-28,us,RM06B,facebook,"1.3.5",697,cl_open,466,545,136.6416500000,379
2026-05-28,us,RM06B,facebook,"1.3.5",697,cscp,24,37,3.1022500000,17
2026-05-28,us,RM06B,facebook,"1.3.5",697,ho_open,342,871,123.5691500000,368
2026-05-28,us,RM06B,facebook,"1.3.5",697,ngdcp,287,291,56.9372500000,168
2026-05-28,us,RM06B,facebook,"1.3.5",697,offlcp,12,13,0.1665500000,2
2026-05-28,us,RM06B,facebook,"1.3.5",697,searcp,111,145,17.6860000000,62
2026-05-28,us,RM06B,facebook,"1.3.5",697,secp,12,12,1.8940000000,5
2026-05-28,us,RM06B,facebook,"1.3.5",697,skpcp,38,95,6.0398000000,43
2026-05-28,us,RM06B,facebook,"1.3.5",697,splcp,239,326,44.4800000000,119
2026-05-28,us,RM06B,facebook,"1.3.5",697,stccp,24,24,5.4684000000,7
2026-05-28,us,RM06B,facebook,"1.3.5",697,xzcp,89,285,15.3502500000,101
2026-05-28,us,RM06B,unknown,"1.3.5",93,ALL,87,91,24.7284500000,2
2026-05-28,us,RM06B,unknown,"1.3.5",93,cl_open,86,88,24.4317000000,2
2026-05-28,us,RM08,facebook,"1.2.4",654,ALL,556,3241,386.1658010576,1398
2026-05-28,us,RM08,facebook,"1.2.4",654,ccopen,448,539,117.3361391567,350
2026-05-28,us,RM08,facebook,"1.2.4",654,hhopen,296,709,89.8830606279,294
2026-05-28,us,RM08,facebook,"1.2.4",654,insabb,119,145,19.7800534638,69
2026-05-28,us,RM08,facebook,"1.2.4",654,insatt,16,17,2.3590339564,3
2026-05-28,us,RM08,facebook,"1.2.4",654,insback,90,103,7.7789405758,30
2026-05-28,us,RM08,facebook,"1.2.4",654,inscon,97,259,16.5081937910,85
2026-05-28,us,RM08,facebook,"1.2.4",654,insdown,136,842,49.2330163250,303
2026-05-28,us,RM08,facebook,"1.2.4",654,inshg,14,14,0.5151515943,2
2026-05-28,us,RM08,facebook,"1.2.4",654,insnewgd,285,287,50.7080853750,157
2026-05-28,us,RM08,facebook,"1.2.4",654,inspa,27,27,4.1211501076,11
2026-05-28,us,RM08,facebook,"1.2.4",654,insplayn,46,116,9.2885261912,26
2026-05-28,us,RM08,facebook,"1.2.4",654,inssec,105,126,14.4402607072,50
2026-05-28,us,RM08,facebook,"1.2.4",654,inssp,30,45,2.8847518670,15
2026-05-28,us,RM08,unknown,"1.2.4",104,ALL,89,105,18.0325372793,7
2026-05-28,us,RM08,unknown,"1.2.4",104,ccopen,86,87,16.9790863887,3
2026-05-28,ve,RM06B,Google Ads ACI,"1.3.4",68,ALL,43,296,1.5308000000,132
2026-05-28,ve,RM06B,Google Ads ACI,"1.3.4",68,bkcp,13,20,0.0254000000,9
2026-05-28,ve,RM06B,Google Ads ACI,"1.3.4",68,cl_open,32,40,0.6267000000,37
2026-05-28,ve,RM06B,Google Ads ACI,"1.3.4",68,ho_open,32,70,0.3053000000,25
2026-05-28,ve,RM06B,Google Ads ACI,"1.3.4",68,ngdcp,20,20,0.0835000000,8
2026-05-28,ve,RM06B,Google Ads ACI,"1.3.4",68,searcp,18,19,0.0556500000,6
2026-05-28,ve,RM06B,Google Ads ACI,"1.3.4",68,splcp,20,34,0.1545000000,18
2026-05-28,ve,RM06B,Google Ads ACI,"1.3.4",68,xzcp,15,52,0.1432500000,13
2026-05-28,ve,RM06B,facebook,"1.3.4",284,ALL,206,1366,6.5039500000,583
2026-05-28,ve,RM06B,facebook,"1.3.4",284,albcp,38,49,0.3064500000,19
2026-05-28,ve,RM06B,facebook,"1.3.4",284,bkcp,49,66,0.1732500000,17
2026-05-28,ve,RM06B,facebook,"1.3.4",284,cl_open,140,162,2.2121000000,152
2026-05-28,ve,RM06B,facebook,"1.3.4",284,cscp,15,28,0.0510000000,5
2026-05-28,ve,RM06B,facebook,"1.3.4",284,ho_open,120,301,1.8317500000,137
2026-05-28,ve,RM06B,facebook,"1.3.4",284,ngdcp,98,104,0.7212500000,78
2026-05-28,ve,RM06B,facebook,"1.3.4",284,offlcp,15,17,0.0243500000,5
2026-05-28,ve,RM06B,facebook,"1.3.4",284,searcp,54,93,0.2543500000,27
2026-05-28,ve,RM06B,facebook,"1.3.4",284,skpcp,23,65,0.0876500000,12
2026-05-28,ve,RM06B,facebook,"1.3.4",284,splcp,89,175,0.4379000000,45
2026-05-28,ve,RM06B,facebook,"1.3.4",284,xzcp,51,287,0.2744500000,81
2026-05-28,ve,RM06B,Google Ads ACI,"1.3.5",66,ALL,44,395,1.1498500000,97
2026-05-28,ve,RM06B,Google Ads ACI,"1.3.5",66,bkcp,16,17,0.0358500000,5
2026-05-28,ve,RM06B,Google Ads ACI,"1.3.5",66,cl_open,21,23,0.4470500000,21
2026-05-28,ve,RM06B,Google Ads ACI,"1.3.5",66,ho_open,24,58,0.2730500000,23
2026-05-28,ve,RM06B,Google Ads ACI,"1.3.5",66,ngdcp,19,19,0.1779000000,10
2026-05-28,ve,RM06B,Google Ads ACI,"1.3.5",66,searcp,16,26,0.0469000000,2
2026-05-28,ve,RM06B,Google Ads ACI,"1.3.5",66,splcp,22,43,0.0490000000,12
2026-05-28,ve,RM06B,Google Ads ACI,"1.3.5",66,xzcp,15,144,0.0780500000,14
2026-05-28,ve,RM06B,facebook,"1.3.5",185,ALL,146,967,5.6264000000,396
2026-05-28,ve,RM06B,facebook,"1.3.5",185,albcp,19,20,0.1578000000,11
2026-05-28,ve,RM06B,facebook,"1.3.5",185,bkcp,39,42,0.1676500000,8
2026-05-28,ve,RM06B,facebook,"1.3.5",185,cl_open,80,97,2.1032500000,99
2026-05-28,ve,RM06B,facebook,"1.3.5",185,cscp,11,19,0.0117500000,4
2026-05-28,ve,RM06B,facebook,"1.3.5",185,ho_open,81,231,1.2904500000,94
2026-05-28,ve,RM06B,facebook,"1.3.5",185,ngdcp,63,66,0.4949500000,38
2026-05-28,ve,RM06B,facebook,"1.3.5",185,searcp,46,73,0.3750500000,26
2026-05-28,ve,RM06B,facebook,"1.3.5",185,skpcp,18,68,0.1251000000,25
2026-05-28,ve,RM06B,facebook,"1.3.5",185,splcp,69,127,0.5163500000,53
2026-05-28,ve,RM06B,facebook,"1.3.5",185,xzcp,32,198,0.2584000000,35
2026-05-28,za,RM06B,facebook,"1.3.4",109,ALL,87,678,9.4146500000,280
2026-05-28,za,RM06B,facebook,"1.3.4",109,albcp,17,21,0.3857500000,8
2026-05-28,za,RM06B,facebook,"1.3.4",109,bkcp,31,40,0.3999000000,22
2026-05-28,za,RM06B,facebook,"1.3.4",109,cl_open,41,42,1.8239000000,22
2026-05-28,za,RM06B,facebook,"1.3.4",109,ho_open,54,195,2.5020000000,58
2026-05-28,za,RM06B,facebook,"1.3.4",109,ngdcp,31,32,1.3006000000,25
2026-05-28,za,RM06B,facebook,"1.3.4",109,searcp,25,41,0.4837000000,17
2026-05-28,za,RM06B,facebook,"1.3.4",109,skpcp,12,43,0.2399000000,28
2026-05-28,za,RM06B,facebook,"1.3.4",109,splcp,43,103,1.0996500000,44
2026-05-28,za,RM06B,facebook,"1.3.4",109,xzcp,27,132,0.8362000000,49
2026-05-28,za,RM06B,facebook,"1.3.5",79,ALL,66,553,9.6057500000,265
2026-05-28,za,RM06B,facebook,"1.3.5",79,albcp,12,13,0.2623500000,5
2026-05-28,za,RM06B,facebook,"1.3.5",79,bkcp,14,14,0.1143000000,6
2026-05-28,za,RM06B,facebook,"1.3.5",79,cl_open,30,34,1.8039000000,36
2026-05-28,za,RM06B,facebook,"1.3.5",79,ho_open,42,172,3.5323500000,79
2026-05-28,za,RM06B,facebook,"1.3.5",79,ngdcp,17,17,0.6666500000,13
2026-05-28,za,RM06B,facebook,"1.3.5",79,searcp,20,32,0.3561500000,8
2026-05-28,za,RM06B,facebook,"1.3.5",79,skpcp,13,49,0.4048500000,34
2026-05-28,za,RM06B,facebook,"1.3.5",79,splcp,34,60,1.3603000000,22
2026-05-28,za,RM06B,facebook,"1.3.5",79,xzcp,19,145,1.0190000000,59
2026-05-28,za,RM08,Google Ads ACI,"1.2.4",58,ALL,46,461,2.4297298971,166
2026-05-28,za,RM08,Google Ads ACI,"1.2.4",58,ccopen,24,31,0.4470639003,19
2026-05-28,za,RM08,Google Ads ACI,"1.2.4",58,hhopen,30,70,0.4876277940,31
2026-05-28,za,RM08,Google Ads ACI,"1.2.4",58,insback,17,20,0.1039368908,8
2026-05-28,za,RM08,Google Ads ACI,"1.2.4",58,inscon,19,49,0.2180768533,20
2026-05-28,za,RM08,Google Ads ACI,"1.2.4",58,insdown,28,190,0.5780063808,54
2026-05-28,za,RM08,Google Ads ACI,"1.2.4",58,insnewgd,19,19,0.1509963318,7
2026-05-28,za,RM08,Google Ads ACI,"1.2.4",58,insplayn,10,27,0.0918979672,11
2026-05-28,za,RM08,Google Ads ACI,"1.2.4",58,inssec,24,31,0.2051408763,9
2026-05-28,za,RM08,facebook,"1.2.4",81,ALL,68,459,7.3557543970,182
2026-05-28,za,RM08,facebook,"1.2.4",81,ccopen,32,35,1.3661716811,26
2026-05-28,za,RM08,facebook,"1.2.4",81,hhopen,37,83,1.7186905748,30
2026-05-28,za,RM08,facebook,"1.2.4",81,insabb,10,13,0.3081702652,4
2026-05-28,za,RM08,facebook,"1.2.4",81,insback,16,16,0.2601696403,8
2026-05-28,za,RM08,facebook,"1.2.4",81,inscon,19,37,0.3195794679,7
2026-05-28,za,RM08,facebook,"1.2.4",81,insdown,25,162,0.9440268904,60
2026-05-28,za,RM08,facebook,"1.2.4",81,insnewgd,30,31,1.1686656849,20
2026-05-28,za,RM08,facebook,"1.2.4",81,insplayn,21,51,0.6541448586,19
2026-05-28,za,RM08,facebook,"1.2.4",81,inssec,11,13,0.1507938324,3
2026-05-28,za,RM08,unknown,"1.2.4",54,ALL,32,107,1.3931037192,41
2026-05-28,za,RM08,unknown,"1.2.4",54,ccopen,20,23,0.8031127603,8
2026-05-28,za,RM08,unknown,"1.2.4",54,hhopen,21,50,0.3963824520,24
2026-05-27,ao,RM06B,facebook,"1.3.4",568,ALL,440,1604,17.0593000000,1086
2026-05-27,ao,RM06B,facebook,"1.3.4",568,albcp,49,51,0.5591500000,33
2026-05-27,ao,RM06B,facebook,"1.3.4",568,bkcp,165,167,1.0952500000,67
2026-05-27,ao,RM06B,facebook,"1.3.4",568,cl_open,245,258,5.1062000000,274
2026-05-27,ao,RM06B,facebook,"1.3.4",568,cscp,10,11,0.1190500000,4
2026-05-27,ao,RM06B,facebook,"1.3.4",568,ho_open,257,493,4.9330000000,341
2026-05-27,ao,RM06B,facebook,"1.3.4",568,ngdcp,144,144,1.5210500000,127
2026-05-27,ao,RM06B,facebook,"1.3.4",568,searcp,118,124,0.9679500000,68
2026-05-27,ao,RM06B,facebook,"1.3.4",568,secp,32,32,0.2188500000,28
2026-05-27,ao,RM06B,facebook,"1.3.4",568,skpcp,27,31,0.3183500000,18
2026-05-27,ao,RM06B,facebook,"1.3.4",568,splcp,144,159,1.3797000000,65
2026-05-27,ao,RM06B,facebook,"1.3.4",568,stccp,14,14,0.1126000000,9
2026-05-27,ao,RM06B,facebook,"1.3.4",568,xzcp,80,106,0.6803000000,48
2026-05-27,ar,RM06B,Google Ads ACI,"1.3.4",60,ALL,35,273,2.3021000000,73
2026-05-27,ar,RM06B,Google Ads ACI,"1.3.4",60,bkcp,11,15,0.0461500000,6
2026-05-27,ar,RM06B,Google Ads ACI,"1.3.4",60,cl_open,21,27,0.7136500000,9
2026-05-27,ar,RM06B,Google Ads ACI,"1.3.4",60,ho_open,20,47,0.2851500000,13
2026-05-27,ar,RM06B,Google Ads ACI,"1.3.4",60,ngdcp,22,23,0.3963500000,4
2026-05-27,ar,RM06B,Google Ads ACI,"1.3.4",60,searcp,20,34,0.2959000000,8
2026-05-27,ar,RM06B,Google Ads ACI,"1.3.4",60,splcp,20,30,0.0767500000,7
2026-05-27,ar,RM06B,Google Ads ACI,"1.3.4",60,xzcp,11,74,0.2583000000,21
2026-05-27,ar,RM06B,TIKTOK,"1.3.4",50,ALL,43,420,5.4859500000,222
2026-05-27,ar,RM06B,TIKTOK,"1.3.4",50,albcp,10,12,0.1037000000,3
2026-05-27,ar,RM06B,TIKTOK,"1.3.4",50,bkcp,13,14,0.2464000000,4
2026-05-27,ar,RM06B,TIKTOK,"1.3.4",50,cl_open,34,42,1.6489000000,44
2026-05-27,ar,RM06B,TIKTOK,"1.3.4",50,ho_open,24,94,1.4451000000,46
2026-05-27,ar,RM06B,TIKTOK,"1.3.4",50,ngdcp,23,26,0.3169500000,18
2026-05-27,ar,RM06B,TIKTOK,"1.3.4",50,searcp,13,23,0.1780500000,9
2026-05-27,ar,RM06B,TIKTOK,"1.3.4",50,skpcp,10,32,0.1814000000,14
2026-05-27,ar,RM06B,TIKTOK,"1.3.4",50,splcp,29,48,0.6714000000,23
2026-05-27,ar,RM06B,TIKTOK,"1.3.4",50,xzcp,15,117,0.4195500000,57
2026-05-27,ar,RM06B,facebook,"1.3.4",800,ALL,661,3269,63.2848500000,1674
2026-05-27,ar,RM06B,facebook,"1.3.4",800,albcp,85,89,1.2807500000,44
2026-05-27,ar,RM06B,facebook,"1.3.4",800,bkcp,101,110,0.9487000000,33
2026-05-27,ar,RM06B,facebook,"1.3.4",800,cl_open,490,552,23.0803000000,461
2026-05-27,ar,RM06B,facebook,"1.3.4",800,cscp,23,31,0.1879000000,13
2026-05-27,ar,RM06B,facebook,"1.3.4",800,ho_open,399,923,19.1884500000,449
2026-05-27,ar,RM06B,facebook,"1.3.4",800,ngdcp,308,316,7.1812500000,181
2026-05-27,ar,RM06B,facebook,"1.3.4",800,offlcp,26,26,0.1322000000,10
2026-05-27,ar,RM06B,facebook,"1.3.4",800,searcp,150,195,2.2902000000,84
2026-05-27,ar,RM06B,facebook,"1.3.4",800,secp,13,13,0.2163500000,9
2026-05-27,ar,RM06B,facebook,"1.3.4",800,skpcp,46,100,0.6134000000,40
2026-05-27,ar,RM06B,facebook,"1.3.4",800,splcp,279,434,5.3167000000,173
2026-05-27,ar,RM06B,facebook,"1.3.4",800,stccp,11,11,0.2001500000,9
2026-05-27,ar,RM06B,facebook,"1.3.4",800,xzcp,126,453,2.4865000000,156
2026-05-27,ar,RM06B,unknown,"1.3.4",120,ALL,110,133,5.0938000000,7
2026-05-27,ar,RM06B,unknown,"1.3.4",120,cl_open,106,108,4.7972000000,1
2026-05-27,ar,RM06B,facebook,"1.3.5",57,ALL,45,190,2.8760000000,103
2026-05-27,ar,RM06B,facebook,"1.3.5",57,cl_open,31,38,1.0887000000,40
2026-05-27,ar,RM06B,facebook,"1.3.5",57,ho_open,24,54,0.7773000000,20
2026-05-27,ar,RM06B,facebook,"1.3.5",57,ngdcp,16,16,0.3678000000,18
2026-05-27,ar,RM06B,facebook,"1.3.5",57,searcp,11,14,0.0993000000,9
2026-05-27,ar,RM06B,facebook,"1.3.5",57,splcp,15,25,0.3325000000,10
2026-05-27,ar,RM08,facebook,"1.2.4",183,ALL,149,556,14.1372546851,297
2026-05-27,ar,RM08,facebook,"1.2.4",183,ccopen,118,139,5.1325227656,116
2026-05-27,ar,RM08,facebook,"1.2.4",183,hhopen,69,133,3.5434261262,57
2026-05-27,ar,RM08,facebook,"1.2.4",183,insabb,17,19,0.2417738877,8
2026-05-27,ar,RM08,facebook,"1.2.4",183,insback,21,22,0.2931857367,3
2026-05-27,ar,RM08,facebook,"1.2.4",183,inscon,18,24,0.3197540901,10
2026-05-27,ar,RM08,facebook,"1.2.4",183,insdown,21,92,0.9804780314,31
2026-05-27,ar,RM08,facebook,"1.2.4",183,insnewgd,63,64,2.2742390268,46
2026-05-27,ar,RM08,facebook,"1.2.4",183,insplayn,17,33,0.6818983006,12
2026-05-27,ar,RM08,facebook,"1.2.4",183,inssec,19,20,0.4920166652,11
2026-05-27,bo,RM06B,facebook,"1.3.4",490,ALL,399,2434,22.0876500000,1047
2026-05-27,bo,RM06B,facebook,"1.3.4",490,albcp,64,85,0.3963500000,35
2026-05-27,bo,RM06B,facebook,"1.3.4",490,bkcp,82,109,0.2487000000,32
2026-05-27,bo,RM06B,facebook,"1.3.4",490,cl_open,274,300,8.6224000000,256
2026-05-27,bo,RM06B,facebook,"1.3.4",490,cscp,22,24,0.0319500000,9
2026-05-27,bo,RM06B,facebook,"1.3.4",490,ho_open,262,724,5.6166500000,280
2026-05-27,bo,RM06B,facebook,"1.3.4",490,ngdcp,212,222,2.7852500000,127
2026-05-27,bo,RM06B,facebook,"1.3.4",490,offlcp,19,19,0.0268500000,4
2026-05-27,bo,RM06B,facebook,"1.3.4",490,searcp,122,166,1.1272500000,73
2026-05-27,bo,RM06B,facebook,"1.3.4",490,skpcp,42,155,0.3381500000,41
2026-05-27,bo,RM06B,facebook,"1.3.4",490,splcp,204,389,2.0617500000,124
2026-05-27,bo,RM06B,facebook,"1.3.4",490,xzcp,90,217,0.7856500000,59
2026-05-27,bo,RM06B,unknown,"1.3.4",51,ALL,46,62,1.6766000000,13
2026-05-27,bo,RM06B,unknown,"1.3.4",51,cl_open,42,42,1.5089000000,3
2026-05-27,bo,RM08,facebook,"1.2.4",78,ALL,54,200,3.3756567889,120
2026-05-27,bo,RM08,facebook,"1.2.4",78,ccopen,36,36,1.0568038053,31
2026-05-27,bo,RM08,facebook,"1.2.4",78,hhopen,27,60,0.9934981825,34
2026-05-27,bo,RM08,facebook,"1.2.4",78,insback,10,10,0.1169491569,1
2026-05-27,bo,RM08,facebook,"1.2.4",78,insdown,14,20,0.3477146096,6
2026-05-27,bo,RM08,facebook,"1.2.4",78,insnewgd,25,25,0.4613476856,22
2026-05-27,br,RM06B,Google Ads ACI,"1.3.4",2713,ALL,2165,15049,244.5204500000,7177
2026-05-27,br,RM06B,Google Ads ACI,"1.3.4",2713,albcp,371,425,7.1586000000,223
2026-05-27,br,RM06B,Google Ads ACI,"1.3.4",2713,bkcp,475,586,5.3302500000,233
2026-05-27,br,RM06B,Google Ads ACI,"1.3.4",2713,cl_open,1705,2010,76.0864000000,1469
2026-05-27,br,RM06B,Google Ads ACI,"1.3.4",2713,cscp,129,170,1.1188500000,104
2026-05-27,br,RM06B,Google Ads ACI,"1.3.4",2713,ho_open,1369,4603,66.4745000000,2114
2026-05-27,br,RM06B,Google Ads ACI,"1.3.4",2713,lkcp,26,27,0.2026500000,9
2026-05-27,br,RM06B,Google Ads ACI,"1.3.4",2713,ngdcp,1176,1208,25.2101500000,673
2026-05-27,br,RM06B,Google Ads ACI,"1.3.4",2713,offlcp,107,120,0.9146000000,38
2026-05-27,br,RM06B,Google Ads ACI,"1.3.4",2713,rkgcp,15,15,0.2380000000,4
2026-05-27,br,RM06B,Google Ads ACI,"1.3.4",2713,searcp,875,1073,16.1317000000,499
2026-05-27,br,RM06B,Google Ads ACI,"1.3.4",2713,secp,28,28,0.3919000000,13
2026-05-27,br,RM06B,Google Ads ACI,"1.3.4",2713,skpcp,223,672,5.1927000000,258
2026-05-27,br,RM06B,Google Ads ACI,"1.3.4",2713,splcp,1130,1723,23.1261500000,586
2026-05-27,br,RM06B,Google Ads ACI,"1.3.4",2713,stccp,52,55,0.8183500000,24
2026-05-27,br,RM06B,Google Ads ACI,"1.3.4",2713,xzcp,504,2325,16.0852000000,927
2026-05-27,br,RM06B,facebook,"1.3.4",6161,ALL,5028,23705,878.6352000000,13724
2026-05-27,br,RM06B,facebook,"1.3.4",6161,albcp,767,888,26.7106000000,501
2026-05-27,br,RM06B,facebook,"1.3.4",6161,bkcp,675,779,14.5926500000,275
2026-05-27,br,RM06B,facebook,"1.3.4",6161,cl_open,3802,4350,312.3051000000,4180
2026-05-27,br,RM06B,facebook,"1.3.4",6161,cscp,163,206,3.1772000000,81
2026-05-27,br,RM06B,facebook,"1.3.4",6161,ho_open,3135,7778,282.6812000000,4015
2026-05-27,br,RM06B,facebook,"1.3.4",6161,jclcp,17,25,0.2095500000,5
2026-05-27,br,RM06B,facebook,"1.3.4",6161,lkcp,29,31,0.4907500000,8
2026-05-27,br,RM06B,facebook,"1.3.4",6161,ngdcp,1942,1986,87.9140500000,1292
2026-05-27,br,RM06B,facebook,"1.3.4",6161,offlcp,97,105,1.3192000000,32
2026-05-27,br,RM06B,facebook,"1.3.4",6161,rkgcp,29,29,1.0484500000,16
2026-05-27,br,RM06B,facebook,"1.3.4",6161,searcp,775,941,23.2026500000,539
2026-05-27,br,RM06B,facebook,"1.3.4",6161,secp,80,82,2.8879000000,45
2026-05-27,br,RM06B,facebook,"1.3.4",6161,skpcp,401,1231,16.2004000000,583
2026-05-27,br,RM06B,facebook,"1.3.4",6161,splcp,1832,2615,73.6468000000,1130
2026-05-27,br,RM06B,facebook,"1.3.4",6161,stccp,76,77,2.1723500000,38
2026-05-27,br,RM06B,facebook,"1.3.4",6161,xzcp,663,2582,30.0763500000,984
2026-05-27,br,RM06B,unknown,"1.3.4",1243,ALL,1128,1686,74.6890500000,222
2026-05-27,br,RM06B,unknown,"1.3.4",1243,albcp,16,16,0.2517000000,7
2026-05-27,br,RM06B,unknown,"1.3.4",1243,bkcp,30,34,0.1860000000,11
2026-05-27,br,RM06B,unknown,"1.3.4",1243,cl_open,1078,1101,69.4315500000,57
2026-05-27,br,RM06B,unknown,"1.3.4",1243,ho_open,81,195,2.3589500000,62
2026-05-27,br,RM06B,unknown,"1.3.4",1243,ngdcp,58,58,1.1215000000,19
2026-05-27,br,RM06B,unknown,"1.3.4",1243,searcp,32,39,0.3039500000,14
2026-05-27,br,RM06B,unknown,"1.3.4",1243,splcp,47,73,0.4002000000,20
2026-05-27,br,RM06B,unknown,"1.3.4",1243,xzcp,21,132,0.3844000000,21
2026-05-27,br,RM06B,Google Ads ACI,"1.3.5",228,ALL,170,967,17.7881500000,459
2026-05-27,br,RM06B,Google Ads ACI,"1.3.5",228,albcp,31,33,0.4082500000,12
2026-05-27,br,RM06B,Google Ads ACI,"1.3.5",228,bkcp,28,29,0.1805500000,10
2026-05-27,br,RM06B,Google Ads ACI,"1.3.5",228,cl_open,136,148,7.0461000000,120
2026-05-27,br,RM06B,Google Ads ACI,"1.3.5",228,ho_open,104,270,4.5835500000,113
2026-05-27,br,RM06B,Google Ads ACI,"1.3.5",228,ngdcp,93,95,1.5848000000,65
2026-05-27,br,RM06B,Google Ads ACI,"1.3.5",228,searcp,69,77,1.4435000000,44
2026-05-27,br,RM06B,Google Ads ACI,"1.3.5",228,splcp,88,107,1.3413000000,47
2026-05-27,br,RM06B,Google Ads ACI,"1.3.5",228,xzcp,35,176,0.8953000000,40
2026-05-27,br,RM06B,facebook,"1.3.5",441,ALL,326,1330,48.9396500000,807
2026-05-27,br,RM06B,facebook,"1.3.5",441,albcp,39,40,0.8438000000,20
2026-05-27,br,RM06B,facebook,"1.3.5",441,bkcp,50,50,1.0395000000,16
2026-05-27,br,RM06B,facebook,"1.3.5",441,cl_open,240,270,18.3435000000,280
2026-05-27,br,RM06B,facebook,"1.3.5",441,ho_open,211,441,15.2082000000,221
2026-05-27,br,RM06B,facebook,"1.3.5",441,ngdcp,138,138,4.7911500000,95
2026-05-27,br,RM06B,facebook,"1.3.5",441,searcp,61,65,1.9568000000,35
2026-05-27,br,RM06B,facebook,"1.3.5",441,skpcp,27,53,0.9635000000,25
2026-05-27,br,RM06B,facebook,"1.3.5",441,splcp,127,151,4.2147500000,71
2026-05-27,br,RM06B,facebook,"1.3.5",441,xzcp,45,90,0.8768500000,23
2026-05-27,br,RM06B,unknown,"1.3.5",87,ALL,79,111,4.1622000000,7
2026-05-27,br,RM06B,unknown,"1.3.5",87,cl_open,74,74,3.3402000000,1
2026-05-27,br,RM08,Google Ads ACI,"1.2.4",66,ALL,55,606,5.5758133238,210
2026-05-27,br,RM08,Google Ads ACI,"1.2.4",66,ccopen,44,57,1.7222428309,22
2026-05-27,br,RM08,Google Ads ACI,"1.2.4",66,hhopen,26,100,0.6308821654,30
2026-05-27,br,RM08,Google Ads ACI,"1.2.4",66,insabb,12,17,0.1724621239,8
2026-05-27,br,RM08,Google Ads ACI,"1.2.4",66,insback,20,23,0.2947183038,5
2026-05-27,br,RM08,Google Ads ACI,"1.2.4",66,inscon,18,81,0.2655895117,19
2026-05-27,br,RM08,Google Ads ACI,"1.2.4",66,insdown,28,181,0.7474416343,67
2026-05-27,br,RM08,Google Ads ACI,"1.2.4",66,insnewgd,36,38,0.8344318520,17
2026-05-27,br,RM08,Google Ads ACI,"1.2.4",66,insplayn,11,38,0.1706959408,18
2026-05-27,br,RM08,Google Ads ACI,"1.2.4",66,inssec,27,39,0.2612021355,14
2026-05-27,br,RM08,facebook,"1.2.4",1307,ALL,1107,4617,188.0893896802,2706
2026-05-27,br,RM08,facebook,"1.2.4",1307,ccopen,857,995,70.0322558590,947
2026-05-27,br,RM08,facebook,"1.2.4",1307,hhopen,601,1388,54.2980378055,697
2026-05-27,br,RM08,facebook,"1.2.4",1307,insabb,155,164,6.7986412782,90
2026-05-27,br,RM08,facebook,"1.2.4",1307,insatt,17,17,0.6336567273,11
2026-05-27,br,RM08,facebook,"1.2.4",1307,insback,126,130,3.2533067981,45
2026-05-27,br,RM08,facebook,"1.2.4",1307,inscon,139,274,5.7787819518,114
2026-05-27,br,RM08,facebook,"1.2.4",1307,insdown,206,637,10.0185679961,234
2026-05-27,br,RM08,facebook,"1.2.4",1307,inshg,17,17,0.4554958179,5
2026-05-27,br,RM08,facebook,"1.2.4",1307,insnewgd,415,419,24.0182949329,278
2026-05-27,br,RM08,facebook,"1.2.4",1307,inspa,23,23,0.8387976885,8
2026-05-27,br,RM08,facebook,"1.2.4",1307,insplayn,166,348,7.6691334254,163
2026-05-27,br,RM08,facebook,"1.2.4",1307,inssec,132,148,3.1326569734,92
2026-05-27,br,RM08,facebook,"1.2.4",1307,inssp,41,46,0.7668379664,13
2026-05-27,br,RM08,unknown,"1.2.4",225,ALL,215,248,15.7387017091,27
2026-05-27,br,RM08,unknown,"1.2.4",225,ccopen,206,207,15.1623672907,8
2026-05-27,br,RM08,unknown,"1.2.4",225,hhopen,15,28,0.3255481297,14
2026-05-27,ca,RM06B,facebook,"1.3.4",76,ALL,49,193,5.4511500000,136
2026-05-27,ca,RM06B,facebook,"1.3.4",76,cl_open,16,19,0.7426500000,17
2026-05-27,ca,RM06B,facebook,"1.3.4",76,ho_open,37,80,2.5160000000,51
2026-05-27,ca,RM06B,facebook,"1.3.4",76,ngdcp,13,13,0.4696000000,17
2026-05-27,ca,RM06B,facebook,"1.3.4",76,searcp,10,10,0.4309000000,4
2026-05-27,ca,RM06B,facebook,"1.3.4",76,splcp,22,27,0.4010000000,25
2026-05-27,ca,RM06B,facebook,"1.3.4",76,xzcp,15,25,0.3295500000,12
2026-05-27,cd,RM06B,facebook,"1.3.4",57,ALL,44,166,2.0369000000,101
2026-05-27,cd,RM06B,facebook,"1.3.4",57,bkcp,14,15,0.1879500000,2
2026-05-27,cd,RM06B,facebook,"1.3.4",57,cl_open,22,25,0.5161500000,27
2026-05-27,cd,RM06B,facebook,"1.3.4",57,ho_open,26,53,0.5932000000,33
2026-05-27,cd,RM06B,facebook,"1.3.4",57,ngdcp,15,15,0.1314000000,10
2026-05-27,cd,RM06B,facebook,"1.3.4",57,searcp,14,15,0.1222500000,7
2026-05-27,cd,RM06B,facebook,"1.3.4",57,splcp,17,20,0.2157000000,9
2026-05-27,ci,RM06B,facebook,"1.3.4",169,ALL,140,443,5.6986000000,335
2026-05-27,ci,RM06B,facebook,"1.3.4",169,albcp,17,17,0.1288500000,7
2026-05-27,ci,RM06B,facebook,"1.3.4",169,bkcp,29,31,0.1527000000,14
2026-05-27,ci,RM06B,facebook,"1.3.4",169,cl_open,88,100,2.2652000000,121
2026-05-27,ci,RM06B,facebook,"1.3.4",169,ho_open,79,134,1.4673000000,83
2026-05-27,ci,RM06B,facebook,"1.3.4",169,ngdcp,42,44,0.5997500000,42
2026-05-27,ci,RM06B,facebook,"1.3.4",169,searcp,24,26,0.2695000000,15
2026-05-27,ci,RM06B,facebook,"1.3.4",169,splcp,37,40,0.4332000000,23
2026-05-27,ci,RM06B,facebook,"1.3.4",169,xzcp,13,25,0.2102500000,20
2026-05-27,cl,RM06B,facebook,"1.3.4",390,ALL,322,1566,41.4167500000,781
2026-05-27,cl,RM06B,facebook,"1.3.4",390,albcp,40,41,1.2283000000,24
2026-05-27,cl,RM06B,facebook,"1.3.4",390,bkcp,53,56,0.8160000000,19
2026-05-27,cl,RM06B,facebook,"1.3.4",390,cl_open,251,303,16.1923500000,243
2026-05-27,cl,RM06B,facebook,"1.3.4",390,cscp,16,18,0.2382000000,6
2026-05-27,cl,RM06B,facebook,"1.3.4",390,ho_open,190,468,11.0236000000,208
2026-05-27,cl,RM06B,facebook,"1.3.4",390,ngdcp,149,153,5.1965500000,79
2026-05-27,cl,RM06B,facebook,"1.3.4",390,searcp,79,89,1.9772500000,51
2026-05-27,cl,RM06B,facebook,"1.3.4",390,skpcp,27,61,0.3015000000,25
2026-05-27,cl,RM06B,facebook,"1.3.4",390,splcp,133,170,2.9721000000,61
2026-05-27,cl,RM06B,facebook,"1.3.4",390,xzcp,48,184,1.2419500000,59
2026-05-27,cl,RM06B,unknown,"1.3.4",57,ALL,54,77,3.0536500000,4
2026-05-27,cl,RM06B,unknown,"1.3.4",57,cl_open,50,54,2.7727000000,2
2026-05-27,cl,RM08,facebook,"1.2.4",119,ALL,89,295,11.0922484089,156
2026-05-27,cl,RM08,facebook,"1.2.4",119,ccopen,73,88,4.4730590111,73
2026-05-27,cl,RM08,facebook,"1.2.4",119,hhopen,43,96,2.6128715864,47
2026-05-27,cl,RM08,facebook,"1.2.4",119,insabb,13,14,0.3043166971,4
2026-05-27,cl,RM08,facebook,"1.2.4",119,insnewgd,31,32,1.3589368144,14
2026-05-27,cm,RM06B,facebook,"1.3.4",52,ALL,43,107,2.0928500000,87
2026-05-27,cm,RM06B,facebook,"1.3.4",52,cl_open,16,16,0.4380000000,15
2026-05-27,cm,RM06B,facebook,"1.3.4",52,ho_open,30,44,0.9354500000,32
2026-05-27,cm,RM06B,facebook,"1.3.4",52,ngdcp,15,15,0.1980500000,21
2026-05-27,cm,RM06B,facebook,"1.3.4",52,splcp,13,13,0.2368500000,8
2026-05-27,co,RM06B,facebook,"1.3.3",69,ALL,46,228,6.0055000000,184
2026-05-27,co,RM06B,facebook,"1.3.3",69,cl_open,25,28,1.6633000000,35
2026-05-27,co,RM06B,facebook,"1.3.3",69,ho_open,24,53,1.2974000000,33
2026-05-27,co,RM06B,facebook,"1.3.3",69,ngdcp,24,24,1.0150000000,32
2026-05-27,co,RM06B,facebook,"1.3.3",69,searcp,11,13,0.1235500000,10
2026-05-27,co,RM06B,facebook,"1.3.3",69,splcp,25,32,0.6557500000,24
2026-05-27,co,RM06B,facebook,"1.3.3",69,xzcp,17,49,0.7595500000,32
2026-05-27,co,RM06B,Google Ads ACI,"1.3.4",240,ALL,111,1337,10.3845000000,470
2026-05-27,co,RM06B,Google Ads ACI,"1.3.4",240,albcp,23,29,0.2618500000,11
2026-05-27,co,RM06B,Google Ads ACI,"1.3.4",240,bkcp,42,57,0.2318500000,15
2026-05-27,co,RM06B,Google Ads ACI,"1.3.4",240,cl_open,77,100,2.9242000000,68
2026-05-27,co,RM06B,Google Ads ACI,"1.3.4",240,cscp,13,14,0.0191000000,3
2026-05-27,co,RM06B,Google Ads ACI,"1.3.4",240,ho_open,69,268,2.3838500000,92
2026-05-27,co,RM06B,Google Ads ACI,"1.3.4",240,ngdcp,57,57,1.4402500000,43
2026-05-27,co,RM06B,Google Ads ACI,"1.3.4",240,offlcp,10,10,0.0413500000,2
2026-05-27,co,RM06B,Google Ads ACI,"1.3.4",240,searcp,54,96,0.7959000000,26
2026-05-27,co,RM06B,Google Ads ACI,"1.3.4",240,skpcp,19,29,0.1424500000,11
2026-05-27,co,RM06B,Google Ads ACI,"1.3.4",240,splcp,62,144,0.8129500000,48
2026-05-27,co,RM06B,Google Ads ACI,"1.3.4",240,xzcp,47,523,1.2766500000,133
2026-05-27,co,RM06B,TIKTOK,"1.3.4",153,ALL,134,1046,19.2884000000,586
2026-05-27,co,RM06B,TIKTOK,"1.3.4",153,albcp,25,27,0.5460500000,12
2026-05-27,co,RM06B,TIKTOK,"1.3.4",153,bkcp,38,45,0.4600500000,20
2026-05-27,co,RM06B,TIKTOK,"1.3.4",153,cl_open,106,129,6.2468500000,126
2026-05-27,co,RM06B,TIKTOK,"1.3.4",153,cscp,11,11,0.1248500000,5
2026-05-27,co,RM06B,TIKTOK,"1.3.4",153,ho_open,84,285,4.5192000000,162
2026-05-27,co,RM06B,TIKTOK,"1.3.4",153,ngdcp,80,80,2.3497500000,67
2026-05-27,co,RM06B,TIKTOK,"1.3.4",153,offlcp,10,10,0.1018000000,2
2026-05-27,co,RM06B,TIKTOK,"1.3.4",153,searcp,44,66,1.0814500000,33
2026-05-27,co,RM06B,TIKTOK,"1.3.4",153,skpcp,20,56,0.3815000000,21
2026-05-27,co,RM06B,TIKTOK,"1.3.4",153,splcp,64,122,1.4562500000,44
2026-05-27,co,RM06B,TIKTOK,"1.3.4",153,xzcp,43,210,1.9304000000,94
2026-05-27,co,RM06B,facebook,"1.3.4",2359,ALL,1894,11377,222.8364500000,5912
2026-05-27,co,RM06B,facebook,"1.3.4",2359,albcp,264,294,4.9676500000,144
2026-05-27,co,RM06B,facebook,"1.3.4",2359,bkcp,359,414,4.2025500000,131
2026-05-27,co,RM06B,facebook,"1.3.4",2359,cl_open,1308,1545,77.8280500000,1503
2026-05-27,co,RM06B,facebook,"1.3.4",2359,cscp,92,136,0.7403000000,65
2026-05-27,co,RM06B,facebook,"1.3.4",2359,ho_open,1160,3131,55.1219500000,1508
2026-05-27,co,RM06B,facebook,"1.3.4",2359,jclcp,13,18,0.0688000000,11
2026-05-27,co,RM06B,facebook,"1.3.4",2359,lkcp,13,13,0.0705500000,4
2026-05-27,co,RM06B,facebook,"1.3.4",2359,ngdcp,898,918,23.9512500000,669
2026-05-27,co,RM06B,facebook,"1.3.4",2359,offlcp,77,84,0.7631500000,21
2026-05-27,co,RM06B,facebook,"1.3.4",2359,rkgcp,12,12,0.0426000000,9
2026-05-27,co,RM06B,facebook,"1.3.4",2359,searcp,528,675,12.5101000000,338
2026-05-27,co,RM06B,facebook,"1.3.4",2359,secp,37,37,0.4064000000,13
2026-05-27,co,RM06B,facebook,"1.3.4",2359,skpcp,238,687,6.1123000000,266
2026-05-27,co,RM06B,facebook,"1.3.4",2359,splcp,885,1308,22.5987000000,498
2026-05-27,co,RM06B,facebook,"1.3.4",2359,stccp,26,26,0.5873500000,12
2026-05-27,co,RM06B,facebook,"1.3.4",2359,xzcp,422,2079,12.8647500000,720
2026-05-27,co,RM06B,unknown,"1.3.4",319,ALL,287,338,14.5986500000,38
2026-05-27,co,RM06B,unknown,"1.3.4",319,cl_open,267,270,13.6340000000,7
2026-05-27,co,RM06B,unknown,"1.3.4",319,ho_open,17,28,0.4973000000,10
2026-05-27,co,RM06B,unknown,"1.3.4",319,ngdcp,10,11,0.2201500000,4
2026-05-27,co,RM06B,unknown,"1.3.4",319,splcp,10,10,0.1394500000,15
2026-05-27,co,RM06B,facebook,"1.3.5",173,ALL,134,763,14.1157500000,435
2026-05-27,co,RM06B,facebook,"1.3.5",173,albcp,21,21,0.5383000000,14
2026-05-27,co,RM06B,facebook,"1.3.5",173,bkcp,23,26,0.1897500000,10
2026-05-27,co,RM06B,facebook,"1.3.5",173,cl_open,87,94,5.0625000000,103
2026-05-27,co,RM06B,facebook,"1.3.5",173,ho_open,85,214,3.7528500000,124
2026-05-27,co,RM06B,facebook,"1.3.5",173,ngdcp,63,66,1.3446500000,57
2026-05-27,co,RM06B,facebook,"1.3.5",173,searcp,32,37,0.5559500000,27
2026-05-27,co,RM06B,facebook,"1.3.5",173,skpcp,21,51,0.4083000000,19
2026-05-27,co,RM06B,facebook,"1.3.5",173,splcp,63,83,1.1687000000,29
2026-05-27,co,RM06B,facebook,"1.3.5",173,xzcp,34,158,1.0007000000,47
2026-05-27,co,RM08,facebook,"1.2.4",260,ALL,199,666,18.5630065592,416
2026-05-27,co,RM08,facebook,"1.2.4",260,ccopen,138,152,5.6801003223,140
2026-05-27,co,RM08,facebook,"1.2.4",260,hhopen,91,192,5.0489822571,106
2026-05-27,co,RM08,facebook,"1.2.4",260,insabb,24,26,0.9653788551,26
2026-05-27,co,RM08,facebook,"1.2.4",260,insback,22,23,0.7167634356,13
2026-05-27,co,RM08,facebook,"1.2.4",260,inscon,20,41,0.5952221787,13
2026-05-27,co,RM08,facebook,"1.2.4",260,insdown,33,75,1.2937247331,34
2026-05-27,co,RM08,facebook,"1.2.4",260,insnewgd,66,67,2.4134523053,43
2026-05-27,co,RM08,facebook,"1.2.4",260,insplayn,25,51,0.9718366428,25
2026-05-27,co,RM08,facebook,"1.2.4",260,inssec,21,24,0.3768153496,6
2026-05-27,co,RM08,unknown,"1.2.4",70,ALL,56,98,2.0526409641,8
2026-05-27,co,RM08,unknown,"1.2.4",70,ccopen,48,48,1.7914417210,4
2026-05-27,co,RM08,unknown,"1.2.4",70,hhopen,12,25,0.2055620018,0
2026-05-27,cr,RM06B,facebook,"1.3.4",235,ALL,195,988,27.4547500000,550
2026-05-27,cr,RM06B,facebook,"1.3.4",235,albcp,26,26,0.4888500000,15
2026-05-27,cr,RM06B,facebook,"1.3.4",235,bkcp,34,38,0.4017000000,12
2026-05-27,cr,RM06B,facebook,"1.3.4",235,cl_open,154,183,10.5110500000,154
2026-05-27,cr,RM06B,facebook,"1.3.4",235,ho_open,110,290,7.6768000000,133
2026-05-27,cr,RM06B,facebook,"1.3.4",235,ngdcp,93,93,2.9144000000,71
2026-05-27,cr,RM06B,facebook,"1.3.4",235,searcp,38,47,0.6393500000,37
2026-05-27,cr,RM06B,facebook,"1.3.4",235,skpcp,21,43,0.8371500000,14
2026-05-27,cr,RM06B,facebook,"1.3.4",235,splcp,89,128,2.6141000000,58
2026-05-27,cr,RM06B,facebook,"1.3.4",235,xzcp,34,110,0.8445500000,42
2026-05-27,do,RM06B,Google Ads ACI,"1.3.4",50,ALL,26,291,2.0157000000,83
2026-05-27,do,RM06B,Google Ads ACI,"1.3.4",50,cl_open,16,21,0.7213500000,17
2026-05-27,do,RM06B,Google Ads ACI,"1.3.4",50,ho_open,16,55,0.4884500000,18
2026-05-27,do,RM06B,Google Ads ACI,"1.3.4",50,ngdcp,10,10,0.3298000000,9
2026-05-27,do,RM06B,Google Ads ACI,"1.3.4",50,xzcp,10,131,0.2583000000,20
2026-05-27,do,RM06B,facebook,"1.3.4",250,ALL,194,1243,25.6453500000,682
2026-05-27,do,RM06B,facebook,"1.3.4",250,albcp,27,31,0.4718500000,15
2026-05-27,do,RM06B,facebook,"1.3.4",250,bkcp,40,45,0.3844000000,16
2026-05-27,do,RM06B,facebook,"1.3.4",250,cl_open,132,154,9.4982000000,165
2026-05-27,do,RM06B,facebook,"1.3.4",250,cscp,14,20,0.1413000000,13
2026-05-27,do,RM06B,facebook,"1.3.4",250,ho_open,116,333,8.4743000000,156
2026-05-27,do,RM06B,facebook,"1.3.4",250,ngdcp,81,83,2.0447500000,86
2026-05-27,do,RM06B,facebook,"1.3.4",250,searcp,43,53,0.5179500000,23
2026-05-27,do,RM06B,facebook,"1.3.4",250,skpcp,21,49,0.4624500000,21
2026-05-27,do,RM06B,facebook,"1.3.4",250,splcp,93,160,2.2836000000,69
2026-05-27,do,RM06B,facebook,"1.3.4",250,xzcp,48,296,1.1743000000,107
2026-05-27,ec,RM06B,Google Ads ACI,"1.3.4",75,ALL,43,412,2.1860000000,158
2026-05-27,ec,RM06B,Google Ads ACI,"1.3.4",75,bkcp,18,23,0.0313500000,9
2026-05-27,ec,RM06B,Google Ads ACI,"1.3.4",75,cl_open,30,37,0.8102500000,19
2026-05-27,ec,RM06B,Google Ads ACI,"1.3.4",75,ho_open,26,67,0.4666500000,29
2026-05-27,ec,RM06B,Google Ads ACI,"1.3.4",75,ngdcp,26,26,0.3722000000,20
2026-05-27,ec,RM06B,Google Ads ACI,"1.3.4",75,searcp,23,30,0.0971000000,7
2026-05-27,ec,RM06B,Google Ads ACI,"1.3.4",75,splcp,25,47,0.1488500000,17
2026-05-27,ec,RM06B,Google Ads ACI,"1.3.4",75,xzcp,13,94,0.1439000000,22
2026-05-27,ec,RM06B,TIKTOK,"1.3.4",81,ALL,69,463,7.6754000000,256
2026-05-27,ec,RM06B,TIKTOK,"1.3.4",81,albcp,13,14,0.0495000000,1
2026-05-27,ec,RM06B,TIKTOK,"1.3.4",81,bkcp,13,15,0.0203500000,2
2026-05-27,ec,RM06B,TIKTOK,"1.3.4",81,cl_open,55,65,2.7129500000,76
2026-05-27,ec,RM06B,TIKTOK,"1.3.4",81,ho_open,39,123,2.6213500000,59
2026-05-27,ec,RM06B,TIKTOK,"1.3.4",81,ngdcp,27,29,0.3169500000,25
2026-05-27,ec,RM06B,TIKTOK,"1.3.4",81,searcp,19,25,0.2289500000,9
2026-05-27,ec,RM06B,TIKTOK,"1.3.4",81,skpcp,10,32,0.0924000000,12
2026-05-27,ec,RM06B,TIKTOK,"1.3.4",81,splcp,36,67,0.8001500000,31
2026-05-27,ec,RM06B,TIKTOK,"1.3.4",81,xzcp,22,78,0.7748000000,33
2026-05-27,ec,RM06B,facebook,"1.3.4",746,ALL,598,4106,46.8898500000,1994
2026-05-27,ec,RM06B,facebook,"1.3.4",746,albcp,95,113,1.0397500000,67
2026-05-27,ec,RM06B,facebook,"1.3.4",746,bkcp,122,139,0.6966500000,52
2026-05-27,ec,RM06B,facebook,"1.3.4",746,cl_open,444,507,17.1281500000,498
2026-05-27,ec,RM06B,facebook,"1.3.4",746,cscp,38,51,0.3545500000,14
2026-05-27,ec,RM06B,facebook,"1.3.4",746,ho_open,360,1005,11.5861000000,437
2026-05-27,ec,RM06B,facebook,"1.3.4",746,ngdcp,338,353,5.3617500000,221
2026-05-27,ec,RM06B,facebook,"1.3.4",746,offlcp,40,47,0.1302000000,18
2026-05-27,ec,RM06B,facebook,"1.3.4",746,rkgcp,10,11,0.1992500000,2
2026-05-27,ec,RM06B,facebook,"1.3.4",746,searcp,149,200,1.3511000000,82
2026-05-27,ec,RM06B,facebook,"1.3.4",746,secp,13,13,0.1050500000,9
2026-05-27,ec,RM06B,facebook,"1.3.4",746,skpcp,88,315,1.3583500000,113
2026-05-27,ec,RM06B,facebook,"1.3.4",746,splcp,324,560,4.5352000000,160
2026-05-27,ec,RM06B,facebook,"1.3.4",746,xzcp,152,775,2.9840000000,316
2026-05-27,ec,RM06B,unknown,"1.3.4",115,ALL,108,114,3.0581500000,3
2026-05-27,ec,RM06B,unknown,"1.3.4",115,cl_open,103,105,3.0104500000,1
2026-05-27,ec,RM08,facebook,"1.2.4",79,ALL,51,170,4.1343965486,132
2026-05-27,ec,RM08,facebook,"1.2.4",79,ccopen,33,39,1.3895937140,59
2026-05-27,ec,RM08,facebook,"1.2.4",79,hhopen,26,58,1.5030484827,32
2026-05-27,ec,RM08,facebook,"1.2.4",79,insabb,12,14,0.1721871821,11
2026-05-27,ec,RM08,facebook,"1.2.4",79,insnewgd,20,21,0.6640357332,14
2026-05-27,es,RM06B,Google Ads ACI,"1.3.4",85,ALL,70,973,6.7419500000,245
2026-05-27,es,RM06B,Google Ads ACI,"1.3.4",85,bkcp,32,42,0.2971000000,16
2026-05-27,es,RM06B,Google Ads ACI,"1.3.4",85,cl_open,58,105,2.2443500000,30
2026-05-27,es,RM06B,Google Ads ACI,"1.3.4",85,cscp,14,21,0.0557500000,7
2026-05-27,es,RM06B,Google Ads ACI,"1.3.4",85,ho_open,49,227,1.3052500000,63
2026-05-27,es,RM06B,Google Ads ACI,"1.3.4",85,ngdcp,44,46,0.5762000000,11
2026-05-27,es,RM06B,Google Ads ACI,"1.3.4",85,offlcp,12,14,0.0257000000,0
2026-05-27,es,RM06B,Google Ads ACI,"1.3.4",85,searcp,46,89,0.8127500000,31
2026-05-27,es,RM06B,Google Ads ACI,"1.3.4",85,splcp,46,90,0.5472000000,13
2026-05-27,es,RM06B,Google Ads ACI,"1.3.4",85,xzcp,32,294,0.7470000000,56
2026-05-27,es,RM06B,facebook,"1.3.4",354,ALL,285,1487,80.2405000000,682
2026-05-27,es,RM06B,facebook,"1.3.4",354,albcp,17,17,0.6988500000,11
2026-05-27,es,RM06B,facebook,"1.3.4",354,bkcp,43,45,1.7161000000,18
2026-05-27,es,RM06B,facebook,"1.3.4",354,cl_open,190,223,27.0782500000,158
2026-05-27,es,RM06B,facebook,"1.3.4",354,ho_open,176,448,22.8798000000,211
2026-05-27,es,RM06B,facebook,"1.3.4",354,ngdcp,128,131,7.2905000000,69
2026-05-27,es,RM06B,facebook,"1.3.4",354,offlcp,17,19,0.5735500000,6
2026-05-27,es,RM06B,facebook,"1.3.4",354,rkgcp,12,13,0.4001500000,1
2026-05-27,es,RM06B,facebook,"1.3.4",354,searcp,73,112,4.2502000000,46
2026-05-27,es,RM06B,facebook,"1.3.4",354,skpcp,24,63,2.1337000000,35
2026-05-27,es,RM06B,facebook,"1.3.4",354,splcp,130,179,8.1184500000,56
2026-05-27,es,RM06B,facebook,"1.3.4",354,xzcp,52,205,3.7244500000,61
2026-05-27,gh,RM06B,Google Ads ACI,"1.3.4",50,ALL,29,199,1.7479000000,97
2026-05-27,gh,RM06B,Google Ads ACI,"1.3.4",50,cl_open,17,17,0.4497500000,19
2026-05-27,gh,RM06B,Google Ads ACI,"1.3.4",50,ho_open,19,36,0.4513500000,19
2026-05-27,gh,RM06B,Google Ads ACI,"1.3.4",50,splcp,13,21,0.0770000000,11
2026-05-27,gh,RM06B,Google Ads ACI,"1.3.4",50,xzcp,10,91,0.2430000000,37
2026-05-27,gh,RM06B,facebook,"1.3.4",295,ALL,256,1637,23.9800500000,919
2026-05-27,gh,RM06B,facebook,"1.3.4",295,albcp,87,98,1.3609000000,76
2026-05-27,gh,RM06B,facebook,"1.3.4",295,bkcp,48,58,0.7715000000,17
2026-05-27,gh,RM06B,facebook,"1.3.4",295,cl_open,137,149,5.0882500000,167
2026-05-27,gh,RM06B,facebook,"1.3.4",295,cscp,27,34,0.1941000000,10
2026-05-27,gh,RM06B,facebook,"1.3.4",295,ho_open,166,439,8.2185500000,232
2026-05-27,gh,RM06B,facebook,"1.3.4",295,ngdcp,91,95,1.7105500000,70
2026-05-27,gh,RM06B,facebook,"1.3.4",295,offlcp,10,11,0.1062500000,3
2026-05-27,gh,RM06B,facebook,"1.3.4",295,searcp,40,59,0.8503000000,34
2026-05-27,gh,RM06B,facebook,"1.3.4",295,skpcp,40,118,0.9262000000,64
2026-05-27,gh,RM06B,facebook,"1.3.4",295,splcp,118,204,2.6071500000,109
2026-05-27,gh,RM06B,facebook,"1.3.4",295,xzcp,76,355,1.9435500000,132
2026-05-27,gn,RM06B,facebook,"1.3.4",63,ALL,46,154,1.5670500000,89
2026-05-27,gn,RM06B,facebook,"1.3.4",63,cl_open,27,27,0.2885500000,26
2026-05-27,gn,RM06B,facebook,"1.3.4",63,ho_open,31,56,0.6393500000,26
2026-05-27,gn,RM06B,facebook,"1.3.4",63,ngdcp,15,15,0.3538000000,13
2026-05-27,gn,RM06B,facebook,"1.3.4",63,splcp,18,19,0.1577500000,14
2026-05-27,gt,RM06B,Google Ads ACI,"1.3.4",156,ALL,92,873,5.3896500000,388
2026-05-27,gt,RM06B,Google Ads ACI,"1.3.4",156,bkcp,32,40,0.1004500000,20
2026-05-27,gt,RM06B,Google Ads ACI,"1.3.4",156,cl_open,62,73,1.8367500000,65
2026-05-27,gt,RM06B,Google Ads ACI,"1.3.4",156,ho_open,69,253,1.5854500000,86
2026-05-27,gt,RM06B,Google Ads ACI,"1.3.4",156,ngdcp,46,47,0.4397500000,29
2026-05-27,gt,RM06B,Google Ads ACI,"1.3.4",156,offlcp,16,17,0.0243500000,9
2026-05-27,gt,RM06B,Google Ads ACI,"1.3.4",156,searcp,47,69,0.5073500000,39
2026-05-27,gt,RM06B,Google Ads ACI,"1.3.4",156,skpcp,14,36,0.0666500000,16
2026-05-27,gt,RM06B,Google Ads ACI,"1.3.4",156,splcp,66,123,0.4059000000,42
2026-05-27,gt,RM06B,Google Ads ACI,"1.3.4",156,xzcp,37,192,0.3725500000,74
2026-05-27,gt,RM06B,TIKTOK,"1.3.4",129,ALL,113,856,11.6321500000,467
2026-05-27,gt,RM06B,TIKTOK,"1.3.4",129,albcp,10,15,0.1532500000,4
2026-05-27,gt,RM06B,TIKTOK,"1.3.4",129,bkcp,24,29,0.1729500000,9
2026-05-27,gt,RM06B,TIKTOK,"1.3.4",129,cl_open,88,100,4.5257000000,128
2026-05-27,gt,RM06B,TIKTOK,"1.3.4",129,ho_open,78,243,2.8123500000,124
2026-05-27,gt,RM06B,TIKTOK,"1.3.4",129,ngdcp,63,67,0.9601500000,49
2026-05-27,gt,RM06B,TIKTOK,"1.3.4",129,searcp,46,53,0.7806500000,38
2026-05-27,gt,RM06B,TIKTOK,"1.3.4",129,skpcp,30,74,0.4447000000,24
2026-05-27,gt,RM06B,TIKTOK,"1.3.4",129,splcp,75,129,0.9335000000,37
2026-05-27,gt,RM06B,TIKTOK,"1.3.4",129,xzcp,41,111,0.6967500000,43
2026-05-27,gt,RM06B,facebook,"1.3.4",805,ALL,660,5047,51.7184500000,2457
2026-05-27,gt,RM06B,facebook,"1.3.4",805,albcp,93,105,0.8408500000,80
2026-05-27,gt,RM06B,facebook,"1.3.4",805,bkcp,163,193,0.5423500000,43
2026-05-27,gt,RM06B,facebook,"1.3.4",805,cl_open,460,543,17.4818500000,548
2026-05-27,gt,RM06B,facebook,"1.3.4",805,cscp,61,83,0.2064000000,24
2026-05-27,gt,RM06B,facebook,"1.3.4",805,ho_open,471,1563,13.9532500000,705
2026-05-27,gt,RM06B,facebook,"1.3.4",805,lkcp,13,15,0.0209000000,3
2026-05-27,gt,RM06B,facebook,"1.3.4",805,ngdcp,367,372,5.0580000000,249
2026-05-27,gt,RM06B,facebook,"1.3.4",805,offlcp,43,48,0.1711000000,23
2026-05-27,gt,RM06B,facebook,"1.3.4",805,searcp,243,337,3.0074000000,163
2026-05-27,gt,RM06B,facebook,"1.3.4",805,secp,24,24,0.1455000000,13
2026-05-27,gt,RM06B,facebook,"1.3.4",805,skpcp,126,427,1.6946500000,147
2026-05-27,gt,RM06B,facebook,"1.3.4",805,splcp,420,683,5.9991500000,264
2026-05-27,gt,RM06B,facebook,"1.3.4",805,stccp,11,11,0.0733500000,3
2026-05-27,gt,RM06B,facebook,"1.3.4",805,xzcp,202,630,2.4517500000,191
2026-05-27,gt,RM06B,unknown,"1.3.4",126,ALL,116,139,3.7062000000,18
2026-05-27,gt,RM06B,unknown,"1.3.4",126,cl_open,109,110,3.3514000000,3
2026-05-27,gt,RM06B,unknown,"1.3.4",126,ho_open,10,15,0.2138000000,9
2026-05-27,gt,RM06B,facebook,"1.3.5",71,ALL,57,455,4.6429000000,239
2026-05-27,gt,RM06B,facebook,"1.3.5",71,bkcp,12,16,0.0777000000,7
2026-05-27,gt,RM06B,facebook,"1.3.5",71,cl_open,39,46,1.7844000000,47
2026-05-27,gt,RM06B,facebook,"1.3.5",71,ho_open,40,130,1.1938000000,63
2026-05-27,gt,RM06B,facebook,"1.3.5",71,ngdcp,33,33,0.3878500000,21
2026-05-27,gt,RM06B,facebook,"1.3.5",71,searcp,20,33,0.1699500000,21
2026-05-27,gt,RM06B,facebook,"1.3.5",71,splcp,36,61,0.5173000000,30
2026-05-27,gt,RM06B,facebook,"1.3.5",71,xzcp,17,97,0.3396500000,40
2026-05-27,gt,RM08,facebook,"1.2.4",54,ALL,45,277,3.4800021064,129
2026-05-27,gt,RM08,facebook,"1.2.4",54,ccopen,29,39,1.0658811453,38
2026-05-27,gt,RM08,facebook,"1.2.4",54,hhopen,29,63,1.3056254825,40
2026-05-27,gt,RM08,facebook,"1.2.4",54,insback,11,11,0.0467334708,1
2026-05-27,gt,RM08,facebook,"1.2.4",54,insdown,10,53,0.1703842474,15
2026-05-27,gt,RM08,facebook,"1.2.4",54,insnewgd,16,16,0.2713355360,10
2026-05-27,gt,RM08,facebook,"1.2.4",54,insplayn,10,53,0.3614388838,9
2026-05-27,hk,RM08,facebook,"1.2.4",112,ALL,105,830,34.0753357052,273
2026-05-27,hk,RM08,facebook,"1.2.4",112,ccopen,83,100,9.8533616490,51
2026-05-27,hk,RM08,facebook,"1.2.4",112,hhopen,72,199,8.3027616927,70
2026-05-27,hk,RM08,facebook,"1.2.4",112,insabb,37,53,2.1351282415,14
2026-05-27,hk,RM08,facebook,"1.2.4",112,insback,34,43,1.3094676657,9
2026-05-27,hk,RM08,facebook,"1.2.4",112,inscon,29,84,1.4166236355,23
2026-05-27,hk,RM08,facebook,"1.2.4",112,insdown,43,185,3.6307371096,46
2026-05-27,hk,RM08,facebook,"1.2.4",112,inshg,13,13,0.1862104481,1
2026-05-27,hk,RM08,facebook,"1.2.4",112,insnewgd,58,64,4.1681734704,34
2026-05-27,hk,RM08,facebook,"1.2.4",112,inssec,29,40,1.4617975364,12
2026-05-27,hk,RM08,facebook,"1.2.4",112,inssp,11,21,0.5673363334,8
2026-05-27,hn,RM06B,Google Ads ACI,"1.3.4",61,ALL,35,338,1.5269000000,142
2026-05-27,hn,RM06B,Google Ads ACI,"1.3.4",61,cl_open,24,30,0.4489000000,23
2026-05-27,hn,RM06B,Google Ads ACI,"1.3.4",61,ho_open,26,71,0.5260500000,41
2026-05-27,hn,RM06B,Google Ads ACI,"1.3.4",61,ngdcp,13,13,0.0881500000,4
2026-05-27,hn,RM06B,Google Ads ACI,"1.3.4",61,searcp,11,15,0.0510500000,4
2026-05-27,hn,RM06B,Google Ads ACI,"1.3.4",61,splcp,17,38,0.1341000000,8
2026-05-27,hn,RM06B,Google Ads ACI,"1.3.4",61,xzcp,11,122,0.1231500000,34
2026-05-27,hn,RM06B,facebook,"1.3.4",509,ALL,424,2537,24.9917500000,1359
2026-05-27,hn,RM06B,facebook,"1.3.4",509,albcp,55,60,0.4805000000,32
2026-05-27,hn,RM06B,facebook,"1.3.4",509,bkcp,80,84,0.4165000000,31
2026-05-27,hn,RM06B,facebook,"1.3.4",509,cl_open,295,322,7.8979000000,335
2026-05-27,hn,RM06B,facebook,"1.3.4",509,cscp,20,24,0.1327500000,10
2026-05-27,hn,RM06B,facebook,"1.3.4",509,ho_open,250,758,7.3397000000,368
2026-05-27,hn,RM06B,facebook,"1.3.4",509,ngdcp,212,215,2.6972500000,144
2026-05-27,hn,RM06B,facebook,"1.3.4",509,offlcp,13,15,0.0326500000,5
2026-05-27,hn,RM06B,facebook,"1.3.4",509,searcp,108,131,0.8189000000,74
2026-05-27,hn,RM06B,facebook,"1.3.4",509,skpcp,88,179,1.0793500000,70
2026-05-27,hn,RM06B,facebook,"1.3.4",509,splcp,230,324,2.6301000000,153
2026-05-27,hn,RM06B,facebook,"1.3.4",509,xzcp,109,409,1.3798000000,129
2026-05-27,hn,RM06B,unknown,"1.3.4",60,ALL,56,70,1.8811000000,16
2026-05-27,hn,RM06B,unknown,"1.3.4",60,cl_open,51,53,1.6531500000,6
2026-05-27,hn,RM06B,unknown,"1.3.4",60,ho_open,10,11,0.1862500000,7
2026-05-27,id,RM06B,Google Ads ACI,"1.3.4",2635,ALL,2129,14476,97.7813000000,7956
2026-05-27,id,RM06B,Google Ads ACI,"1.3.4",2635,albcp,306,338,2.3393500000,171
2026-05-27,id,RM06B,Google Ads ACI,"1.3.4",2635,bkcp,601,752,2.6650500000,390
2026-05-27,id,RM06B,Google Ads ACI,"1.3.4",2635,cl_open,1339,1685,28.6077500000,1446
2026-05-27,id,RM06B,Google Ads ACI,"1.3.4",2635,cscp,195,257,0.7428500000,190
2026-05-27,id,RM06B,Google Ads ACI,"1.3.4",2635,ho_open,1343,4094,27.5748000000,2286
2026-05-27,id,RM06B,Google Ads ACI,"1.3.4",2635,lkcp,27,28,0.0764500000,19
2026-05-27,id,RM06B,Google Ads ACI,"1.3.4",2635,ngdcp,989,1034,9.7613000000,729
2026-05-27,id,RM06B,Google Ads ACI,"1.3.4",2635,offlcp,166,182,0.4624000000,71
2026-05-27,id,RM06B,Google Ads ACI,"1.3.4",2635,rkgcp,27,27,0.1570000000,17
2026-05-27,id,RM06B,Google Ads ACI,"1.3.4",2635,searcp,734,960,5.8770500000,501
2026-05-27,id,RM06B,Google Ads ACI,"1.3.4",2635,secp,48,48,0.3131000000,18
2026-05-27,id,RM06B,Google Ads ACI,"1.3.4",2635,skpcp,140,275,0.9858500000,125
2026-05-27,id,RM06B,Google Ads ACI,"1.3.4",2635,splcp,1169,1983,9.7835000000,911
2026-05-27,id,RM06B,Google Ads ACI,"1.3.4",2635,stccp,35,35,0.2274000000,23
2026-05-27,id,RM06B,Google Ads ACI,"1.3.4",2635,xzcp,694,2769,8.1993500000,1054
2026-05-27,id,RM06B,facebook,"1.3.4",468,ALL,348,2024,29.6291000000,1290
2026-05-27,id,RM06B,facebook,"1.3.4",468,albcp,68,70,1.2778000000,36
2026-05-27,id,RM06B,facebook,"1.3.4",468,bkcp,87,93,0.7273000000,47
2026-05-27,id,RM06B,facebook,"1.3.4",468,cl_open,204,247,7.6007500000,268
2026-05-27,id,RM06B,facebook,"1.3.4",468,cscp,16,19,0.1076500000,6
2026-05-27,id,RM06B,facebook,"1.3.4",468,ho_open,243,686,10.5042000000,422
2026-05-27,id,RM06B,facebook,"1.3.4",468,ngdcp,155,155,3.0921500000,126
2026-05-27,id,RM06B,facebook,"1.3.4",468,offlcp,13,13,0.0471500000,2
2026-05-27,id,RM06B,facebook,"1.3.4",468,searcp,119,142,1.8066500000,96
2026-05-27,id,RM06B,facebook,"1.3.4",468,secp,10,10,0.3003000000,10
2026-05-27,id,RM06B,facebook,"1.3.4",468,skpcp,34,94,0.3129500000,44
2026-05-27,id,RM06B,facebook,"1.3.4",468,splcp,176,249,2.8493500000,135
2026-05-27,id,RM06B,facebook,"1.3.4",468,xzcp,69,232,0.9117500000,93
2026-05-27,id,RM06B,unknown,"1.3.4",573,ALL,353,1201,6.3360500000,416
2026-05-27,id,RM06B,unknown,"1.3.4",573,albcp,15,15,0.0339500000,7
2026-05-27,id,RM06B,unknown,"1.3.4",573,bkcp,41,48,0.0694500000,10
2026-05-27,id,RM06B,unknown,"1.3.4",573,cl_open,289,318,4.3100000000,87
2026-05-27,id,RM06B,unknown,"1.3.4",573,ho_open,104,267,0.7160500000,97
2026-05-27,id,RM06B,unknown,"1.3.4",573,ngdcp,51,54,0.1596000000,30
2026-05-27,id,RM06B,unknown,"1.3.4",573,offlcp,11,11,0.0201500000,5
2026-05-27,id,RM06B,unknown,"1.3.4",573,searcp,54,72,0.2672000000,25
2026-05-27,id,RM06B,unknown,"1.3.4",573,skpcp,11,27,0.0384500000,4
2026-05-27,id,RM06B,unknown,"1.3.4",573,splcp,73,136,0.2199500000,45
2026-05-27,id,RM06B,unknown,"1.3.4",573,xzcp,42,234,0.4881500000,99
2026-05-27,id,RM06B,Google Ads ACI,"1.3.5",341,ALL,268,1776,10.7365500000,1025
2026-05-27,id,RM06B,Google Ads ACI,"1.3.5",341,albcp,47,53,0.3390000000,23
2026-05-27,id,RM06B,Google Ads ACI,"1.3.5",341,bkcp,73,95,0.4536500000,35
2026-05-27,id,RM06B,Google Ads ACI,"1.3.5",341,cl_open,144,160,2.4550000000,125
2026-05-27,id,RM06B,Google Ads ACI,"1.3.5",341,cscp,22,28,0.1100000000,8
2026-05-27,id,RM06B,Google Ads ACI,"1.3.5",341,ho_open,168,421,2.5365500000,257
2026-05-27,id,RM06B,Google Ads ACI,"1.3.5",341,ngdcp,131,135,1.6729500000,119
2026-05-27,id,RM06B,Google Ads ACI,"1.3.5",341,offlcp,24,25,0.0481500000,6
2026-05-27,id,RM06B,Google Ads ACI,"1.3.5",341,searcp,97,122,0.8295500000,55
2026-05-27,id,RM06B,Google Ads ACI,"1.3.5",341,skpcp,25,36,0.1736500000,30
2026-05-27,id,RM06B,Google Ads ACI,"1.3.5",341,splcp,146,234,0.9538500000,120
2026-05-27,id,RM06B,Google Ads ACI,"1.3.5",341,xzcp,93,444,1.1097500000,242
2026-05-27,id,RM08,Google Ads ACI,"1.2.4",72,ALL,58,776,3.2213375323,291
2026-05-27,id,RM08,Google Ads ACI,"1.2.4",72,ccopen,44,64,0.5857187287,48
2026-05-27,id,RM08,Google Ads ACI,"1.2.4",72,hhopen,37,129,0.7567984025,46
2026-05-27,id,RM08,Google Ads ACI,"1.2.4",72,insback,27,37,0.0952987563,12
2026-05-27,id,RM08,Google Ads ACI,"1.2.4",72,inscon,35,150,0.5402841166,65
2026-05-27,id,RM08,Google Ads ACI,"1.2.4",72,insdown,36,222,0.5279615946,58
2026-05-27,id,RM08,Google Ads ACI,"1.2.4",72,inshg,14,18,0.0234529020,5
2026-05-27,id,RM08,Google Ads ACI,"1.2.4",72,insnewgd,28,30,0.1462283590,15
2026-05-27,id,RM08,Google Ads ACI,"1.2.4",72,inssec,41,75,0.3074418699,27
2026-05-27,id,RM08,Google Ads ACI,"1.2.4",72,inssp,10,16,0.0170688307,2
2026-05-27,id,RM08,facebook,"1.2.4",380,ALL,292,1904,26.1475619168,1008
2026-05-27,id,RM08,facebook,"1.2.4",380,ccopen,182,242,6.9446537739,210
2026-05-27,id,RM08,facebook,"1.2.4",380,hhopen,177,492,7.8175155554,262
2026-05-27,id,RM08,facebook,"1.2.4",380,insabb,54,65,0.6497696856,33
2026-05-27,id,RM08,facebook,"1.2.4",380,insatt,15,15,0.2892899608,13
2026-05-27,id,RM08,facebook,"1.2.4",380,insback,66,79,0.7485270609,46
2026-05-27,id,RM08,facebook,"1.2.4",380,inscon,70,174,1.1109314615,75
2026-05-27,id,RM08,facebook,"1.2.4",380,insdown,97,475,3.2164262211,190
2026-05-27,id,RM08,facebook,"1.2.4",380,inshg,13,15,0.1086521437,3
2026-05-27,id,RM08,facebook,"1.2.4",380,insnewgd,119,121,2.8929872463,71
2026-05-27,id,RM08,facebook,"1.2.4",380,insplayn,48,112,1.5342098770,53
2026-05-27,id,RM08,facebook,"1.2.4",380,inssec,51,67,0.5194841988,29
2026-05-27,id,RM08,facebook,"1.2.4",380,inssp,24,37,0.2093300163,17
2026-05-27,id,RM08,unknown,"1.2.4",61,ALL,50,94,1.3987891909,15
2026-05-27,id,RM08,unknown,"1.2.4",61,ccopen,37,41,0.9649349694,10
2026-05-27,id,RM08,unknown,"1.2.4",61,hhopen,13,29,0.2536598486,2
2026-05-27,iq,RM06B,Google Ads ACI,"1.3.4",52,ALL,46,432,0.3273500000,83
2026-05-27,iq,RM06B,Google Ads ACI,"1.3.4",52,bkcp,16,22,0.0152000000,1
2026-05-27,iq,RM06B,Google Ads ACI,"1.3.4",52,cl_open,32,37,0.0665500000,17
2026-05-27,iq,RM06B,Google Ads ACI,"1.3.4",52,ho_open,26,65,0.0410000000,15
2026-05-27,iq,RM06B,Google Ads ACI,"1.3.4",52,ngdcp,23,23,0.0338500000,8
2026-05-27,iq,RM06B,Google Ads ACI,"1.3.4",52,searcp,33,50,0.0621000000,8
2026-05-27,iq,RM06B,Google Ads ACI,"1.3.4",52,splcp,33,73,0.0277500000,11
2026-05-27,iq,RM06B,Google Ads ACI,"1.3.4",52,xzcp,24,132,0.0688500000,18
2026-05-27,ke,RM06B,Google Ads ACI,"1.3.4",87,ALL,55,533,5.3615000000,305
2026-05-27,ke,RM06B,Google Ads ACI,"1.3.4",87,bkcp,12,18,0.1889000000,12
2026-05-27,ke,RM06B,Google Ads ACI,"1.3.4",87,cl_open,25,30,0.9066000000,32
2026-05-27,ke,RM06B,Google Ads ACI,"1.3.4",87,ho_open,38,124,1.7113500000,79
2026-05-27,ke,RM06B,Google Ads ACI,"1.3.4",87,ngdcp,13,13,0.4704500000,10
2026-05-27,ke,RM06B,Google Ads ACI,"1.3.4",87,searcp,18,30,0.4097000000,15
2026-05-27,ke,RM06B,Google Ads ACI,"1.3.4",87,splcp,32,71,0.7206000000,56
2026-05-27,ke,RM06B,Google Ads ACI,"1.3.4",87,xzcp,31,217,0.6736000000,86
2026-05-27,ke,RM06B,facebook,"1.3.4",392,ALL,331,2771,27.7399000000,1324
2026-05-27,ke,RM06B,facebook,"1.3.4",392,albcp,75,95,0.8464000000,44
2026-05-27,ke,RM06B,facebook,"1.3.4",392,bkcp,88,105,0.5853500000,42
2026-05-27,ke,RM06B,facebook,"1.3.4",392,cl_open,177,198,8.0559000000,166
2026-05-27,ke,RM06B,facebook,"1.3.4",392,cscp,30,50,0.2049500000,21
2026-05-27,ke,RM06B,facebook,"1.3.4",392,ho_open,227,642,6.8156000000,314
2026-05-27,ke,RM06B,facebook,"1.3.4",392,ngdcp,135,138,2.9848500000,85
2026-05-27,ke,RM06B,facebook,"1.3.4",392,offlcp,22,24,0.1258000000,14
2026-05-27,ke,RM06B,facebook,"1.3.4",392,searcp,97,160,1.2907500000,78
2026-05-27,ke,RM06B,facebook,"1.3.4",392,skpcp,43,121,0.5772000000,33
2026-05-27,ke,RM06B,facebook,"1.3.4",392,splcp,180,375,3.4013000000,182
2026-05-27,ke,RM06B,facebook,"1.3.4",392,xzcp,152,844,2.7065500000,337
2026-05-27,ke,RM08,Google Ads ACI,"1.2.4",59,ALL,45,288,1.8321789610,103
2026-05-27,ke,RM08,Google Ads ACI,"1.2.4",59,ccopen,26,27,0.4974647283,16
2026-05-27,ke,RM08,Google Ads ACI,"1.2.4",59,hhopen,22,45,0.2924325148,14
2026-05-27,ke,RM08,Google Ads ACI,"1.2.4",59,insback,13,14,0.0647217613,2
2026-05-27,ke,RM08,Google Ads ACI,"1.2.4",59,inscon,15,23,0.1189004062,6
2026-05-27,ke,RM08,Google Ads ACI,"1.2.4",59,insdown,23,100,0.3918485975,27
2026-05-27,ke,RM08,Google Ads ACI,"1.2.4",59,insnewgd,18,19,0.1491134086,11
2026-05-27,ke,RM08,Google Ads ACI,"1.2.4",59,inssec,21,24,0.1914736109,13
2026-05-27,ke,RM08,facebook,"1.2.4",57,ALL,48,238,3.2201830639,99
2026-05-27,ke,RM08,facebook,"1.2.4",57,ccopen,34,37,1.1725049657,22
2026-05-27,ke,RM08,facebook,"1.2.4",57,hhopen,26,64,0.7973937308,23
2026-05-27,ke,RM08,facebook,"1.2.4",57,inscon,10,16,0.1250933307,5
2026-05-27,ke,RM08,facebook,"1.2.4",57,insdown,20,41,0.4315110122,16
2026-05-27,ke,RM08,facebook,"1.2.4",57,insnewgd,22,22,0.3456020963,14
2026-05-27,lr,RM06B,facebook,"1.3.4",58,ALL,51,155,1.9672500000,84
2026-05-27,lr,RM06B,facebook,"1.3.4",58,bkcp,12,12,0.1874500000,4
2026-05-27,lr,RM06B,facebook,"1.3.4",58,cl_open,25,28,0.6092000000,25
2026-05-27,lr,RM06B,facebook,"1.3.4",58,ho_open,30,54,0.4973000000,25
2026-05-27,lr,RM06B,facebook,"1.3.4",58,ngdcp,16,16,0.2201000000,7
2026-05-27,lr,RM06B,facebook,"1.3.4",58,splcp,13,15,0.2150000000,5
2026-05-27,ma,RM06B,Google Ads ACI,"1.3.4",79,ALL,59,787,0.9704500000,268
2026-05-27,ma,RM06B,Google Ads ACI,"1.3.4",79,albcp,10,14,0.0217500000,5
2026-05-27,ma,RM06B,Google Ads ACI,"1.3.4",79,bkcp,31,51,0.0537500000,14
2026-05-27,ma,RM06B,Google Ads ACI,"1.3.4",79,cl_open,27,35,0.2208500000,40
2026-05-27,ma,RM06B,Google Ads ACI,"1.3.4",79,cscp,12,16,0.0114500000,15
2026-05-27,ma,RM06B,Google Ads ACI,"1.3.4",79,ho_open,37,102,0.1169500000,44
2026-05-27,ma,RM06B,Google Ads ACI,"1.3.4",79,ngdcp,21,22,0.0514000000,7
2026-05-27,ma,RM06B,Google Ads ACI,"1.3.4",79,searcp,37,65,0.0743000000,19
2026-05-27,ma,RM06B,Google Ads ACI,"1.3.4",79,splcp,40,106,0.1494000000,43
2026-05-27,ma,RM06B,Google Ads ACI,"1.3.4",79,xzcp,35,346,0.2440000000,71
2026-05-27,mx,RM06B,facebook,"1.3.3",107,ALL,81,515,13.2189000000,246
2026-05-27,mx,RM06B,facebook,"1.3.3",107,cl_open,63,81,4.8590500000,46
2026-05-27,mx,RM06B,facebook,"1.3.3",107,ho_open,47,129,3.1374500000,46
2026-05-27,mx,RM06B,facebook,"1.3.3",107,ngdcp,36,38,1.5570500000,23
2026-05-27,mx,RM06B,facebook,"1.3.3",107,searcp,24,28,0.8006000000,16
2026-05-27,mx,RM06B,facebook,"1.3.3",107,skpcp,12,31,0.2272000000,15
2026-05-27,mx,RM06B,facebook,"1.3.3",107,splcp,42,55,0.9499500000,26
2026-05-27,mx,RM06B,facebook,"1.3.3",107,xzcp,28,119,1.4529500000,56
2026-05-27,mx,RM06B,Google Ads ACI,"1.3.4",847,ALL,473,6545,53.9544000000,2263
2026-05-27,mx,RM06B,Google Ads ACI,"1.3.4",847,albcp,85,114,1.3822000000,44
2026-05-27,mx,RM06B,Google Ads ACI,"1.3.4",847,bkcp,202,305,1.3726000000,72
2026-05-27,mx,RM06B,Google Ads ACI,"1.3.4",847,cl_open,323,442,14.1541000000,239
2026-05-27,mx,RM06B,Google Ads ACI,"1.3.4",847,cscp,60,77,0.2487000000,26
2026-05-27,mx,RM06B,Google Ads ACI,"1.3.4",847,ho_open,293,1341,11.4134000000,535
2026-05-27,mx,RM06B,Google Ads ACI,"1.3.4",847,lkcp,13,15,0.1079500000,6
2026-05-27,mx,RM06B,Google Ads ACI,"1.3.4",847,ngdcp,269,279,4.2554500000,125
2026-05-27,mx,RM06B,Google Ads ACI,"1.3.4",847,offlcp,83,93,0.4269500000,34
2026-05-27,mx,RM06B,Google Ads ACI,"1.3.4",847,searcp,273,452,4.2697000000,145
2026-05-27,mx,RM06B,Google Ads ACI,"1.3.4",847,secp,17,17,0.2178000000,12
2026-05-27,mx,RM06B,Google Ads ACI,"1.3.4",847,skpcp,76,377,1.6246000000,128
2026-05-27,mx,RM06B,Google Ads ACI,"1.3.4",847,splcp,287,770,4.6499000000,253
2026-05-27,mx,RM06B,Google Ads ACI,"1.3.4",847,xzcp,246,2241,9.6976000000,639
2026-05-27,mx,RM06B,TIKTOK,"1.3.4",96,ALL,89,587,12.0281500000,251
2026-05-27,mx,RM06B,TIKTOK,"1.3.4",96,albcp,12,12,0.1576000000,9
2026-05-27,mx,RM06B,TIKTOK,"1.3.4",96,bkcp,13,16,0.1481000000,6
2026-05-27,mx,RM06B,TIKTOK,"1.3.4",96,cl_open,68,78,5.2457000000,56
2026-05-27,mx,RM06B,TIKTOK,"1.3.4",96,ho_open,44,123,2.4130500000,50
2026-05-27,mx,RM06B,TIKTOK,"1.3.4",96,ngdcp,44,44,1.1993500000,23
2026-05-27,mx,RM06B,TIKTOK,"1.3.4",96,searcp,24,26,0.5209000000,4
2026-05-27,mx,RM06B,TIKTOK,"1.3.4",96,skpcp,11,38,0.2439000000,14
2026-05-27,mx,RM06B,TIKTOK,"1.3.4",96,splcp,47,75,0.9959000000,25
2026-05-27,mx,RM06B,TIKTOK,"1.3.4",96,xzcp,32,161,0.9595000000,59
2026-05-27,mx,RM06B,facebook,"1.3.4",6394,ALL,5307,39585,963.3101500000,17471
2026-05-27,mx,RM06B,facebook,"1.3.4",6394,albcp,803,949,21.2660000000,408
2026-05-27,mx,RM06B,facebook,"1.3.4",6394,bkcp,1178,1428,20.7753000000,480
2026-05-27,mx,RM06B,facebook,"1.3.4",6394,cl_open,3672,4402,286.8254000000,3383
2026-05-27,mx,RM06B,facebook,"1.3.4",6394,cscp,320,443,3.9728500000,181
2026-05-27,mx,RM06B,facebook,"1.3.4",6394,ho_open,3515,10416,299.8903000000,4441
2026-05-27,mx,RM06B,facebook,"1.3.4",6394,jclcp,44,52,0.3888500000,19
2026-05-27,mx,RM06B,facebook,"1.3.4",6394,lkcp,56,58,0.5465000000,21
2026-05-27,mx,RM06B,facebook,"1.3.4",6394,ngdcp,2456,2525,87.9344000000,1542
2026-05-27,mx,RM06B,facebook,"1.3.4",6394,offlcp,340,413,4.0649500000,151
2026-05-27,mx,RM06B,facebook,"1.3.4",6394,rkgcp,68,68,2.6848500000,31
2026-05-27,mx,RM06B,facebook,"1.3.4",6394,searcp,1400,1941,33.0272000000,818
2026-05-27,mx,RM06B,facebook,"1.3.4",6394,secp,110,110,2.3687500000,47
2026-05-27,mx,RM06B,facebook,"1.3.4",6394,skpcp,741,2504,23.9459000000,940
2026-05-27,mx,RM06B,facebook,"1.3.4",6394,splcp,2747,4886,97.9900500000,1875
2026-05-27,mx,RM06B,facebook,"1.3.4",6394,stccp,98,105,2.5091000000,39
2026-05-27,mx,RM06B,facebook,"1.3.4",6394,xzcp,1552,9285,75.1197500000,3095
2026-05-27,mx,RM06B,unknown,"1.3.4",877,ALL,783,1220,59.1333500000,220
2026-05-27,mx,RM06B,unknown,"1.3.4",877,bkcp,19,32,0.3407000000,18
2026-05-27,mx,RM06B,unknown,"1.3.4",877,cl_open,719,730,50.9040000000,25
2026-05-27,mx,RM06B,unknown,"1.3.4",877,ho_open,64,136,3.9320000000,43
2026-05-27,mx,RM06B,unknown,"1.3.4",877,ngdcp,40,40,2.3678000000,2
2026-05-27,mx,RM06B,unknown,"1.3.4",877,searcp,15,31,0.1597500000,13
2026-05-27,mx,RM06B,unknown,"1.3.4",877,splcp,26,56,0.3342500000,22
2026-05-27,mx,RM06B,unknown,"1.3.4",877,xzcp,14,104,0.4676000000,50
2026-05-27,mx,RM06B,Google Ads ACI,"1.3.5",56,ALL,29,239,3.2262500000,84
2026-05-27,mx,RM06B,Google Ads ACI,"1.3.5",56,bkcp,12,13,0.1537500000,2
2026-05-27,mx,RM06B,Google Ads ACI,"1.3.5",56,cl_open,21,25,0.9843500000,18
2026-05-27,mx,RM06B,Google Ads ACI,"1.3.5",56,ho_open,17,52,0.4614000000,14
2026-05-27,mx,RM06B,Google Ads ACI,"1.3.5",56,ngdcp,19,19,0.2888500000,7
2026-05-27,mx,RM06B,Google Ads ACI,"1.3.5",56,searcp,20,23,0.4458000000,9
2026-05-27,mx,RM06B,Google Ads ACI,"1.3.5",56,splcp,20,26,0.1826000000,6
2026-05-27,mx,RM06B,Google Ads ACI,"1.3.5",56,xzcp,15,56,0.5455500000,22
2026-05-27,mx,RM06B,facebook,"1.3.5",525,ALL,429,2301,65.4800000000,1033
2026-05-27,mx,RM06B,facebook,"1.3.5",525,albcp,59,65,2.3003000000,21
2026-05-27,mx,RM06B,facebook,"1.3.5",525,bkcp,75,82,0.9742000000,30
2026-05-27,mx,RM06B,facebook,"1.3.5",525,cl_open,280,329,20.8469500000,243
2026-05-27,mx,RM06B,facebook,"1.3.5",525,cscp,17,17,0.2395500000,6
2026-05-27,mx,RM06B,facebook,"1.3.5",525,ho_open,284,612,19.3057500000,274
2026-05-27,mx,RM06B,facebook,"1.3.5",525,ngdcp,218,218,7.0915000000,138
2026-05-27,mx,RM06B,facebook,"1.3.5",525,offlcp,27,31,0.1341500000,9
2026-05-27,mx,RM06B,facebook,"1.3.5",525,searcp,94,101,1.7367500000,47
2026-05-27,mx,RM06B,facebook,"1.3.5",525,skpcp,47,126,1.6377500000,29
2026-05-27,mx,RM06B,facebook,"1.3.5",525,splcp,221,287,6.8864000000,88
2026-05-27,mx,RM06B,facebook,"1.3.5",525,stccp,12,12,0.3656000000,3
2026-05-27,mx,RM06B,facebook,"1.3.5",525,xzcp,111,403,3.6102500000,138
2026-05-27,mx,RM06B,unknown,"1.3.5",59,ALL,55,65,5.2092500000,3
2026-05-27,mx,RM06B,unknown,"1.3.5",59,cl_open,51,52,4.7526000000,2
2026-05-27,mx,RM08,Google Ads ACI,"1.2.4",89,ALL,78,1115,9.3852291421,274
2026-05-27,mx,RM08,Google Ads ACI,"1.2.4",89,ccopen,48,65,1.5432494941,25
2026-05-27,mx,RM08,Google Ads ACI,"1.2.4",89,hhopen,48,176,2.2928783153,49
2026-05-27,mx,RM08,Google Ads ACI,"1.2.4",89,insabb,12,15,0.0911625492,6
2026-05-27,mx,RM08,Google Ads ACI,"1.2.4",89,insback,37,46,0.2582213181,7
2026-05-27,mx,RM08,Google Ads ACI,"1.2.4",89,inscon,36,114,0.6297838673,20
2026-05-27,mx,RM08,Google Ads ACI,"1.2.4",89,insdown,50,460,1.9453718496,96
2026-05-27,mx,RM08,Google Ads ACI,"1.2.4",89,inshg,15,18,0.0474086225,3
2026-05-27,mx,RM08,Google Ads ACI,"1.2.4",89,insnewgd,40,40,0.5631024520,20
2026-05-27,mx,RM08,Google Ads ACI,"1.2.4",89,insplayn,20,76,1.2646110224,27
2026-05-27,mx,RM08,Google Ads ACI,"1.2.4",89,inssec,46,73,0.5615202109,13
2026-05-27,mx,RM08,Google Ads ACI,"1.2.4",89,inssp,16,24,0.1547616030,8
2026-05-27,mx,RM08,facebook,"1.2.4",1293,ALL,1045,5671,217.8759085896,2690
2026-05-27,mx,RM08,facebook,"1.2.4",1293,ccopen,724,890,62.1817416817,708
2026-05-27,mx,RM08,facebook,"1.2.4",1293,hhopen,641,1590,67.9607086075,684
2026-05-27,mx,RM08,facebook,"1.2.4",1293,insabb,230,250,10.9016112732,124
2026-05-27,mx,RM08,facebook,"1.2.4",1293,insatt,17,17,0.6652440690,9
2026-05-27,mx,RM08,facebook,"1.2.4",1293,insback,199,213,5.0582274913,55
2026-05-27,mx,RM08,facebook,"1.2.4",1293,inscon,183,438,6.4839211200,168
2026-05-27,mx,RM08,facebook,"1.2.4",1293,insdown,256,1037,19.3032460690,390
2026-05-27,mx,RM08,facebook,"1.2.4",1293,inshg,23,24,0.3297204618,11
2026-05-27,mx,RM08,facebook,"1.2.4",1293,insnewgd,403,410,23.7582188420,241
2026-05-27,mx,RM08,facebook,"1.2.4",1293,inspa,12,12,0.3982033429,6
2026-05-27,mx,RM08,facebook,"1.2.4",1293,insplayn,216,517,13.4565619373,183
2026-05-27,mx,RM08,facebook,"1.2.4",1293,insrrr,12,12,0.5091957751,3
2026-05-27,mx,RM08,facebook,"1.2.4",1293,inssec,165,190,5.3121570832,81
2026-05-27,mx,RM08,facebook,"1.2.4",1293,inssp,56,65,1.3938983953,26
2026-05-27,mx,RM08,unknown,"1.2.4",270,ALL,228,358,15.2459940704,32
2026-05-27,mx,RM08,unknown,"1.2.4",270,ccopen,210,218,13.6663582124,8
2026-05-27,mx,RM08,unknown,"1.2.4",270,hhopen,29,50,0.9395614728,8
2026-05-27,my,RM08,facebook,"1.2.4",77,ALL,67,322,11.6301185472,212
2026-05-27,my,RM08,facebook,"1.2.4",77,ccopen,48,62,3.5952333434,69
2026-05-27,my,RM08,facebook,"1.2.4",77,hhopen,42,99,3.1646536829,60
2026-05-27,my,RM08,facebook,"1.2.4",77,insabb,12,12,0.4958584458,6
2026-05-27,my,RM08,facebook,"1.2.4",77,insback,17,17,0.2587358341,5
2026-05-27,my,RM08,facebook,"1.2.4",77,inscon,14,18,0.4169214748,5
2026-05-27,my,RM08,facebook,"1.2.4",77,insdown,19,44,0.8211425305,21
2026-05-27,my,RM08,facebook,"1.2.4",77,insnewgd,25,25,1.2573011907,22
2026-05-27,my,RM08,facebook,"1.2.4",77,insplayn,12,19,1.0141342567,13
2026-05-27,mz,RM06B,facebook,"1.3.4",149,ALL,109,398,4.2115500000,254
2026-05-27,mz,RM06B,facebook,"1.3.4",149,albcp,14,14,0.1123000000,7
2026-05-27,mz,RM06B,facebook,"1.3.4",149,bkcp,34,37,0.2114500000,12
2026-05-27,mz,RM06B,facebook,"1.3.4",149,cl_open,68,70,1.4306000000,57
2026-05-27,mz,RM06B,facebook,"1.3.4",149,ho_open,60,117,1.1337000000,69
2026-05-27,mz,RM06B,facebook,"1.3.4",149,ngdcp,43,43,0.3695500000,39
2026-05-27,mz,RM06B,facebook,"1.3.4",149,searcp,31,34,0.2098500000,11
2026-05-27,mz,RM06B,facebook,"1.3.4",149,splcp,45,47,0.3988000000,34
2026-05-27,mz,RM06B,facebook,"1.3.4",149,xzcp,11,11,0.1000500000,10
2026-05-27,ng,RM06B,Google Ads ACI,"1.3.4",64,ALL,24,114,1.6215000000,54
2026-05-27,ng,RM06B,Google Ads ACI,"1.3.4",64,cl_open,16,16,0.4933000000,10
2026-05-27,ng,RM06B,Google Ads ACI,"1.3.4",64,ho_open,11,40,0.7237000000,26
2026-05-27,ng,RM06B,facebook,"1.3.4",574,ALL,442,2373,30.4311000000,1282
2026-05-27,ng,RM06B,facebook,"1.3.4",574,albcp,96,112,1.3803500000,79
2026-05-27,ng,RM06B,facebook,"1.3.4",574,bkcp,83,98,0.6309500000,26
2026-05-27,ng,RM06B,facebook,"1.3.4",574,cl_open,210,234,6.4802000000,223
2026-05-27,ng,RM06B,facebook,"1.3.4",574,cscp,23,36,0.3060000000,13
2026-05-27,ng,RM06B,facebook,"1.3.4",574,ho_open,286,712,9.2211000000,345
2026-05-27,ng,RM06B,facebook,"1.3.4",574,ngdcp,165,169,3.0534000000,132
2026-05-27,ng,RM06B,facebook,"1.3.4",574,offlcp,11,12,0.0667500000,5
2026-05-27,ng,RM06B,facebook,"1.3.4",574,searcp,57,68,0.6305500000,35
2026-05-27,ng,RM06B,facebook,"1.3.4",574,secp,12,12,0.1178500000,5
2026-05-27,ng,RM06B,facebook,"1.3.4",574,skpcp,52,105,0.8777000000,40
2026-05-27,ng,RM06B,facebook,"1.3.4",574,splcp,206,330,3.8766500000,138
2026-05-27,ng,RM06B,facebook,"1.3.4",574,xzcp,110,471,3.6600000000,232
2026-05-27,ng,RM06B,unknown,"1.3.4",53,ALL,47,52,1.4052500000,12
2026-05-27,ng,RM06B,unknown,"1.3.4",53,cl_open,43,43,1.2104500000,8
2026-05-27,ng,RM08,facebook,"1.2.4",120,ALL,95,323,5.3000944942,144
2026-05-27,ng,RM08,facebook,"1.2.4",120,ccopen,47,57,1.5430063963,43
2026-05-27,ng,RM08,facebook,"1.2.4",120,hhopen,51,95,1.3314034201,40
2026-05-27,ng,RM08,facebook,"1.2.4",120,insabb,12,12,0.1630764095,5
2026-05-27,ng,RM08,facebook,"1.2.4",120,insback,13,13,0.1459522571,5
2026-05-27,ng,RM08,facebook,"1.2.4",120,inscon,23,29,0.2932456236,7
2026-05-27,ng,RM08,facebook,"1.2.4",120,insdown,27,44,0.6874118755,15
2026-05-27,ng,RM08,facebook,"1.2.4",120,insnewgd,37,37,0.6547412035,13
2026-05-27,ng,RM08,facebook,"1.2.4",120,insplayn,12,20,0.2392576755,7
2026-05-27,ni,RM06B,Google Ads ACI,"1.3.4",62,ALL,35,260,0.9143500000,121
2026-05-27,ni,RM06B,Google Ads ACI,"1.3.4",62,cl_open,28,32,0.3222000000,37
2026-05-27,ni,RM06B,Google Ads ACI,"1.3.4",62,ho_open,20,66,0.2449500000,30
2026-05-27,ni,RM06B,Google Ads ACI,"1.3.4",62,ngdcp,13,13,0.0729000000,7
2026-05-27,ni,RM06B,Google Ads ACI,"1.3.4",62,searcp,16,22,0.0379500000,13
2026-05-27,ni,RM06B,Google Ads ACI,"1.3.4",62,splcp,15,20,0.0700000000,8
2026-05-27,ni,RM06B,Google Ads ACI,"1.3.4",62,xzcp,15,84,0.0864500000,21
2026-05-27,ni,RM06B,facebook,"1.3.4",448,ALL,384,2668,16.1550000000,1229
2026-05-27,ni,RM06B,facebook,"1.3.4",448,albcp,65,73,0.4203000000,27
2026-05-27,ni,RM06B,facebook,"1.3.4",448,bkcp,84,94,0.4707500000,37
2026-05-27,ni,RM06B,facebook,"1.3.4",448,cl_open,261,292,5.0345000000,305
2026-05-27,ni,RM06B,facebook,"1.3.4",448,cscp,36,44,0.0820000000,10
2026-05-27,ni,RM06B,facebook,"1.3.4",448,ho_open,262,781,4.5066500000,319
2026-05-27,ni,RM06B,facebook,"1.3.4",448,ngdcp,198,198,1.5848500000,149
2026-05-27,ni,RM06B,facebook,"1.3.4",448,offlcp,22,23,0.0454500000,11
2026-05-27,ni,RM06B,facebook,"1.3.4",448,searcp,111,145,0.6138500000,70
2026-05-27,ni,RM06B,facebook,"1.3.4",448,secp,10,10,0.0463000000,4
2026-05-27,ni,RM06B,facebook,"1.3.4",448,skpcp,72,191,0.5220500000,62
2026-05-27,ni,RM06B,facebook,"1.3.4",448,splcp,224,347,1.9051500000,138
2026-05-27,ni,RM06B,facebook,"1.3.4",448,xzcp,121,450,0.8648500000,87
2026-05-27,pa,RM06B,facebook,"1.3.4",89,ALL,81,495,11.0080500000,220
2026-05-27,pa,RM06B,facebook,"1.3.4",89,albcp,14,15,0.3182500000,6
2026-05-27,pa,RM06B,facebook,"1.3.4",89,bkcp,15,19,0.2142000000,7
2026-05-27,pa,RM06B,facebook,"1.3.4",89,cl_open,59,68,3.5574000000,62
2026-05-27,pa,RM06B,facebook,"1.3.4",89,ho_open,53,160,3.2671000000,70
2026-05-27,pa,RM06B,facebook,"1.3.4",89,ngdcp,38,39,1.1548500000,28
2026-05-27,pa,RM06B,facebook,"1.3.4",89,searcp,21,32,0.6336000000,16
2026-05-27,pa,RM06B,facebook,"1.3.4",89,splcp,36,72,0.8545000000,12
2026-05-27,pa,RM06B,facebook,"1.3.4",89,xzcp,17,55,0.6496000000,12
2026-05-27,pe,RM06B,Google Ads ACI,"1.3.4",184,ALL,100,906,12.1100000000,365
2026-05-27,pe,RM06B,Google Ads ACI,"1.3.4",184,albcp,12,19,0.1783500000,5
2026-05-27,pe,RM06B,Google Ads ACI,"1.3.4",184,bkcp,28,39,0.1938500000,10
2026-05-27,pe,RM06B,Google Ads ACI,"1.3.4",184,cl_open,72,91,5.0835500000,76
2026-05-27,pe,RM06B,Google Ads ACI,"1.3.4",184,cscp,12,18,0.0946000000,7
2026-05-27,pe,RM06B,Google Ads ACI,"1.3.4",184,ho_open,64,179,2.8209500000,85
2026-05-27,pe,RM06B,Google Ads ACI,"1.3.4",184,ngdcp,53,59,1.3174000000,28
2026-05-27,pe,RM06B,Google Ads ACI,"1.3.4",184,searcp,41,57,0.5974000000,28
2026-05-27,pe,RM06B,Google Ads ACI,"1.3.4",184,skpcp,10,70,0.1855000000,20
2026-05-27,pe,RM06B,Google Ads ACI,"1.3.4",184,splcp,53,119,0.8823000000,38
2026-05-27,pe,RM06B,Google Ads ACI,"1.3.4",184,xzcp,30,238,0.7122500000,64
2026-05-27,pe,RM06B,TIKTOK,"1.3.4",440,ALL,410,2816,93.1556500000,1332
2026-05-27,pe,RM06B,TIKTOK,"1.3.4",440,albcp,43,45,1.0229500000,18
2026-05-27,pe,RM06B,TIKTOK,"1.3.4",440,bkcp,94,105,1.3368000000,31
2026-05-27,pe,RM06B,TIKTOK,"1.3.4",440,cl_open,325,377,39.8866500000,332
2026-05-27,pe,RM06B,TIKTOK,"1.3.4",440,cscp,17,35,0.1753500000,8
2026-05-27,pe,RM06B,TIKTOK,"1.3.4",440,ho_open,241,696,15.7344000000,328
2026-05-27,pe,RM06B,TIKTOK,"1.3.4",440,ngdcp,251,252,10.9879000000,149
2026-05-27,pe,RM06B,TIKTOK,"1.3.4",440,offlcp,21,24,0.0956000000,2
2026-05-27,pe,RM06B,TIKTOK,"1.3.4",440,rkgcp,10,10,0.2025000000,4
2026-05-27,pe,RM06B,TIKTOK,"1.3.4",440,searcp,159,211,5.9565500000,83
2026-05-27,pe,RM06B,TIKTOK,"1.3.4",440,secp,12,12,0.4009000000,4
2026-05-27,pe,RM06B,TIKTOK,"1.3.4",440,skpcp,72,169,1.9184500000,48
2026-05-27,pe,RM06B,TIKTOK,"1.3.4",440,splcp,251,417,11.1394000000,149
2026-05-27,pe,RM06B,TIKTOK,"1.3.4",440,stccp,10,10,0.1573000000,4
2026-05-27,pe,RM06B,TIKTOK,"1.3.4",440,xzcp,108,448,4.1069500000,170
2026-05-27,pe,RM06B,facebook,"1.3.4",1807,ALL,1529,8995,315.7289000000,4526
2026-05-27,pe,RM06B,facebook,"1.3.4",1807,albcp,161,171,3.3735000000,86
2026-05-27,pe,RM06B,facebook,"1.3.4",1807,bkcp,300,332,5.0574500000,115
2026-05-27,pe,RM06B,facebook,"1.3.4",1807,cl_open,1091,1280,126.0223000000,1115
2026-05-27,pe,RM06B,facebook,"1.3.4",1807,cscp,92,112,1.4276000000,44
2026-05-27,pe,RM06B,facebook,"1.3.4",1807,ho_open,987,2912,77.3597500000,1355
2026-05-27,pe,RM06B,facebook,"1.3.4",1807,ngdcp,767,793,33.3959500000,467
2026-05-27,pe,RM06B,facebook,"1.3.4",1807,offlcp,68,76,0.8050500000,31
2026-05-27,pe,RM06B,facebook,"1.3.4",1807,rkgcp,20,20,0.8084000000,10
2026-05-27,pe,RM06B,facebook,"1.3.4",1807,searcp,442,557,13.6447000000,266
2026-05-27,pe,RM06B,facebook,"1.3.4",1807,secp,35,35,0.5135500000,13
2026-05-27,pe,RM06B,facebook,"1.3.4",1807,skpcp,177,418,5.3689000000,161
2026-05-27,pe,RM06B,facebook,"1.3.4",1807,splcp,780,1161,33.9355000000,425
2026-05-27,pe,RM06B,facebook,"1.3.4",1807,stccp,22,23,0.9731000000,12
2026-05-27,pe,RM06B,facebook,"1.3.4",1807,xzcp,352,1088,12.8210000000,422
2026-05-27,pe,RM06B,unknown,"1.3.4",233,ALL,218,321,25.3246500000,50
2026-05-27,pe,RM06B,unknown,"1.3.4",233,cl_open,205,207,22.4716500000,13
2026-05-27,pe,RM06B,unknown,"1.3.4",233,ho_open,16,25,1.5761500000,10
2026-05-27,pe,RM06B,TIKTOK,"1.3.5",64,ALL,55,489,12.4119000000,186
2026-05-27,pe,RM06B,TIKTOK,"1.3.5",64,bkcp,11,15,0.0439500000,4
2026-05-27,pe,RM06B,TIKTOK,"1.3.5",64,cl_open,45,52,6.2454000000,45
2026-05-27,pe,RM06B,TIKTOK,"1.3.5",64,ho_open,35,102,1.7208500000,44
2026-05-27,pe,RM06B,TIKTOK,"1.3.5",64,ngdcp,35,35,1.6316500000,23
2026-05-27,pe,RM06B,TIKTOK,"1.3.5",64,searcp,23,35,0.3034500000,17
2026-05-27,pe,RM06B,TIKTOK,"1.3.5",64,skpcp,13,66,0.1860000000,9
2026-05-27,pe,RM06B,TIKTOK,"1.3.5",64,splcp,35,65,1.6589000000,22
2026-05-27,pe,RM06B,TIKTOK,"1.3.5",64,xzcp,16,96,0.2915500000,19
2026-05-27,pe,RM06B,facebook,"1.3.5",149,ALL,123,712,26.5441000000,400
2026-05-27,pe,RM06B,facebook,"1.3.5",149,albcp,16,18,0.3277000000,4
2026-05-27,pe,RM06B,facebook,"1.3.5",149,bkcp,24,26,0.4933500000,6
2026-05-27,pe,RM06B,facebook,"1.3.5",149,cl_open,85,95,9.8396500000,105
2026-05-27,pe,RM06B,facebook,"1.3.5",149,ho_open,80,200,7.5479000000,121
2026-05-27,pe,RM06B,facebook,"1.3.5",149,ngdcp,52,54,2.1369000000,41
2026-05-27,pe,RM06B,facebook,"1.3.5",149,searcp,40,43,1.2237500000,17
2026-05-27,pe,RM06B,facebook,"1.3.5",149,skpcp,15,34,1.0297000000,15
2026-05-27,pe,RM06B,facebook,"1.3.5",149,splcp,63,114,3.0390000000,62
2026-05-27,pe,RM06B,facebook,"1.3.5",149,xzcp,26,109,0.6135000000,21
2026-05-27,pe,RM08,facebook,"1.2.4",353,ALL,286,1475,49.6813698645,845
2026-05-27,pe,RM08,facebook,"1.2.4",353,ccopen,206,260,16.7933699027,243
2026-05-27,pe,RM08,facebook,"1.2.4",353,hhopen,171,435,11.0885219990,255
2026-05-27,pe,RM08,facebook,"1.2.4",353,insabb,37,37,0.9839995962,43
2026-05-27,pe,RM08,facebook,"1.2.4",353,insback,61,65,0.7347176614,21
2026-05-27,pe,RM08,facebook,"1.2.4",353,inscon,58,103,1.2918844065,30
2026-05-27,pe,RM08,facebook,"1.2.4",353,insdown,96,199,5.1808969810,86
2026-05-27,pe,RM08,facebook,"1.2.4",353,insnewgd,124,127,6.0454538073,75
2026-05-27,pe,RM08,facebook,"1.2.4",353,insplayn,72,140,4.0568401179,41
2026-05-27,pe,RM08,facebook,"1.2.4",353,inssec,60,67,2.0028571746,36
2026-05-27,pe,RM08,facebook,"1.2.4",353,inssp,18,21,0.9794332814,6
2026-05-27,pe,RM08,unknown,"1.2.4",72,ALL,63,74,3.4322611906,4
2026-05-27,pe,RM08,unknown,"1.2.4",72,ccopen,57,58,2.7770619100,3
2026-05-27,ph,RM06B,Google Ads ACI,"1.3.4",173,ALL,147,1395,7.0287000000,598
2026-05-27,ph,RM06B,Google Ads ACI,"1.3.4",173,albcp,13,19,0.0564500000,8
2026-05-27,ph,RM06B,Google Ads ACI,"1.3.4",173,bkcp,41,73,0.2316000000,19
2026-05-27,ph,RM06B,Google Ads ACI,"1.3.4",173,cl_open,90,107,1.4525500000,76
2026-05-27,ph,RM06B,Google Ads ACI,"1.3.4",173,cscp,14,16,0.0343000000,7
2026-05-27,ph,RM06B,Google Ads ACI,"1.3.4",173,ho_open,92,260,2.5579000000,112
2026-05-27,ph,RM06B,Google Ads ACI,"1.3.4",173,ngdcp,62,69,0.4915000000,47
2026-05-27,ph,RM06B,Google Ads ACI,"1.3.4",173,offlcp,20,32,0.0501000000,7
2026-05-27,ph,RM06B,Google Ads ACI,"1.3.4",173,searcp,55,99,0.3232500000,29
2026-05-27,ph,RM06B,Google Ads ACI,"1.3.4",173,skpcp,10,33,0.0741500000,16
2026-05-27,ph,RM06B,Google Ads ACI,"1.3.4",173,splcp,59,143,0.4924000000,55
2026-05-27,ph,RM06B,Google Ads ACI,"1.3.4",173,xzcp,57,532,1.2068500000,215
2026-05-27,ph,RM06B,facebook,"1.3.4",105,ALL,80,306,5.0868000000,143
2026-05-27,ph,RM06B,facebook,"1.3.4",105,albcp,12,12,0.1499000000,7
2026-05-27,ph,RM06B,facebook,"1.3.4",105,bkcp,14,15,0.1098000000,5
2026-05-27,ph,RM06B,facebook,"1.3.4",105,cl_open,57,62,1.6457000000,35
2026-05-27,ph,RM06B,facebook,"1.3.4",105,ho_open,54,99,1.8414500000,44
2026-05-27,ph,RM06B,facebook,"1.3.4",105,ngdcp,32,33,0.5583500000,20
2026-05-27,ph,RM06B,facebook,"1.3.4",105,searcp,11,12,0.0898000000,5
2026-05-27,ph,RM06B,facebook,"1.3.4",105,splcp,26,31,0.3817500000,15
2026-05-27,ph,RM08,Google Ads ACI,"1.2.4",75,ALL,63,918,2.9182991939,283
2026-05-27,ph,RM08,Google Ads ACI,"1.2.4",75,ccopen,43,77,0.5621524350,38
2026-05-27,ph,RM08,Google Ads ACI,"1.2.4",75,hhopen,39,138,0.3979255581,50
2026-05-27,ph,RM08,Google Ads ACI,"1.2.4",75,insabb,11,15,0.0489447095,2
2026-05-27,ph,RM08,Google Ads ACI,"1.2.4",75,insback,25,49,0.1110796527,11
2026-05-27,ph,RM08,Google Ads ACI,"1.2.4",75,inscon,33,115,0.2066437767,43
2026-05-27,ph,RM08,Google Ads ACI,"1.2.4",75,insdown,44,345,0.8578863123,93
2026-05-27,ph,RM08,Google Ads ACI,"1.2.4",75,inshg,13,25,0.0310219622,7
2026-05-27,ph,RM08,Google Ads ACI,"1.2.4",75,insnewgd,33,33,0.2212963583,11
2026-05-27,ph,RM08,Google Ads ACI,"1.2.4",75,inssec,40,76,0.4097747361,17
2026-05-27,ph,RM08,Google Ads ACI,"1.2.4",75,inssp,13,19,0.0233364473,3
2026-05-27,ph,RM08,facebook,"1.2.4",1549,ALL,1270,8324,87.0926974536,3880
2026-05-27,ph,RM08,facebook,"1.2.4",1549,ccopen,809,986,22.5259897541,704
2026-05-27,ph,RM08,facebook,"1.2.4",1549,hhopen,751,1769,24.4183011302,895
2026-05-27,ph,RM08,facebook,"1.2.4",1549,insabb,185,218,2.3993617430,104
2026-05-27,ph,RM08,facebook,"1.2.4",1549,insatt,28,29,0.3906210174,16
2026-05-27,ph,RM08,facebook,"1.2.4",1549,insback,292,358,2.5901299049,148
2026-05-27,ph,RM08,facebook,"1.2.4",1549,inscon,344,773,4.2296618154,290
2026-05-27,ph,RM08,facebook,"1.2.4",1549,inscret,11,11,0.0720065988,6
2026-05-27,ph,RM08,facebook,"1.2.4",1549,insdown,502,2473,12.0514192823,827
2026-05-27,ph,RM08,facebook,"1.2.4",1549,inshg,91,98,0.5873688835,42
2026-05-27,ph,RM08,facebook,"1.2.4",1549,insnewgd,559,572,9.8096656136,362
2026-05-27,ph,RM08,facebook,"1.2.4",1549,inspa,18,30,0.2589504034,19
2026-05-27,ph,RM08,facebook,"1.2.4",1549,insplayn,173,320,3.6826730876,170
2026-05-27,ph,RM08,facebook,"1.2.4",1549,insrrr,10,10,0.1467977990,5
2026-05-27,ph,RM08,facebook,"1.2.4",1549,inssec,338,496,3.1769514050,227
2026-05-27,ph,RM08,facebook,"1.2.4",1549,inssp,131,171,0.7147938864,64
2026-05-27,ph,RM08,unknown,"1.2.4",195,ALL,163,247,4.0383074106,70
2026-05-27,ph,RM08,unknown,"1.2.4",195,ccopen,140,145,3.4479545545,15
2026-05-27,ph,RM08,unknown,"1.2.4",195,hhopen,28,51,0.3758975805,24
2026-05-27,pr,RM06B,facebook,"1.3.4",69,ALL,58,383,11.4003000000,113
2026-05-27,pr,RM06B,facebook,"1.3.4",69,bkcp,11,11,0.1702500000,3
2026-05-27,pr,RM06B,facebook,"1.3.4",69,cl_open,42,48,4.7516000000,29
2026-05-27,pr,RM06B,facebook,"1.3.4",69,ho_open,41,95,3.1565500000,23
2026-05-27,pr,RM06B,facebook,"1.3.4",69,ngdcp,26,29,1.4870500000,14
2026-05-27,pr,RM06B,facebook,"1.3.4",69,searcp,12,21,0.5436000000,2
2026-05-27,pr,RM06B,facebook,"1.3.4",69,splcp,18,36,0.7122000000,16
2026-05-27,pt,RM06B,facebook,"1.3.4",80,ALL,61,312,12.6064000000,162
2026-05-27,pt,RM06B,facebook,"1.3.4",80,bkcp,12,12,0.3072000000,4
2026-05-27,pt,RM06B,facebook,"1.3.4",80,cl_open,42,49,3.9902500000,33
2026-05-27,pt,RM06B,facebook,"1.3.4",80,ho_open,37,121,4.3269000000,51
2026-05-27,pt,RM06B,facebook,"1.3.4",80,ngdcp,29,30,1.6084000000,22
2026-05-27,pt,RM06B,facebook,"1.3.4",80,searcp,11,16,0.3399000000,4
2026-05-27,pt,RM06B,facebook,"1.3.4",80,skpcp,10,13,0.2781500000,12
2026-05-27,pt,RM06B,facebook,"1.3.4",80,splcp,26,38,1.1963000000,21
2026-05-27,pt,RM06B,facebook,"1.3.4",80,xzcp,13,19,0.3144000000,6
2026-05-27,py,RM06B,facebook,"1.3.4",207,ALL,178,911,12.7574000000,504
2026-05-27,py,RM06B,facebook,"1.3.4",207,albcp,20,20,0.1927500000,11
2026-05-27,py,RM06B,facebook,"1.3.4",207,bkcp,33,38,0.2028000000,8
2026-05-27,py,RM06B,facebook,"1.3.4",207,cl_open,129,143,4.5656500000,152
2026-05-27,py,RM06B,facebook,"1.3.4",207,ho_open,107,278,3.8439500000,148
2026-05-27,py,RM06B,facebook,"1.3.4",207,ngdcp,82,83,1.7440000000,66
2026-05-27,py,RM06B,facebook,"1.3.4",207,searcp,37,44,0.4493500000,23
2026-05-27,py,RM06B,facebook,"1.3.4",207,skpcp,17,66,0.2761000000,19
2026-05-27,py,RM06B,facebook,"1.3.4",207,splcp,71,98,0.9423500000,38
2026-05-27,py,RM06B,facebook,"1.3.4",207,xzcp,31,114,0.3917500000,30
2026-05-27,sl,RM06B,facebook,"1.3.4",87,ALL,69,252,2.3332000000,180
2026-05-27,sl,RM06B,facebook,"1.3.4",87,albcp,11,11,0.0872000000,15
2026-05-27,sl,RM06B,facebook,"1.3.4",87,bkcp,16,18,0.1588000000,21
2026-05-27,sl,RM06B,facebook,"1.3.4",87,cl_open,32,35,0.7077500000,24
2026-05-27,sl,RM06B,facebook,"1.3.4",87,ho_open,51,100,0.6967000000,58
2026-05-27,sl,RM06B,facebook,"1.3.4",87,ngdcp,25,25,0.2537000000,20
2026-05-27,sl,RM06B,facebook,"1.3.4",87,splcp,16,19,0.1151500000,14
2026-05-27,sl,RM06B,facebook,"1.3.4",87,xzcp,14,20,0.1904000000,13
2026-05-27,sv,RM06B,Google Ads ACI,"1.3.4",62,ALL,35,295,1.7661500000,103
2026-05-27,sv,RM06B,Google Ads ACI,"1.3.4",62,cl_open,25,27,0.6396500000,26
2026-05-27,sv,RM06B,Google Ads ACI,"1.3.4",62,ho_open,23,101,0.5583500000,26
2026-05-27,sv,RM06B,Google Ads ACI,"1.3.4",62,ngdcp,16,16,0.1381000000,8
2026-05-27,sv,RM06B,Google Ads ACI,"1.3.4",62,searcp,15,22,0.1622000000,14
2026-05-27,sv,RM06B,Google Ads ACI,"1.3.4",62,splcp,18,37,0.1050500000,5
2026-05-27,sv,RM06B,Google Ads ACI,"1.3.4",62,xzcp,11,49,0.0938500000,9
2026-05-27,sv,RM06B,facebook,"1.3.4",509,ALL,425,2672,32.7886000000,1333
2026-05-27,sv,RM06B,facebook,"1.3.4",509,albcp,68,73,1.0879000000,36
2026-05-27,sv,RM06B,facebook,"1.3.4",509,bkcp,86,96,0.5146000000,27
2026-05-27,sv,RM06B,facebook,"1.3.4",509,cl_open,306,354,11.6304000000,352
2026-05-27,sv,RM06B,facebook,"1.3.4",509,cscp,21,24,0.1240000000,10
2026-05-27,sv,RM06B,facebook,"1.3.4",509,ho_open,272,801,9.3892500000,368
2026-05-27,sv,RM06B,facebook,"1.3.4",509,ngdcp,229,230,3.1949000000,153
2026-05-27,sv,RM06B,facebook,"1.3.4",509,offlcp,23,28,0.0726000000,9
2026-05-27,sv,RM06B,facebook,"1.3.4",509,searcp,116,143,1.0901500000,57
2026-05-27,sv,RM06B,facebook,"1.3.4",509,skpcp,64,195,0.8449000000,67
2026-05-27,sv,RM06B,facebook,"1.3.4",509,splcp,242,351,3.3576000000,134
2026-05-27,sv,RM06B,facebook,"1.3.4",509,xzcp,95,351,1.1630000000,105
2026-05-27,sv,RM06B,unknown,"1.3.4",72,ALL,70,79,2.3716500000,3
2026-05-27,sv,RM06B,unknown,"1.3.4",72,cl_open,69,71,2.2138500000,3
2026-05-27,tz,RM06B,facebook,"1.3.4",131,ALL,87,863,4.3706500000,472
2026-05-27,tz,RM06B,facebook,"1.3.4",131,albcp,14,18,0.0542000000,2
2026-05-27,tz,RM06B,facebook,"1.3.4",131,bkcp,23,29,0.1413500000,12
2026-05-27,tz,RM06B,facebook,"1.3.4",131,cl_open,33,34,0.6405000000,64
2026-05-27,tz,RM06B,facebook,"1.3.4",131,cscp,10,19,0.0490000000,16
2026-05-27,tz,RM06B,facebook,"1.3.4",131,ho_open,67,204,1.4854500000,113
2026-05-27,tz,RM06B,facebook,"1.3.4",131,ngdcp,30,30,0.2911500000,33
2026-05-27,tz,RM06B,facebook,"1.3.4",131,offlcp,10,14,0.0544000000,6
2026-05-27,tz,RM06B,facebook,"1.3.4",131,searcp,27,52,0.1657500000,38
2026-05-27,tz,RM06B,facebook,"1.3.4",131,skpcp,24,61,0.1253000000,19
2026-05-27,tz,RM06B,facebook,"1.3.4",131,splcp,50,122,0.5723500000,67
2026-05-27,tz,RM06B,facebook,"1.3.4",131,xzcp,50,271,0.7478500000,98
2026-05-27,us,RM06B,facebook,"1.3.4",1340,ALL,1101,5349,851.9107000000,2658
2026-05-27,us,RM06B,facebook,"1.3.4",1340,albcp,199,255,36.8112500000,129
2026-05-27,us,RM06B,facebook,"1.3.4",1340,bkcp,120,134,12.7518000000,45
2026-05-27,us,RM06B,facebook,"1.3.4",1340,cl_open,847,977,256.2716500000,683
2026-05-27,us,RM06B,facebook,"1.3.4",1340,cscp,47,53,5.2178000000,25
2026-05-27,us,RM06B,facebook,"1.3.4",1340,ho_open,670,1590,253.1377000000,703
2026-05-27,us,RM06B,facebook,"1.3.4",1340,lkcp,14,14,1.7363000000,9
2026-05-27,us,RM06B,facebook,"1.3.4",1340,ngdcp,497,515,98.1890500000,282
2026-05-27,us,RM06B,facebook,"1.3.4",1340,offlcp,24,26,2.1340000000,13
2026-05-27,us,RM06B,facebook,"1.3.4",1340,rkgcp,10,10,1.5445000000,4
2026-05-27,us,RM06B,facebook,"1.3.4",1340,searcp,215,295,33.3916000000,153
2026-05-27,us,RM06B,facebook,"1.3.4",1340,secp,24,24,4.0966000000,13
2026-05-27,us,RM06B,facebook,"1.3.4",1340,skpcp,54,113,8.8220500000,47
2026-05-27,us,RM06B,facebook,"1.3.4",1340,splcp,434,667,90.3431000000,287
2026-05-27,us,RM06B,facebook,"1.3.4",1340,stccp,36,38,5.7785000000,16
2026-05-27,us,RM06B,facebook,"1.3.4",1340,xzcp,185,632,41.0825500000,243
2026-05-27,us,RM06B,unknown,"1.3.4",245,ALL,228,271,67.7208500000,22
2026-05-27,us,RM06B,unknown,"1.3.4",245,cl_open,217,223,60.9844500000,9
2026-05-27,us,RM06B,facebook,"1.3.5",97,ALL,75,300,45.9842500000,135
2026-05-27,us,RM06B,facebook,"1.3.5",97,albcp,11,12,2.1394000000,9
2026-05-27,us,RM06B,facebook,"1.3.5",97,cl_open,58,71,17.8860500000,35
2026-05-27,us,RM06B,facebook,"1.3.5",97,ho_open,44,83,13.9275000000,33
2026-05-27,us,RM06B,facebook,"1.3.5",97,ngdcp,30,30,4.9002000000,22
2026-05-27,us,RM06B,facebook,"1.3.5",97,searcp,10,10,1.3911000000,3
2026-05-27,us,RM06B,facebook,"1.3.5",97,splcp,27,34,3.4940500000,13
2026-05-27,us,RM08,facebook,"1.2.4",723,ALL,616,3922,484.0232823254,1694
2026-05-27,us,RM08,facebook,"1.2.4",723,ccopen,483,589,136.6036648448,390
2026-05-27,us,RM08,facebook,"1.2.4",723,hhopen,348,788,117.9678946814,312
2026-05-27,us,RM08,facebook,"1.2.4",723,insabb,125,173,21.9993293407,52
2026-05-27,us,RM08,facebook,"1.2.4",723,insatt,27,27,4.8195585647,11
2026-05-27,us,RM08,facebook,"1.2.4",723,insback,78,107,9.5985225631,32
2026-05-27,us,RM08,facebook,"1.2.4",723,inscon,110,357,24.2389140579,119
2026-05-27,us,RM08,facebook,"1.2.4",723,insdown,151,1112,60.9628337897,420
2026-05-27,us,RM08,facebook,"1.2.4",723,inshg,13,13,1.8180179914,5
2026-05-27,us,RM08,facebook,"1.2.4",723,insnewgd,320,325,61.8013511365,181
2026-05-27,us,RM08,facebook,"1.2.4",723,inspa,30,30,4.5754783670,11
2026-05-27,us,RM08,facebook,"1.2.4",723,insplayn,56,152,14.5779201385,77
2026-05-27,us,RM08,facebook,"1.2.4",723,inssec,109,152,17.1431122219,49
2026-05-27,us,RM08,facebook,"1.2.4",723,inssp,39,74,5.5619114447,29
2026-05-27,us,RM08,unknown,"1.2.4",128,ALL,121,141,33.5722201258,6
2026-05-27,us,RM08,unknown,"1.2.4",128,ccopen,115,117,31.0157332669,4
2026-05-27,us,RM08,unknown,"1.2.4",128,hhopen,12,19,2.0731830985,2
2026-05-27,uy,RM06B,facebook,"1.3.4",74,ALL,66,201,6.9660000000,105
2026-05-27,uy,RM06B,facebook,"1.3.4",74,cl_open,53,60,3.1088000000,35
2026-05-27,uy,RM06B,facebook,"1.3.4",74,ho_open,30,59,1.6526500000,36
2026-05-27,uy,RM06B,facebook,"1.3.4",74,ngdcp,28,28,1.0204500000,14
2026-05-27,uy,RM06B,facebook,"1.3.4",74,splcp,22,27,0.5806500000,9
2026-05-27,ve,RM06B,Google Ads ACI,"1.3.4",80,ALL,42,367,1.3241500000,115
2026-05-27,ve,RM06B,Google Ads ACI,"1.3.4",80,bkcp,12,18,0.0218000000,3
2026-05-27,ve,RM06B,Google Ads ACI,"1.3.4",80,cl_open,28,29,0.4478500000,17
2026-05-27,ve,RM06B,Google Ads ACI,"1.3.4",80,ho_open,23,68,0.1799000000,26
2026-05-27,ve,RM06B,Google Ads ACI,"1.3.4",80,ngdcp,26,26,0.2130000000,17
2026-05-27,ve,RM06B,Google Ads ACI,"1.3.4",80,searcp,18,23,0.0672500000,8
2026-05-27,ve,RM06B,Google Ads ACI,"1.3.4",80,skpcp,10,21,0.1015500000,2
2026-05-27,ve,RM06B,Google Ads ACI,"1.3.4",80,splcp,21,75,0.1507500000,18
2026-05-27,ve,RM06B,Google Ads ACI,"1.3.4",80,xzcp,12,73,0.0428500000,16
2026-05-27,ve,RM06B,facebook,"1.3.4",745,ALL,606,3086,21.4339500000,1473
2026-05-27,ve,RM06B,facebook,"1.3.4",745,albcp,104,116,0.8643000000,69
2026-05-27,ve,RM06B,facebook,"1.3.4",745,bkcp,116,132,0.4255000000,42
2026-05-27,ve,RM06B,facebook,"1.3.4",745,cl_open,385,427,6.9866500000,372
2026-05-27,ve,RM06B,facebook,"1.3.4",745,cscp,28,43,0.1109000000,9
2026-05-27,ve,RM06B,facebook,"1.3.4",745,ho_open,324,733,6.1641000000,347
2026-05-27,ve,RM06B,facebook,"1.3.4",745,ngdcp,241,249,2.2949000000,177
2026-05-27,ve,RM06B,facebook,"1.3.4",745,offlcp,27,30,0.0939000000,8
2026-05-27,ve,RM06B,facebook,"1.3.4",745,searcp,134,165,0.9903000000,72
2026-05-27,ve,RM06B,facebook,"1.3.4",745,secp,16,16,0.1649000000,1
2026-05-27,ve,RM06B,facebook,"1.3.4",745,skpcp,55,176,0.2915000000,56
2026-05-27,ve,RM06B,facebook,"1.3.4",745,splcp,257,411,1.9578000000,165
2026-05-27,ve,RM06B,facebook,"1.3.4",745,xzcp,126,564,0.8915000000,146
2026-05-27,ve,RM06B,unknown,"1.3.4",69,ALL,60,76,1.3903000000,7
2026-05-27,ve,RM06B,unknown,"1.3.4",69,cl_open,53,53,1.1806500000,1
2026-05-27,ve,RM06B,facebook,"1.3.5",62,ALL,48,241,1.4956500000,96
2026-05-27,ve,RM06B,facebook,"1.3.5",62,albcp,10,11,0.0844000000,7
2026-05-27,ve,RM06B,facebook,"1.3.5",62,cl_open,35,40,0.4602000000,26
2026-05-27,ve,RM06B,facebook,"1.3.5",62,ho_open,25,53,0.3510000000,22
2026-05-27,ve,RM06B,facebook,"1.3.5",62,ngdcp,24,24,0.1675000000,6
2026-05-27,ve,RM06B,facebook,"1.3.5",62,searcp,16,19,0.0432500000,5
2026-05-27,ve,RM06B,facebook,"1.3.5",62,splcp,23,24,0.2066000000,4
2026-05-27,ve,RM06B,facebook,"1.3.5",62,xzcp,13,38,0.0650500000,12
2026-05-27,ve,RM08,facebook,"1.2.4",86,ALL,62,200,1.9996778135,131
2026-05-27,ve,RM08,facebook,"1.2.4",86,ccopen,30,39,0.6913550241,35
2026-05-27,ve,RM08,facebook,"1.2.4",86,hhopen,26,43,0.4130561369,28
2026-05-27,ve,RM08,facebook,"1.2.4",86,insabb,14,15,0.1428653793,10
2026-05-27,ve,RM08,facebook,"1.2.4",86,insback,12,12,0.0645702470,5
2026-05-27,ve,RM08,facebook,"1.2.4",86,insdown,13,26,0.1530028528,13
2026-05-27,ve,RM08,facebook,"1.2.4",86,insnewgd,25,26,0.3503164901,24
2026-05-27,za,RM06B,Google Ads ACI,"1.3.4",53,ALL,32,448,2.6616000000,218
2026-05-27,za,RM06B,Google Ads ACI,"1.3.4",53,bkcp,16,24,0.1151000000,11
2026-05-27,za,RM06B,Google Ads ACI,"1.3.4",53,cl_open,16,17,0.4058500000,7
2026-05-27,za,RM06B,Google Ads ACI,"1.3.4",53,ho_open,24,83,0.5548500000,53
2026-05-27,za,RM06B,Google Ads ACI,"1.3.4",53,ngdcp,12,13,0.1634500000,1
2026-05-27,za,RM06B,Google Ads ACI,"1.3.4",53,searcp,17,32,0.1169000000,6
2026-05-27,za,RM06B,Google Ads ACI,"1.3.4",53,splcp,21,65,0.3427000000,29
2026-05-27,za,RM06B,Google Ads ACI,"1.3.4",53,xzcp,20,180,0.7379500000,96
2026-05-27,za,RM06B,facebook,"1.3.4",268,ALL,211,1542,25.5741500000,686
2026-05-27,za,RM06B,facebook,"1.3.4",268,albcp,29,33,0.4344500000,17
2026-05-27,za,RM06B,facebook,"1.3.4",268,bkcp,43,55,0.6300000000,29
2026-05-27,za,RM06B,facebook,"1.3.4",268,cl_open,118,123,6.4823500000,91
2026-05-27,za,RM06B,facebook,"1.3.4",268,cscp,10,13,0.2311000000,4
2026-05-27,za,RM06B,facebook,"1.3.4",268,ho_open,132,462,7.9959500000,170
2026-05-27,za,RM06B,facebook,"1.3.4",268,ngdcp,73,75,2.4718500000,52
2026-05-27,za,RM06B,facebook,"1.3.4",268,offlcp,11,11,0.1693500000,4
2026-05-27,za,RM06B,facebook,"1.3.4",268,searcp,51,85,1.0280500000,53
2026-05-27,za,RM06B,facebook,"1.3.4",268,skpcp,38,194,1.2714000000,61
2026-05-27,za,RM06B,facebook,"1.3.4",268,splcp,91,167,2.4881500000,75
2026-05-27,za,RM06B,facebook,"1.3.4",268,xzcp,61,314,2.2500000000,122
2026-05-27,za,RM08,Google Ads ACI,"1.2.4",55,ALL,47,616,3.7835690361,246
2026-05-27,za,RM08,Google Ads ACI,"1.2.4",55,ccopen,19,23,0.4568838846,9
2026-05-27,za,RM08,Google Ads ACI,"1.2.4",55,hhopen,35,129,0.7310124274,34
2026-05-27,za,RM08,Google Ads ACI,"1.2.4",55,insback,22,25,0.1063129549,13
2026-05-27,za,RM08,Google Ads ACI,"1.2.4",55,inscon,21,68,0.2639229059,37
2026-05-27,za,RM08,Google Ads ACI,"1.2.4",55,insdown,30,245,1.2321091476,87
2026-05-27,za,RM08,Google Ads ACI,"1.2.4",55,insnewgd,19,20,0.2606370716,11
2026-05-27,za,RM08,Google Ads ACI,"1.2.4",55,insplayn,11,38,0.1830675334,17
2026-05-27,za,RM08,Google Ads ACI,"1.2.4",55,inssec,25,37,0.3504635675,28
2026-05-27,za,RM08,facebook,"1.2.4",72,ALL,49,309,4.1450191104,159
2026-05-27,za,RM08,facebook,"1.2.4",72,ccopen,29,34,1.3242218104,37
2026-05-27,za,RM08,facebook,"1.2.4",72,hhopen,23,39,1.1200310317,20
2026-05-27,za,RM08,facebook,"1.2.4",72,insabb,10,11,0.2309201435,3
2026-05-27,za,RM08,facebook,"1.2.4",72,insback,11,11,0.0800935795,3
2026-05-27,za,RM08,facebook,"1.2.4",72,inscon,10,40,0.2218201071,27
2026-05-27,za,RM08,facebook,"1.2.4",72,insdown,12,115,0.4137805309,44
2026-05-27,za,RM08,facebook,"1.2.4",72,insnewgd,17,17,0.3279434749,11
2026-05-27,za,RM08,facebook,"1.2.4",72,insplayn,14,24,0.2657431641,9
2026-05-27,zm,RM06B,facebook,"1.3.4",57,ALL,42,141,3.8496000000,93
2026-05-27,zm,RM06B,facebook,"1.3.4",57,cl_open,23,24,1.1171000000,21
2026-05-27,zm,RM06B,facebook,"1.3.4",57,ho_open,27,47,0.7324000000,22
2026-05-27,zm,RM06B,facebook,"1.3.4",57,ngdcp,14,14,0.3764000000,11
2026-05-27,zm,RM06B,facebook,"1.3.4",57,splcp,13,14,0.2274500000,7
2026-05-27,zw,RM06B,facebook,"1.3.4",58,ALL,49,186,1.5843000000,80
2026-05-27,zw,RM06B,facebook,"1.3.4",58,cl_open,21,21,0.3796500000,23
2026-05-27,zw,RM06B,facebook,"1.3.4",58,ho_open,26,47,0.4852000000,16
2026-05-27,zw,RM06B,facebook,"1.3.4",58,splcp,19,33,0.2007000000,12
2026-05-27,zw,RM06B,facebook,"1.3.4",58,xzcp,21,41,0.1980000000,10
2026-05-26,ao,RM06B,facebook,"1.3.4",416,ALL,326,1051,12.5318500000,622
2026-05-26,ao,RM06B,facebook,"1.3.4",416,albcp,36,36,0.2266500000,31
2026-05-26,ao,RM06B,facebook,"1.3.4",416,bkcp,75,75,0.3575500000,33
2026-05-26,ao,RM06B,facebook,"1.3.4",416,cl_open,203,210,4.2639000000,178
2026-05-26,ao,RM06B,facebook,"1.3.4",416,ho_open,181,335,3.7044000000,145
2026-05-26,ao,RM06B,facebook,"1.3.4",416,ngdcp,107,108,1.1418000000,74
2026-05-26,ao,RM06B,facebook,"1.3.4",416,searcp,58,59,0.4760000000,29
2026-05-26,ao,RM06B,facebook,"1.3.4",416,secp,14,14,0.1043000000,7
2026-05-26,ao,RM06B,facebook,"1.3.4",416,skpcp,15,21,0.1909500000,5
2026-05-26,ao,RM06B,facebook,"1.3.4",416,splcp,98,114,1.3803500000,73
2026-05-26,ao,RM06B,facebook,"1.3.4",416,xzcp,54,67,0.6269000000,41
2026-05-26,ar,RM06B,Google Ads ACI,"1.3.4",82,ALL,55,549,2.2272000000,251
2026-05-26,ar,RM06B,Google Ads ACI,"1.3.4",82,bkcp,21,31,0.0685500000,6
2026-05-26,ar,RM06B,Google Ads ACI,"1.3.4",82,cl_open,45,55,0.7043500000,44
2026-05-26,ar,RM06B,Google Ads ACI,"1.3.4",82,ho_open,32,106,0.4854000000,73
2026-05-26,ar,RM06B,Google Ads ACI,"1.3.4",82,ngdcp,33,33,0.2579500000,12
2026-05-26,ar,RM06B,Google Ads ACI,"1.3.4",82,offlcp,11,13,0.0318500000,6
2026-05-26,ar,RM06B,Google Ads ACI,"1.3.4",82,searcp,24,46,0.1495000000,10
2026-05-26,ar,RM06B,Google Ads ACI,"1.3.4",82,splcp,28,58,0.1435000000,19
2026-05-26,ar,RM06B,Google Ads ACI,"1.3.4",82,xzcp,22,183,0.3293000000,72
2026-05-26,ar,RM06B,facebook,"1.3.4",904,ALL,788,3596,78.6642500000,1980
2026-05-26,ar,RM06B,facebook,"1.3.4",904,albcp,74,82,1.2644500000,34
2026-05-26,ar,RM06B,facebook,"1.3.4",904,bkcp,102,114,1.6329500000,31
2026-05-26,ar,RM06B,facebook,"1.3.4",904,cl_open,611,700,30.8620000000,597
2026-05-26,ar,RM06B,facebook,"1.3.4",904,cscp,30,40,0.3628000000,14
2026-05-26,ar,RM06B,facebook,"1.3.4",904,ho_open,436,1032,21.9978000000,505
2026-05-26,ar,RM06B,facebook,"1.3.4",904,ngdcp,347,351,8.2730000000,253
2026-05-26,ar,RM06B,facebook,"1.3.4",904,offlcp,20,26,0.1715500000,9
2026-05-26,ar,RM06B,facebook,"1.3.4",904,searcp,150,180,2.5588000000,105
2026-05-26,ar,RM06B,facebook,"1.3.4",904,secp,11,11,0.3493500000,5
2026-05-26,ar,RM06B,facebook,"1.3.4",904,skpcp,63,151,0.9349000000,77
2026-05-26,ar,RM06B,facebook,"1.3.4",904,splcp,285,410,6.5511000000,156
2026-05-26,ar,RM06B,facebook,"1.3.4",904,stccp,18,18,0.2931000000,10
2026-05-26,ar,RM06B,facebook,"1.3.4",904,xzcp,126,471,3.3967500000,181
2026-05-26,ar,RM06B,unknown,"1.3.4",64,ALL,56,105,2.7139000000,30
2026-05-26,ar,RM06B,unknown,"1.3.4",64,cl_open,52,54,2.2965000000,5
2026-05-26,ar,RM08,facebook,"1.2.4",178,ALL,146,574,14.3558358796,350
2026-05-26,ar,RM08,facebook,"1.2.4",178,ccopen,110,126,5.2246863532,111
2026-05-26,ar,RM08,facebook,"1.2.4",178,hhopen,69,146,4.0358387360,64
2026-05-26,ar,RM08,facebook,"1.2.4",178,insabb,20,22,0.5423203328,14
2026-05-26,ar,RM08,facebook,"1.2.4",178,insback,26,27,0.3204966288,11
2026-05-26,ar,RM08,facebook,"1.2.4",178,inscon,19,21,0.3669548963,10
2026-05-26,ar,RM08,facebook,"1.2.4",178,insdown,26,114,1.2752741589,73
2026-05-26,ar,RM08,facebook,"1.2.4",178,insnewgd,51,55,1.5247340392,36
2026-05-26,ar,RM08,facebook,"1.2.4",178,insplayn,14,37,0.4546632017,17
2026-05-26,ar,RM08,facebook,"1.2.4",178,inssec,15,16,0.3515124894,8
2026-05-26,bo,RM06B,facebook,"1.3.4",508,ALL,432,2755,28.5661500000,1179
2026-05-26,bo,RM06B,facebook,"1.3.4",508,albcp,49,56,0.5618000000,16
2026-05-26,bo,RM06B,facebook,"1.3.4",508,bkcp,100,113,0.4786000000,29
2026-05-26,bo,RM06B,facebook,"1.3.4",508,cl_open,298,349,11.8994500000,296
2026-05-26,bo,RM06B,facebook,"1.3.4",508,cscp,17,22,0.0264500000,6
2026-05-26,bo,RM06B,facebook,"1.3.4",508,ho_open,261,704,5.9259000000,279
2026-05-26,bo,RM06B,facebook,"1.3.4",508,ngdcp,248,255,3.0976000000,148
2026-05-26,bo,RM06B,facebook,"1.3.4",508,offlcp,38,38,0.0600500000,9
2026-05-26,bo,RM06B,facebook,"1.3.4",508,searcp,134,180,1.3656000000,62
2026-05-26,bo,RM06B,facebook,"1.3.4",508,skpcp,65,212,0.5458500000,50
2026-05-26,bo,RM06B,facebook,"1.3.4",508,splcp,237,395,3.0409000000,133
2026-05-26,bo,RM06B,facebook,"1.3.4",508,xzcp,110,404,1.4019500000,140
2026-05-26,bo,RM08,facebook,"1.2.4",71,ALL,53,214,4.7891024190,127
2026-05-26,bo,RM08,facebook,"1.2.4",71,ccopen,32,36,1.0021854959,38
2026-05-26,bo,RM08,facebook,"1.2.4",71,hhopen,31,65,1.3993957608,31
2026-05-26,bo,RM08,facebook,"1.2.4",71,inscon,13,18,0.2550713108,6
2026-05-26,bo,RM08,facebook,"1.2.4",71,insdown,11,19,0.4505437344,11
2026-05-26,bo,RM08,facebook,"1.2.4",71,insnewgd,20,20,0.5278887887,15
2026-05-26,bo,RM08,facebook,"1.2.4",71,inssec,10,10,0.2805950962,5
2026-05-26,br,RM06B,Google Ads ACI,"1.3.3",150,ALL,114,405,9.7695000000,189
2026-05-26,br,RM06B,Google Ads ACI,"1.3.3",150,albcp,11,11,0.2005500000,4
2026-05-26,br,RM06B,Google Ads ACI,"1.3.3",150,bkcp,16,16,0.1507000000,5
2026-05-26,br,RM06B,Google Ads ACI,"1.3.3",150,cl_open,93,103,4.4351500000,62
2026-05-26,br,RM06B,Google Ads ACI,"1.3.3",150,ho_open,43,93,2.1979500000,37
2026-05-26,br,RM06B,Google Ads ACI,"1.3.3",150,ngdcp,52,53,0.8169000000,25
2026-05-26,br,RM06B,Google Ads ACI,"1.3.3",150,searcp,28,29,0.9355500000,6
2026-05-26,br,RM06B,Google Ads ACI,"1.3.3",150,splcp,44,52,0.5464500000,19
2026-05-26,br,RM06B,Google Ads ACI,"1.3.3",150,xzcp,13,30,0.2062000000,13
2026-05-26,br,RM06B,facebook,"1.3.3",83,ALL,44,158,6.4770000000,88
2026-05-26,br,RM06B,facebook,"1.3.3",83,cl_open,36,43,2.7734500000,28
2026-05-26,br,RM06B,facebook,"1.3.3",83,ho_open,16,48,2.1451000000,17
2026-05-26,br,RM06B,facebook,"1.3.3",83,ngdcp,13,14,0.6056000000,15
2026-05-26,br,RM06B,facebook,"1.3.3",83,splcp,13,14,0.4110000000,7
2026-05-26,br,RM06B,unknown,"1.3.3",56,ALL,33,137,3.6762500000,66
2026-05-26,br,RM06B,unknown,"1.3.3",56,cl_open,28,30,2.3827000000,6
2026-05-26,br,RM06B,Google Ads ACI,"1.3.4",2739,ALL,2227,15717,290.5885500000,7394
2026-05-26,br,RM06B,Google Ads ACI,"1.3.4",2739,albcp,366,393,7.0247000000,181
2026-05-26,br,RM06B,Google Ads ACI,"1.3.4",2739,bkcp,507,592,5.6839000000,248
2026-05-26,br,RM06B,Google Ads ACI,"1.3.4",2739,cl_open,1808,2134,92.0020000000,1529
2026-05-26,br,RM06B,Google Ads ACI,"1.3.4",2739,cscp,138,182,1.7523500000,84
2026-05-26,br,RM06B,Google Ads ACI,"1.3.4",2739,ho_open,1426,4762,80.8610000000,2157
2026-05-26,br,RM06B,Google Ads ACI,"1.3.4",2739,jclcp,22,28,0.1331000000,5
2026-05-26,br,RM06B,Google Ads ACI,"1.3.4",2739,lkcp,21,22,0.2717000000,2
2026-05-26,br,RM06B,Google Ads ACI,"1.3.4",2739,ngdcp,1175,1203,27.8548500000,667
2026-05-26,br,RM06B,Google Ads ACI,"1.3.4",2739,offlcp,120,139,1.0752000000,54
2026-05-26,br,RM06B,Google Ads ACI,"1.3.4",2739,rkgcp,16,16,0.3373000000,13
2026-05-26,br,RM06B,Google Ads ACI,"1.3.4",2739,searcp,922,1090,20.2882000000,504
2026-05-26,br,RM06B,Google Ads ACI,"1.3.4",2739,secp,35,35,0.4276500000,14
2026-05-26,br,RM06B,Google Ads ACI,"1.3.4",2739,skpcp,236,633,5.8462000000,260
2026-05-26,br,RM06B,Google Ads ACI,"1.3.4",2739,splcp,1189,1823,24.6488000000,740
2026-05-26,br,RM06B,Google Ads ACI,"1.3.4",2739,stccp,59,62,0.9849000000,29
2026-05-26,br,RM06B,Google Ads ACI,"1.3.4",2739,xzcp,522,2603,21.3967000000,907
2026-05-26,br,RM06B,facebook,"1.3.4",5684,ALL,4827,20163,962.6967000000,12101
2026-05-26,br,RM06B,facebook,"1.3.4",5684,albcp,625,700,25.7585500000,376
2026-05-26,br,RM06B,facebook,"1.3.4",5684,bkcp,525,585,13.3012000000,206
2026-05-26,br,RM06B,facebook,"1.3.4",5684,cl_open,3855,4396,370.8422000000,4083
2026-05-26,br,RM06B,facebook,"1.3.4",5684,cscp,102,141,2.4088500000,64
2026-05-26,br,RM06B,facebook,"1.3.4",5684,ho_open,2983,6841,316.8717000000,3673
2026-05-26,br,RM06B,facebook,"1.3.4",5684,jclcp,17,20,0.1846000000,4
2026-05-26,br,RM06B,facebook,"1.3.4",5684,lkcp,15,15,0.4014000000,9
2026-05-26,br,RM06B,facebook,"1.3.4",5684,ngdcp,1688,1710,84.6733500000,1127
2026-05-26,br,RM06B,facebook,"1.3.4",5684,offlcp,73,81,1.3808000000,36
2026-05-26,br,RM06B,facebook,"1.3.4",5684,rkgcp,31,31,1.5072500000,9
2026-05-26,br,RM06B,facebook,"1.3.4",5684,searcp,608,719,22.2009500000,392
2026-05-26,br,RM06B,facebook,"1.3.4",5684,secp,57,57,3.0410000000,38
2026-05-26,br,RM06B,facebook,"1.3.4",5684,skpcp,333,893,17.0420500000,389
2026-05-26,br,RM06B,facebook,"1.3.4",5684,splcp,1620,2164,75.5439500000,973
2026-05-26,br,RM06B,facebook,"1.3.4",5684,stccp,55,60,1.7263000000,29
2026-05-26,br,RM06B,facebook,"1.3.4",5684,xzcp,513,1750,25.8125500000,693
2026-05-26,br,RM06B,unknown,"1.3.4",891,ALL,802,1486,58.8018000000,296
2026-05-26,br,RM06B,unknown,"1.3.4",891,albcp,15,19,0.1989500000,7
2026-05-26,br,RM06B,unknown,"1.3.4",891,bkcp,35,45,0.1835500000,16
2026-05-26,br,RM06B,unknown,"1.3.4",891,cl_open,766,782,53.5706500000,57
2026-05-26,br,RM06B,unknown,"1.3.4",891,ho_open,79,230,2.1473000000,90
2026-05-26,br,RM06B,unknown,"1.3.4",891,ngdcp,55,60,0.9750500000,25
2026-05-26,br,RM06B,unknown,"1.3.4",891,searcp,45,60,0.5061500000,22
2026-05-26,br,RM06B,unknown,"1.3.4",891,splcp,68,105,0.5881500000,27
2026-05-26,br,RM06B,unknown,"1.3.4",891,xzcp,23,146,0.4518500000,39
2026-05-26,br,RM08,facebook,"1.2.4",1075,ALL,915,3415,163.2263967470,2180
2026-05-26,br,RM08,facebook,"1.2.4",1075,ccopen,711,816,63.5263940755,778
2026-05-26,br,RM08,facebook,"1.2.4",1075,hhopen,490,1098,49.9636653027,609
2026-05-26,br,RM08,facebook,"1.2.4",1075,insabb,117,127,3.4873888582,63
2026-05-26,br,RM08,facebook,"1.2.4",1075,insback,95,99,2.2290375510,43
2026-05-26,br,RM08,facebook,"1.2.4",1075,inscon,121,195,4.1854874259,77
2026-05-26,br,RM08,facebook,"1.2.4",1075,insdown,144,310,7.2112665116,145
2026-05-26,br,RM08,facebook,"1.2.4",1075,inshg,11,12,0.2820140692,5
2026-05-26,br,RM08,facebook,"1.2.4",1075,insnewgd,335,338,18.5964536962,248
2026-05-26,br,RM08,facebook,"1.2.4",1075,inspa,11,11,0.5348564973,4
2026-05-26,br,RM08,facebook,"1.2.4",1075,insplayn,112,243,8.7043105476,114
2026-05-26,br,RM08,facebook,"1.2.4",1075,inssec,110,116,2.9639129300,78
2026-05-26,br,RM08,facebook,"1.2.4",1075,inssp,23,28,0.5222791008,10
2026-05-26,br,RM08,unknown,"1.2.4",207,ALL,191,243,12.9167071638,33
2026-05-26,br,RM08,unknown,"1.2.4",207,ccopen,182,186,12.0891240399,6
2026-05-26,br,RM08,unknown,"1.2.4",207,hhopen,15,26,0.5128134687,11
2026-05-26,ca,RM06B,facebook,"1.3.4",120,ALL,73,249,6.7558000000,166
2026-05-26,ca,RM06B,facebook,"1.3.4",120,cl_open,19,24,0.8358000000,14
2026-05-26,ca,RM06B,facebook,"1.3.4",120,ho_open,47,103,2.0398500000,61
2026-05-26,ca,RM06B,facebook,"1.3.4",120,ngdcp,21,21,1.3831500000,22
2026-05-26,ca,RM06B,facebook,"1.3.4",120,searcp,12,13,0.1826500000,10
2026-05-26,ca,RM06B,facebook,"1.3.4",120,splcp,29,32,0.7858000000,26
2026-05-26,ca,RM06B,facebook,"1.3.4",120,xzcp,20,27,0.4367000000,17
2026-05-26,ci,RM06B,facebook,"1.3.4",122,ALL,101,366,5.3772000000,293
2026-05-26,ci,RM06B,facebook,"1.3.4",122,bkcp,23,23,0.1648000000,17
2026-05-26,ci,RM06B,facebook,"1.3.4",122,cl_open,72,83,1.9620500000,86
2026-05-26,ci,RM06B,facebook,"1.3.4",122,ho_open,53,123,1.2763000000,88
2026-05-26,ci,RM06B,facebook,"1.3.4",122,ngdcp,26,26,0.2876500000,18
2026-05-26,ci,RM06B,facebook,"1.3.4",122,searcp,17,20,0.1875000000,13
2026-05-26,ci,RM06B,facebook,"1.3.4",122,secp,14,14,0.1267500000,8
2026-05-26,ci,RM06B,facebook,"1.3.4",122,splcp,26,30,0.9683000000,35
2026-05-26,ci,RM06B,facebook,"1.3.4",122,xzcp,12,18,0.1633000000,17
2026-05-26,cl,RM06B,facebook,"1.3.4",369,ALL,323,1699,43.2010500000,782
2026-05-26,cl,RM06B,facebook,"1.3.4",369,albcp,35,42,1.1951000000,12
2026-05-26,cl,RM06B,facebook,"1.3.4",369,bkcp,44,55,1.1106000000,17
2026-05-26,cl,RM06B,facebook,"1.3.4",369,cl_open,250,305,15.6425500000,246
2026-05-26,cl,RM06B,facebook,"1.3.4",369,cscp,10,14,0.5192000000,13
2026-05-26,cl,RM06B,facebook,"1.3.4",369,ho_open,198,426,11.8402000000,215
2026-05-26,cl,RM06B,facebook,"1.3.4",369,ngdcp,145,151,4.7986500000,85
2026-05-26,cl,RM06B,facebook,"1.3.4",369,offlcp,10,10,0.0890000000,2
2026-05-26,cl,RM06B,facebook,"1.3.4",369,searcp,64,78,1.8799000000,43
2026-05-26,cl,RM06B,facebook,"1.3.4",369,skpcp,30,108,0.7400000000,19
2026-05-26,cl,RM06B,facebook,"1.3.4",369,splcp,112,162,3.5372500000,41
2026-05-26,cl,RM06B,facebook,"1.3.4",369,stccp,10,13,0.2540500000,7
2026-05-26,cl,RM06B,facebook,"1.3.4",369,xzcp,35,323,1.2934500000,76
2026-05-26,cl,RM08,facebook,"1.2.4",96,ALL,74,189,7.4023539084,106
2026-05-26,cl,RM08,facebook,"1.2.4",96,ccopen,54,58,3.1917263914,46
2026-05-26,cl,RM08,facebook,"1.2.4",96,hhopen,38,66,2.3022259489,25
2026-05-26,cl,RM08,facebook,"1.2.4",96,insnewgd,28,29,0.8824434745,18
2026-05-26,cl,RM08,facebook,"1.2.4",96,inssec,10,10,0.2852852135,10
2026-05-26,cm,RM06B,facebook,"1.3.4",76,ALL,63,170,2.2399000000,104
2026-05-26,cm,RM06B,facebook,"1.3.4",76,bkcp,11,11,0.0425000000,2
2026-05-26,cm,RM06B,facebook,"1.3.4",76,cl_open,31,33,0.9777500000,30
2026-05-26,cm,RM06B,facebook,"1.3.4",76,ho_open,29,50,0.4409500000,34
2026-05-26,cm,RM06B,facebook,"1.3.4",76,ngdcp,18,18,0.2108000000,10
2026-05-26,cm,RM06B,facebook,"1.3.4",76,splcp,20,20,0.2924500000,15
2026-05-26,cm,RM06B,facebook,"1.3.4",76,xzcp,11,16,0.1472500000,6
2026-05-26,co,RM06B,facebook,"1.3.3",105,ALL,83,386,9.0460000000,255
2026-05-26,co,RM06B,facebook,"1.3.3",105,bkcp,11,11,0.1934000000,4
2026-05-26,co,RM06B,facebook,"1.3.3",105,cl_open,63,64,3.5196000000,71
2026-05-26,co,RM06B,facebook,"1.3.3",105,ho_open,38,115,1.8222500000,84
2026-05-26,co,RM06B,facebook,"1.3.3",105,ngdcp,39,40,0.9777000000,30
2026-05-26,co,RM06B,facebook,"1.3.3",105,searcp,21,26,0.4479500000,11
2026-05-26,co,RM06B,facebook,"1.3.3",105,splcp,35,42,0.7866500000,17
2026-05-26,co,RM06B,facebook,"1.3.3",105,xzcp,15,48,0.5272500000,23
2026-05-26,co,RM06B,Google Ads ACI,"1.3.4",207,ALL,105,1061,10.6268500000,468
2026-05-26,co,RM06B,Google Ads ACI,"1.3.4",207,albcp,14,15,0.1602500000,6
2026-05-26,co,RM06B,Google Ads ACI,"1.3.4",207,bkcp,31,40,0.1405500000,28
2026-05-26,co,RM06B,Google Ads ACI,"1.3.4",207,cl_open,73,91,3.7248500000,71
2026-05-26,co,RM06B,Google Ads ACI,"1.3.4",207,ho_open,71,269,2.6618000000,128
2026-05-26,co,RM06B,Google Ads ACI,"1.3.4",207,ngdcp,50,51,0.7315500000,30
2026-05-26,co,RM06B,Google Ads ACI,"1.3.4",207,offlcp,17,18,0.0472000000,7
2026-05-26,co,RM06B,Google Ads ACI,"1.3.4",207,searcp,51,72,0.8248500000,30
2026-05-26,co,RM06B,Google Ads ACI,"1.3.4",207,skpcp,12,40,0.2467000000,7
2026-05-26,co,RM06B,Google Ads ACI,"1.3.4",207,splcp,56,126,0.7080500000,49
2026-05-26,co,RM06B,Google Ads ACI,"1.3.4",207,xzcp,38,324,1.3148500000,106
2026-05-26,co,RM06B,TIKTOK,"1.3.4",108,ALL,90,579,10.7335000000,320
2026-05-26,co,RM06B,TIKTOK,"1.3.4",108,albcp,14,15,0.1995500000,8
2026-05-26,co,RM06B,TIKTOK,"1.3.4",108,bkcp,16,18,0.1669000000,7
2026-05-26,co,RM06B,TIKTOK,"1.3.4",108,cl_open,70,80,4.3263000000,79
2026-05-26,co,RM06B,TIKTOK,"1.3.4",108,ho_open,56,171,2.3808000000,102
2026-05-26,co,RM06B,TIKTOK,"1.3.4",108,ngdcp,34,34,0.7649000000,22
2026-05-26,co,RM06B,TIKTOK,"1.3.4",108,searcp,26,33,0.6471000000,10
2026-05-26,co,RM06B,TIKTOK,"1.3.4",108,skpcp,17,33,0.6366500000,19
2026-05-26,co,RM06B,TIKTOK,"1.3.4",108,splcp,39,59,0.7900500000,18
2026-05-26,co,RM06B,TIKTOK,"1.3.4",108,xzcp,19,120,0.7222500000,42
2026-05-26,co,RM06B,facebook,"1.3.4",2120,ALL,1780,10235,225.1944000000,5868
2026-05-26,co,RM06B,facebook,"1.3.4",2120,albcp,233,252,4.1189000000,140
2026-05-26,co,RM06B,facebook,"1.3.4",2120,bkcp,313,344,3.4964500000,120
2026-05-26,co,RM06B,facebook,"1.3.4",2120,cl_open,1298,1532,81.5246000000,1402
2026-05-26,co,RM06B,facebook,"1.3.4",2120,cscp,88,104,1.0125500000,27
2026-05-26,co,RM06B,facebook,"1.3.4",2120,ho_open,1117,2942,59.2280500000,1631
2026-05-26,co,RM06B,facebook,"1.3.4",2120,lkcp,10,10,0.1543500000,2
2026-05-26,co,RM06B,facebook,"1.3.4",2120,ngdcp,789,805,22.4947000000,590
2026-05-26,co,RM06B,facebook,"1.3.4",2120,offlcp,59,60,0.5390000000,17
2026-05-26,co,RM06B,facebook,"1.3.4",2120,rkgcp,14,14,0.3977000000,6
2026-05-26,co,RM06B,facebook,"1.3.4",2120,searcp,387,493,8.4778500000,264
2026-05-26,co,RM06B,facebook,"1.3.4",2120,secp,27,27,0.4088500000,12
2026-05-26,co,RM06B,facebook,"1.3.4",2120,skpcp,235,644,6.9430500000,275
2026-05-26,co,RM06B,facebook,"1.3.4",2120,splcp,850,1251,22.7512500000,636
2026-05-26,co,RM06B,facebook,"1.3.4",2120,stccp,28,28,0.7430000000,17
2026-05-26,co,RM06B,facebook,"1.3.4",2120,xzcp,402,1720,12.8657000000,726
2026-05-26,co,RM06B,unknown,"1.3.4",185,ALL,160,277,9.3735000000,46
2026-05-26,co,RM06B,unknown,"1.3.4",185,cl_open,155,162,8.5857000000,7
2026-05-26,co,RM06B,unknown,"1.3.4",185,ho_open,10,30,0.4369000000,11
2026-05-26,co,RM08,facebook,"1.2.4",193,ALL,150,546,13.5608194601,431
2026-05-26,co,RM08,facebook,"1.2.4",193,ccopen,110,131,4.5288301191,156
2026-05-26,co,RM08,facebook,"1.2.4",193,hhopen,74,173,4.5276367268,113
2026-05-26,co,RM08,facebook,"1.2.4",193,insabb,30,30,0.5176172739,22
2026-05-26,co,RM08,facebook,"1.2.4",193,insback,19,19,0.2423635798,7
2026-05-26,co,RM08,facebook,"1.2.4",193,inscon,22,31,0.2560964190,18
2026-05-26,co,RM08,facebook,"1.2.4",193,insdown,28,35,0.5644084619,16
2026-05-26,co,RM08,facebook,"1.2.4",193,insnewgd,47,47,1.6617890856,49
2026-05-26,co,RM08,facebook,"1.2.4",193,insplayn,20,48,0.6890565176,28
2026-05-26,co,RM08,facebook,"1.2.4",193,inssec,19,20,0.1911829282,16
2026-05-26,co,RM08,unknown,"1.2.4",71,ALL,58,144,1.8568002886,23
2026-05-26,co,RM08,unknown,"1.2.4",71,ccopen,52,59,1.6210237965,8
2026-05-26,co,RM08,unknown,"1.2.4",71,hhopen,12,35,0.1545425800,7
2026-05-26,cr,RM06B,facebook,"1.3.4",255,ALL,226,1007,32.5309500000,492
2026-05-26,cr,RM06B,facebook,"1.3.4",255,albcp,15,16,0.2548000000,8
2026-05-26,cr,RM06B,facebook,"1.3.4",255,bkcp,23,25,0.2882000000,10
2026-05-26,cr,RM06B,facebook,"1.3.4",255,cl_open,184,214,13.7835000000,174
2026-05-26,cr,RM06B,facebook,"1.3.4",255,ho_open,130,298,8.2601000000,120
2026-05-26,cr,RM06B,facebook,"1.3.4",255,ngdcp,98,98,2.9933000000,56
2026-05-26,cr,RM06B,facebook,"1.3.4",255,searcp,45,50,1.5321500000,20
2026-05-26,cr,RM06B,facebook,"1.3.4",255,skpcp,20,44,0.8983000000,14
2026-05-26,cr,RM06B,facebook,"1.3.4",255,splcp,94,120,3.4053000000,31
2026-05-26,cr,RM06B,facebook,"1.3.4",255,xzcp,40,110,0.6766000000,43
2026-05-26,do,RM06B,Google Ads ACI,"1.3.4",50,ALL,28,145,1.8468500000,95
2026-05-26,do,RM06B,Google Ads ACI,"1.3.4",50,cl_open,22,25,0.7736500000,17
2026-05-26,do,RM06B,Google Ads ACI,"1.3.4",50,ho_open,15,56,0.4513500000,27
2026-05-26,do,RM06B,Google Ads ACI,"1.3.4",50,ngdcp,10,11,0.1580500000,7
2026-05-26,do,RM06B,Google Ads ACI,"1.3.4",50,splcp,12,16,0.0976000000,2
2026-05-26,do,RM06B,facebook,"1.3.4",280,ALL,232,1268,25.4472500000,724
2026-05-26,do,RM06B,facebook,"1.3.4",280,albcp,37,38,0.7188000000,25
2026-05-26,do,RM06B,facebook,"1.3.4",280,bkcp,37,39,0.2748000000,16
2026-05-26,do,RM06B,facebook,"1.3.4",280,cl_open,158,189,8.3362500000,172
2026-05-26,do,RM06B,facebook,"1.3.4",280,ho_open,139,376,7.8716500000,194
2026-05-26,do,RM06B,facebook,"1.3.4",280,ngdcp,101,107,2.8501500000,74
2026-05-26,do,RM06B,facebook,"1.3.4",280,offlcp,13,13,0.1487500000,12
2026-05-26,do,RM06B,facebook,"1.3.4",280,searcp,50,62,0.9110000000,45
2026-05-26,do,RM06B,facebook,"1.3.4",280,skpcp,23,45,0.3684000000,15
2026-05-26,do,RM06B,facebook,"1.3.4",280,splcp,101,151,2.2809000000,68
2026-05-26,do,RM06B,facebook,"1.3.4",280,xzcp,48,218,1.1728000000,91
2026-05-26,do,RM08,facebook,"1.2.4",50,ALL,36,125,6.9171218737,92
2026-05-26,do,RM08,facebook,"1.2.4",50,ccopen,25,29,1.5422408124,29
2026-05-26,do,RM08,facebook,"1.2.4",50,hhopen,17,40,2.3497772903,28
2026-05-26,do,RM08,facebook,"1.2.4",50,insnewgd,15,15,1.0409898666,9
2026-05-26,ec,RM06B,Google Ads ACI,"1.3.4",75,ALL,41,290,1.9208000000,107
2026-05-26,ec,RM06B,Google Ads ACI,"1.3.4",75,cl_open,29,34,0.9983000000,22
2026-05-26,ec,RM06B,Google Ads ACI,"1.3.4",75,ho_open,25,77,0.3831000000,30
2026-05-26,ec,RM06B,Google Ads ACI,"1.3.4",75,ngdcp,17,18,0.1121000000,9
2026-05-26,ec,RM06B,Google Ads ACI,"1.3.4",75,searcp,14,19,0.0374500000,7
2026-05-26,ec,RM06B,Google Ads ACI,"1.3.4",75,splcp,18,50,0.1834000000,4
2026-05-26,ec,RM06B,Google Ads ACI,"1.3.4",75,xzcp,15,48,0.0875000000,18
2026-05-26,ec,RM06B,TIKTOK,"1.3.4",67,ALL,52,283,3.8921500000,151
2026-05-26,ec,RM06B,TIKTOK,"1.3.4",67,bkcp,10,11,0.0480500000,4
2026-05-26,ec,RM06B,TIKTOK,"1.3.4",67,cl_open,34,35,1.3116500000,31
2026-05-26,ec,RM06B,TIKTOK,"1.3.4",67,ho_open,31,71,1.1433000000,35
2026-05-26,ec,RM06B,TIKTOK,"1.3.4",67,ngdcp,29,29,0.3981500000,16
2026-05-26,ec,RM06B,TIKTOK,"1.3.4",67,searcp,16,17,0.2011000000,8
2026-05-26,ec,RM06B,TIKTOK,"1.3.4",67,splcp,23,33,0.4185500000,14
2026-05-26,ec,RM06B,facebook,"1.3.4",767,ALL,628,3906,53.8176500000,1782
2026-05-26,ec,RM06B,facebook,"1.3.4",767,albcp,84,99,0.7481500000,36
2026-05-26,ec,RM06B,facebook,"1.3.4",767,bkcp,116,135,0.7306000000,48
2026-05-26,ec,RM06B,facebook,"1.3.4",767,cl_open,500,567,22.8079500000,473
2026-05-26,ec,RM06B,facebook,"1.3.4",767,cscp,27,39,0.1679000000,23
2026-05-26,ec,RM06B,facebook,"1.3.4",767,ho_open,378,936,13.6374500000,430
2026-05-26,ec,RM06B,facebook,"1.3.4",767,ngdcp,315,320,4.8840000000,189
2026-05-26,ec,RM06B,facebook,"1.3.4",767,offlcp,28,34,0.0769000000,15
2026-05-26,ec,RM06B,facebook,"1.3.4",767,searcp,158,212,1.4842000000,87
2026-05-26,ec,RM06B,facebook,"1.3.4",767,skpcp,81,298,0.9378000000,96
2026-05-26,ec,RM06B,facebook,"1.3.4",767,splcp,312,537,5.6967000000,163
2026-05-26,ec,RM06B,facebook,"1.3.4",767,xzcp,141,693,2.4198000000,205
2026-05-26,ec,RM06B,unknown,"1.3.4",78,ALL,72,90,3.1681000000,13
2026-05-26,ec,RM06B,unknown,"1.3.4",78,cl_open,67,67,2.7395500000,6
2026-05-26,es,RM06B,Google Ads ACI,"1.3.4",58,ALL,46,387,4.4796000000,99
2026-05-26,es,RM06B,Google Ads ACI,"1.3.4",58,bkcp,19,25,0.1217500000,3
2026-05-26,es,RM06B,Google Ads ACI,"1.3.4",58,cl_open,29,45,1.6680500000,24
2026-05-26,es,RM06B,Google Ads ACI,"1.3.4",58,ho_open,22,71,0.3342500000,12
2026-05-26,es,RM06B,Google Ads ACI,"1.3.4",58,ngdcp,27,27,0.5702500000,9
2026-05-26,es,RM06B,Google Ads ACI,"1.3.4",58,searcp,28,44,0.6736000000,11
2026-05-26,es,RM06B,Google Ads ACI,"1.3.4",58,splcp,26,37,0.5302500000,13
2026-05-26,es,RM06B,Google Ads ACI,"1.3.4",58,xzcp,18,111,0.4327000000,23
2026-05-26,es,RM06B,facebook,"1.3.4",426,ALL,349,1838,97.4769000000,812
2026-05-26,es,RM06B,facebook,"1.3.4",426,albcp,33,37,1.4457500000,15
2026-05-26,es,RM06B,facebook,"1.3.4",426,bkcp,70,87,3.1985000000,25
2026-05-26,es,RM06B,facebook,"1.3.4",426,cl_open,249,312,34.9038000000,237
2026-05-26,es,RM06B,facebook,"1.3.4",426,cscp,21,30,0.4125000000,8
2026-05-26,es,RM06B,facebook,"1.3.4",426,ho_open,206,540,26.0775500000,217
2026-05-26,es,RM06B,facebook,"1.3.4",426,ngdcp,157,160,12.1653000000,117
2026-05-26,es,RM06B,facebook,"1.3.4",426,offlcp,10,10,0.2309000000,2
2026-05-26,es,RM06B,facebook,"1.3.4",426,rkgcp,10,10,0.4533000000,5
2026-05-26,es,RM06B,facebook,"1.3.4",426,searcp,102,130,5.6901000000,44
2026-05-26,es,RM06B,facebook,"1.3.4",426,secp,10,10,0.3452500000,5
2026-05-26,es,RM06B,facebook,"1.3.4",426,skpcp,24,55,0.6405500000,8
2026-05-26,es,RM06B,facebook,"1.3.4",426,splcp,145,241,8.5745000000,67
2026-05-26,es,RM06B,facebook,"1.3.4",426,stccp,10,10,0.3349000000,3
2026-05-26,es,RM06B,facebook,"1.3.4",426,xzcp,40,197,2.9691500000,59
2026-05-26,gh,RM06B,facebook,"1.3.4",395,ALL,330,2265,32.3904500000,1254
2026-05-26,gh,RM06B,facebook,"1.3.4",395,albcp,111,122,2.6282000000,88
2026-05-26,gh,RM06B,facebook,"1.3.4",395,bkcp,83,88,0.8460500000,50
2026-05-26,gh,RM06B,facebook,"1.3.4",395,cl_open,186,195,7.6295500000,207
2026-05-26,gh,RM06B,facebook,"1.3.4",395,cscp,19,36,0.1611000000,16
2026-05-26,gh,RM06B,facebook,"1.3.4",395,ho_open,190,480,7.8366500000,286
2026-05-26,gh,RM06B,facebook,"1.3.4",395,ngdcp,129,133,3.6135000000,96
2026-05-26,gh,RM06B,facebook,"1.3.4",395,offlcp,10,10,0.0855500000,4
2026-05-26,gh,RM06B,facebook,"1.3.4",395,searcp,51,70,0.8891500000,57
2026-05-26,gh,RM06B,facebook,"1.3.4",395,skpcp,42,107,0.6007500000,39
2026-05-26,gh,RM06B,facebook,"1.3.4",395,splcp,154,312,3.6240000000,140
2026-05-26,gh,RM06B,facebook,"1.3.4",395,xzcp,112,695,4.1499000000,266
2026-05-26,gn,RM06B,facebook,"1.3.4",68,ALL,55,196,2.3353500000,170
2026-05-26,gn,RM06B,facebook,"1.3.4",68,bkcp,11,12,0.0286000000,6
2026-05-26,gn,RM06B,facebook,"1.3.4",68,cl_open,34,34,0.7156000000,41
2026-05-26,gn,RM06B,facebook,"1.3.4",68,ho_open,32,68,0.8200000000,52
2026-05-26,gn,RM06B,facebook,"1.3.4",68,ngdcp,22,22,0.2643000000,13
2026-05-26,gn,RM06B,facebook,"1.3.4",68,splcp,18,20,0.1606000000,20
2026-05-26,gt,RM06B,Google Ads ACI,"1.3.4",110,ALL,59,508,3.9536500000,288
2026-05-26,gt,RM06B,Google Ads ACI,"1.3.4",110,bkcp,19,20,0.0541500000,4
2026-05-26,gt,RM06B,Google Ads ACI,"1.3.4",110,cl_open,42,55,1.0958500000,58
2026-05-26,gt,RM06B,Google Ads ACI,"1.3.4",110,ho_open,40,141,0.8581500000,54
2026-05-26,gt,RM06B,Google Ads ACI,"1.3.4",110,ngdcp,25,25,0.2331500000,18
2026-05-26,gt,RM06B,Google Ads ACI,"1.3.4",110,searcp,26,33,0.2152500000,15
2026-05-26,gt,RM06B,Google Ads ACI,"1.3.4",110,skpcp,15,43,0.4040500000,26
2026-05-26,gt,RM06B,Google Ads ACI,"1.3.4",110,splcp,36,72,0.3840000000,32
2026-05-26,gt,RM06B,Google Ads ACI,"1.3.4",110,xzcp,23,89,0.6467000000,69
2026-05-26,gt,RM06B,TIKTOK,"1.3.4",55,ALL,54,410,6.0119000000,215
2026-05-26,gt,RM06B,TIKTOK,"1.3.4",55,bkcp,10,10,0.1562500000,1
2026-05-26,gt,RM06B,TIKTOK,"1.3.4",55,cl_open,33,40,2.3183000000,40
2026-05-26,gt,RM06B,TIKTOK,"1.3.4",55,ho_open,33,122,1.5997000000,60
2026-05-26,gt,RM06B,TIKTOK,"1.3.4",55,ngdcp,23,23,0.3886500000,17
2026-05-26,gt,RM06B,TIKTOK,"1.3.4",55,searcp,19,23,0.3396500000,13
2026-05-26,gt,RM06B,TIKTOK,"1.3.4",55,skpcp,18,52,0.3023000000,17
2026-05-26,gt,RM06B,TIKTOK,"1.3.4",55,splcp,35,49,0.4675500000,23
2026-05-26,gt,RM06B,TIKTOK,"1.3.4",55,xzcp,18,74,0.2572000000,36
2026-05-26,gt,RM06B,facebook,"1.3.4",852,ALL,754,5611,70.0777500000,2406
2026-05-26,gt,RM06B,facebook,"1.3.4",852,albcp,105,118,1.0942000000,51
2026-05-26,gt,RM06B,facebook,"1.3.4",852,bkcp,177,203,1.5266000000,46
2026-05-26,gt,RM06B,facebook,"1.3.4",852,cl_open,578,681,25.0653500000,641
2026-05-26,gt,RM06B,facebook,"1.3.4",852,cscp,65,89,0.4905500000,20
2026-05-26,gt,RM06B,facebook,"1.3.4",852,ho_open,497,1699,18.7215000000,645
2026-05-26,gt,RM06B,facebook,"1.3.4",852,lkcp,16,18,0.0203000000,12
2026-05-26,gt,RM06B,facebook,"1.3.4",852,ngdcp,414,425,5.9233000000,304
2026-05-26,gt,RM06B,facebook,"1.3.4",852,offlcp,48,55,0.1908000000,16
2026-05-26,gt,RM06B,facebook,"1.3.4",852,searcp,247,336,3.3626500000,114
2026-05-26,gt,RM06B,facebook,"1.3.4",852,secp,23,23,0.1719500000,15
2026-05-26,gt,RM06B,facebook,"1.3.4",852,skpcp,151,421,2.1922000000,85
2026-05-26,gt,RM06B,facebook,"1.3.4",852,splcp,449,720,7.7337500000,242
2026-05-26,gt,RM06B,facebook,"1.3.4",852,xzcp,215,802,3.3612500000,205
2026-05-26,gt,RM06B,unknown,"1.3.4",87,ALL,77,93,3.0166500000,13
2026-05-26,gt,RM06B,unknown,"1.3.4",87,cl_open,76,76,2.9434000000,10
2026-05-26,hk,RM08,facebook,"1.2.4",115,ALL,103,697,31.7367350879,271
2026-05-26,hk,RM08,facebook,"1.2.4",115,ccopen,72,86,8.3312225302,73
2026-05-26,hk,RM08,facebook,"1.2.4",115,hhopen,65,166,7.9484339811,57
2026-05-26,hk,RM08,facebook,"1.2.4",115,insabb,25,26,1.7030036405,15
2026-05-26,hk,RM08,facebook,"1.2.4",115,insback,25,28,0.7226886957,8
2026-05-26,hk,RM08,facebook,"1.2.4",115,inscon,23,31,0.8149614869,9
2026-05-26,hk,RM08,facebook,"1.2.4",115,insdown,41,210,3.6908557751,51
2026-05-26,hk,RM08,facebook,"1.2.4",115,inshg,10,10,0.1441589854,4
2026-05-26,hk,RM08,facebook,"1.2.4",115,insnewgd,69,69,5.2632053978,31
2026-05-26,hk,RM08,facebook,"1.2.4",115,inssec,27,30,1.4744645337,8
2026-05-26,hn,RM06B,Google Ads ACI,"1.3.4",60,ALL,34,218,1.2058000000,94
2026-05-26,hn,RM06B,Google Ads ACI,"1.3.4",60,cl_open,27,30,0.4329000000,19
2026-05-26,hn,RM06B,Google Ads ACI,"1.3.4",60,ho_open,22,63,0.3364000000,23
2026-05-26,hn,RM06B,Google Ads ACI,"1.3.4",60,ngdcp,19,19,0.1122500000,5
2026-05-26,hn,RM06B,Google Ads ACI,"1.3.4",60,searcp,13,16,0.0996000000,12
2026-05-26,hn,RM06B,Google Ads ACI,"1.3.4",60,splcp,19,28,0.0710500000,14
2026-05-26,hn,RM06B,Google Ads ACI,"1.3.4",60,xzcp,10,30,0.0324000000,6
2026-05-26,hn,RM06B,facebook,"1.3.4",519,ALL,443,3025,32.4268500000,1443
2026-05-26,hn,RM06B,facebook,"1.3.4",519,albcp,64,73,0.6104500000,25
2026-05-26,hn,RM06B,facebook,"1.3.4",519,bkcp,75,80,0.3541000000,31
2026-05-26,hn,RM06B,facebook,"1.3.4",519,cl_open,347,403,12.0511500000,379
2026-05-26,hn,RM06B,facebook,"1.3.4",519,cscp,24,27,0.1778500000,21
2026-05-26,hn,RM06B,facebook,"1.3.4",519,ho_open,282,870,8.8521000000,419
2026-05-26,hn,RM06B,facebook,"1.3.4",519,ngdcp,195,198,2.1991000000,135
2026-05-26,hn,RM06B,facebook,"1.3.4",519,offlcp,16,17,0.0178500000,6
2026-05-26,hn,RM06B,facebook,"1.3.4",519,searcp,116,155,1.2819000000,67
2026-05-26,hn,RM06B,facebook,"1.3.4",519,secp,13,13,0.0457500000,7
2026-05-26,hn,RM06B,facebook,"1.3.4",519,skpcp,54,224,1.0953000000,54
2026-05-26,hn,RM06B,facebook,"1.3.4",519,splcp,242,401,4.0865500000,148
2026-05-26,hn,RM06B,facebook,"1.3.4",519,xzcp,125,549,1.5509000000,151
2026-05-26,id,RM06B,Google Ads ACI,"1.3.3",88,ALL,50,228,1.6487500000,102
2026-05-26,id,RM06B,Google Ads ACI,"1.3.3",88,cl_open,29,33,0.4915500000,30
2026-05-26,id,RM06B,Google Ads ACI,"1.3.3",88,ho_open,33,53,0.5820500000,34
2026-05-26,id,RM06B,Google Ads ACI,"1.3.3",88,ngdcp,14,14,0.2018000000,6
2026-05-26,id,RM06B,Google Ads ACI,"1.3.3",88,splcp,12,21,0.0599500000,6
2026-05-26,id,RM06B,Google Ads ACI,"1.3.4",2494,ALL,2033,14405,90.7044000000,7828
2026-05-26,id,RM06B,Google Ads ACI,"1.3.4",2494,albcp,293,314,1.9008500000,162
2026-05-26,id,RM06B,Google Ads ACI,"1.3.4",2494,bkcp,584,692,2.1144500000,306
2026-05-26,id,RM06B,Google Ads ACI,"1.3.4",2494,cl_open,1329,1639,25.1614500000,1387
2026-05-26,id,RM06B,Google Ads ACI,"1.3.4",2494,cscp,192,264,0.8432000000,124
2026-05-26,id,RM06B,Google Ads ACI,"1.3.4",2494,ho_open,1309,4160,23.6186500000,2301
2026-05-26,id,RM06B,Google Ads ACI,"1.3.4",2494,lkcp,23,24,0.0961500000,15
2026-05-26,id,RM06B,Google Ads ACI,"1.3.4",2494,ngdcp,989,1011,10.1549500000,785
2026-05-26,id,RM06B,Google Ads ACI,"1.3.4",2494,offlcp,143,159,0.6693000000,59
2026-05-26,id,RM06B,Google Ads ACI,"1.3.4",2494,rkgcp,20,20,0.1001000000,14
2026-05-26,id,RM06B,Google Ads ACI,"1.3.4",2494,searcp,775,994,5.4561500000,459
2026-05-26,id,RM06B,Google Ads ACI,"1.3.4",2494,secp,71,72,0.7846000000,44
2026-05-26,id,RM06B,Google Ads ACI,"1.3.4",2494,skpcp,138,280,1.2288000000,123
2026-05-26,id,RM06B,Google Ads ACI,"1.3.4",2494,splcp,1126,1874,8.6727000000,849
2026-05-26,id,RM06B,Google Ads ACI,"1.3.4",2494,stccp,31,33,0.1308500000,12
2026-05-26,id,RM06B,Google Ads ACI,"1.3.4",2494,xzcp,667,2859,9.7571000000,1182
2026-05-26,id,RM06B,facebook,"1.3.4",338,ALL,281,1706,28.4796500000,1041
2026-05-26,id,RM06B,facebook,"1.3.4",338,albcp,56,65,0.8982000000,36
2026-05-26,id,RM06B,facebook,"1.3.4",338,bkcp,65,81,1.2086500000,36
2026-05-26,id,RM06B,facebook,"1.3.4",338,cl_open,180,218,7.2088000000,203
2026-05-26,id,RM06B,facebook,"1.3.4",338,cscp,13,15,0.1014500000,8
2026-05-26,id,RM06B,facebook,"1.3.4",338,ho_open,196,557,8.7466000000,304
2026-05-26,id,RM06B,facebook,"1.3.4",338,ngdcp,126,128,3.0255500000,125
2026-05-26,id,RM06B,facebook,"1.3.4",338,offlcp,10,11,0.0495500000,7
2026-05-26,id,RM06B,facebook,"1.3.4",338,searcp,85,108,2.0455500000,57
2026-05-26,id,RM06B,facebook,"1.3.4",338,skpcp,28,57,0.8730500000,25
2026-05-26,id,RM06B,facebook,"1.3.4",338,splcp,131,230,3.2207500000,133
2026-05-26,id,RM06B,facebook,"1.3.4",338,xzcp,46,223,0.9887500000,96
2026-05-26,id,RM06B,unknown,"1.3.4",472,ALL,281,1120,3.6685000000,499
2026-05-26,id,RM06B,unknown,"1.3.4",472,albcp,17,17,0.0231500000,6
2026-05-26,id,RM06B,unknown,"1.3.4",472,bkcp,40,55,0.0812500000,27
2026-05-26,id,RM06B,unknown,"1.3.4",472,cl_open,227,265,1.9461500000,98
2026-05-26,id,RM06B,unknown,"1.3.4",472,cscp,13,15,0.0231500000,8
2026-05-26,id,RM06B,unknown,"1.3.4",472,ho_open,81,225,0.7283000000,121
2026-05-26,id,RM06B,unknown,"1.3.4",472,ngdcp,42,42,0.1482000000,15
2026-05-26,id,RM06B,unknown,"1.3.4",472,searcp,48,61,0.1574500000,26
2026-05-26,id,RM06B,unknown,"1.3.4",472,splcp,58,117,0.1756500000,38
2026-05-26,id,RM06B,unknown,"1.3.4",472,xzcp,38,297,0.2515500000,149
2026-05-26,id,RM08,Google Ads ACI,"1.2.4",81,ALL,73,907,3.5139773926,345
2026-05-26,id,RM08,Google Ads ACI,"1.2.4",81,ccopen,51,64,0.7451963040,31
2026-05-26,id,RM08,Google Ads ACI,"1.2.4",81,hhopen,47,178,0.6890481626,87
2026-05-26,id,RM08,Google Ads ACI,"1.2.4",81,insback,31,36,0.0542560355,11
2026-05-26,id,RM08,Google Ads ACI,"1.2.4",81,inscon,32,76,0.1592208886,30
2026-05-26,id,RM08,Google Ads ACI,"1.2.4",81,insdown,45,367,1.0502224858,119
2026-05-26,id,RM08,Google Ads ACI,"1.2.4",81,inshg,15,16,0.0195629512,1
2026-05-26,id,RM08,Google Ads ACI,"1.2.4",81,insnewgd,40,40,0.1985648581,26
2026-05-26,id,RM08,Google Ads ACI,"1.2.4",81,inssec,43,77,0.3364749606,20
2026-05-26,id,RM08,Google Ads ACI,"1.2.4",81,inssp,12,13,0.0723076078,10
2026-05-26,id,RM08,facebook,"1.2.4",264,ALL,225,1064,15.6301883606,580
2026-05-26,id,RM08,facebook,"1.2.4",264,ccopen,141,177,4.2197560201,147
2026-05-26,id,RM08,facebook,"1.2.4",264,hhopen,123,269,4.4727650537,132
2026-05-26,id,RM08,facebook,"1.2.4",264,insabb,45,56,0.6023286341,28
2026-05-26,id,RM08,facebook,"1.2.4",264,insatt,14,14,0.2456179016,3
2026-05-26,id,RM08,facebook,"1.2.4",264,insback,37,43,0.1610247610,7
2026-05-26,id,RM08,facebook,"1.2.4",264,inscon,44,80,0.4549779079,22
2026-05-26,id,RM08,facebook,"1.2.4",264,insdown,60,203,2.0524661558,102
2026-05-26,id,RM08,facebook,"1.2.4",264,insnewgd,109,111,2.4236435530,88
2026-05-26,id,RM08,facebook,"1.2.4",264,insplayn,31,53,0.5395449442,23
2026-05-26,id,RM08,facebook,"1.2.4",264,inssec,38,45,0.3609999312,24
2026-05-26,iq,RM06B,Google Ads ACI,"1.3.4",60,ALL,51,453,0.3760500000,162
2026-05-26,iq,RM06B,Google Ads ACI,"1.3.4",60,bkcp,26,34,0.0352000000,6
2026-05-26,iq,RM06B,Google Ads ACI,"1.3.4",60,cl_open,28,32,0.0480000000,30
2026-05-26,iq,RM06B,Google Ads ACI,"1.3.4",60,cscp,10,14,0.0085000000,8
2026-05-26,iq,RM06B,Google Ads ACI,"1.3.4",60,ho_open,34,106,0.0773000000,32
2026-05-26,iq,RM06B,Google Ads ACI,"1.3.4",60,ngdcp,22,22,0.0170000000,7
2026-05-26,iq,RM06B,Google Ads ACI,"1.3.4",60,searcp,33,51,0.0533500000,21
2026-05-26,iq,RM06B,Google Ads ACI,"1.3.4",60,splcp,33,76,0.0448000000,12
2026-05-26,iq,RM06B,Google Ads ACI,"1.3.4",60,xzcp,25,87,0.0689500000,35
2026-05-26,it,RM06B,facebook,"1.3.4",57,ALL,55,299,16.0405000000,141
2026-05-26,it,RM06B,facebook,"1.3.4",57,bkcp,10,14,0.9410000000,2
2026-05-26,it,RM06B,facebook,"1.3.4",57,cl_open,40,44,3.8695000000,31
2026-05-26,it,RM06B,facebook,"1.3.4",57,ho_open,33,116,5.7706500000,51
2026-05-26,it,RM06B,facebook,"1.3.4",57,ngdcp,22,23,1.1681500000,9
2026-05-26,it,RM06B,facebook,"1.3.4",57,searcp,16,21,0.6108500000,8
2026-05-26,it,RM06B,facebook,"1.3.4",57,splcp,28,46,2.4219000000,27
2026-05-26,it,RM06B,facebook,"1.3.4",57,xzcp,10,12,0.5389000000,4
2026-05-26,ke,RM06B,facebook,"1.3.4",321,ALL,270,1809,26.0715500000,980
2026-05-26,ke,RM06B,facebook,"1.3.4",321,albcp,64,72,1.3703000000,54
2026-05-26,ke,RM06B,facebook,"1.3.4",321,bkcp,57,69,0.4676000000,38
2026-05-26,ke,RM06B,facebook,"1.3.4",321,cl_open,163,176,8.2785000000,155
2026-05-26,ke,RM06B,facebook,"1.3.4",321,cscp,12,17,0.0622000000,10
2026-05-26,ke,RM06B,facebook,"1.3.4",321,ho_open,165,462,5.7005500000,232
2026-05-26,ke,RM06B,facebook,"1.3.4",321,ngdcp,105,105,2.6769000000,82
2026-05-26,ke,RM06B,facebook,"1.3.4",321,offlcp,10,16,0.0778000000,9
2026-05-26,ke,RM06B,facebook,"1.3.4",321,searcp,66,89,0.8437000000,46
2026-05-26,ke,RM06B,facebook,"1.3.4",321,skpcp,31,94,0.4647000000,46
2026-05-26,ke,RM06B,facebook,"1.3.4",321,splcp,136,248,3.1411000000,119
2026-05-26,ke,RM06B,facebook,"1.3.4",321,xzcp,102,443,2.8427000000,179
2026-05-26,ke,RM08,Google Ads ACI,"1.2.4",56,ALL,45,409,1.7116131851,119
2026-05-26,ke,RM08,Google Ads ACI,"1.2.4",56,ccopen,26,30,0.3478627581,18
2026-05-26,ke,RM08,Google Ads ACI,"1.2.4",56,hhopen,31,94,0.4592748240,28
2026-05-26,ke,RM08,Google Ads ACI,"1.2.4",56,insback,18,18,0.0489597876,5
2026-05-26,ke,RM08,Google Ads ACI,"1.2.4",56,inscon,19,31,0.0705979316,5
2026-05-26,ke,RM08,Google Ads ACI,"1.2.4",56,insdown,28,153,0.4568414190,40
2026-05-26,ke,RM08,Google Ads ACI,"1.2.4",56,insnewgd,19,19,0.0957472128,10
2026-05-26,ke,RM08,Google Ads ACI,"1.2.4",56,inssec,29,37,0.1649882014,8
2026-05-26,lr,RM06B,facebook,"1.3.4",63,ALL,56,170,2.7121500000,114
2026-05-26,lr,RM06B,facebook,"1.3.4",63,cl_open,35,36,0.8866000000,29
2026-05-26,lr,RM06B,facebook,"1.3.4",63,ho_open,36,54,0.9243500000,39
2026-05-26,lr,RM06B,facebook,"1.3.4",63,ngdcp,24,24,0.3233000000,19
2026-05-26,lr,RM06B,facebook,"1.3.4",63,splcp,18,20,0.1830000000,6
2026-05-26,ma,RM06B,Google Ads ACI,"1.3.4",95,ALL,69,611,1.1572000000,170
2026-05-26,ma,RM06B,Google Ads ACI,"1.3.4",95,albcp,12,12,0.0167500000,2
2026-05-26,ma,RM06B,Google Ads ACI,"1.3.4",95,bkcp,23,31,0.0338500000,13
2026-05-26,ma,RM06B,Google Ads ACI,"1.3.4",95,cl_open,27,33,0.0779500000,15
2026-05-26,ma,RM06B,Google Ads ACI,"1.3.4",95,ho_open,43,119,0.2350500000,35
2026-05-26,ma,RM06B,Google Ads ACI,"1.3.4",95,ngdcp,28,28,0.0805500000,11
2026-05-26,ma,RM06B,Google Ads ACI,"1.3.4",95,searcp,35,58,0.0725500000,11
2026-05-26,ma,RM06B,Google Ads ACI,"1.3.4",95,splcp,40,80,0.1087500000,27
2026-05-26,ma,RM06B,Google Ads ACI,"1.3.4",95,xzcp,44,214,0.2976000000,52
2026-05-26,mx,RM06B,facebook,"1.3.3",231,ALL,155,651,22.0119000000,338
2026-05-26,mx,RM06B,facebook,"1.3.3",231,albcp,13,13,0.3308500000,6
2026-05-26,mx,RM06B,facebook,"1.3.3",231,bkcp,23,24,0.5045000000,15
2026-05-26,mx,RM06B,facebook,"1.3.3",231,cl_open,104,112,8.7129000000,82
2026-05-26,mx,RM06B,facebook,"1.3.3",231,ho_open,77,187,5.6712500000,99
2026-05-26,mx,RM06B,facebook,"1.3.3",231,ngdcp,55,55,2.6990500000,36
2026-05-26,mx,RM06B,facebook,"1.3.3",231,searcp,32,39,0.6966500000,14
2026-05-26,mx,RM06B,facebook,"1.3.3",231,skpcp,12,26,0.2777500000,9
2026-05-26,mx,RM06B,facebook,"1.3.3",231,splcp,62,94,1.5969000000,37
2026-05-26,mx,RM06B,facebook,"1.3.3",231,xzcp,30,83,1.1495000000,35
2026-05-26,mx,RM06B,unknown,"1.3.3",85,ALL,41,87,3.6087500000,38
2026-05-26,mx,RM06B,unknown,"1.3.3",85,cl_open,33,34,1.9775000000,8
2026-05-26,mx,RM06B,unknown,"1.3.3",85,ho_open,10,16,0.4533000000,11
2026-05-26,mx,RM06B,Google Ads ACI,"1.3.4",741,ALL,410,5440,50.4978000000,1884
2026-05-26,mx,RM06B,Google Ads ACI,"1.3.4",741,albcp,59,74,0.5883000000,20
2026-05-26,mx,RM06B,Google Ads ACI,"1.3.4",741,bkcp,164,224,1.3091500000,73
2026-05-26,mx,RM06B,Google Ads ACI,"1.3.4",741,cl_open,285,374,12.5607000000,207
2026-05-26,mx,RM06B,Google Ads ACI,"1.3.4",741,cscp,44,58,0.2984000000,17
2026-05-26,mx,RM06B,Google Ads ACI,"1.3.4",741,ho_open,289,1038,12.9484000000,452
2026-05-26,mx,RM06B,Google Ads ACI,"1.3.4",741,lkcp,10,10,0.0407000000,5
2026-05-26,mx,RM06B,Google Ads ACI,"1.3.4",741,ngdcp,225,238,4.3849500000,132
2026-05-26,mx,RM06B,Google Ads ACI,"1.3.4",741,offlcp,69,79,0.2946000000,30
2026-05-26,mx,RM06B,Google Ads ACI,"1.3.4",741,searcp,219,355,3.4865000000,137
2026-05-26,mx,RM06B,Google Ads ACI,"1.3.4",741,skpcp,83,328,1.5081000000,82
2026-05-26,mx,RM06B,Google Ads ACI,"1.3.4",741,splcp,254,628,4.2566000000,181
2026-05-26,mx,RM06B,Google Ads ACI,"1.3.4",741,stccp,10,10,0.1289000000,2
2026-05-26,mx,RM06B,Google Ads ACI,"1.3.4",741,xzcp,189,2008,8.5775500000,539
2026-05-26,mx,RM06B,TIKTOK,"1.3.4",79,ALL,58,475,9.6524500000,253
2026-05-26,mx,RM06B,TIKTOK,"1.3.4",79,albcp,13,14,0.1962500000,4
2026-05-26,mx,RM06B,TIKTOK,"1.3.4",79,bkcp,14,17,0.1698500000,11
2026-05-26,mx,RM06B,TIKTOK,"1.3.4",79,cl_open,45,52,2.6675000000,49
2026-05-26,mx,RM06B,TIKTOK,"1.3.4",79,ho_open,39,122,3.1416500000,68
2026-05-26,mx,RM06B,TIKTOK,"1.3.4",79,ngdcp,28,28,0.8433000000,21
2026-05-26,mx,RM06B,TIKTOK,"1.3.4",79,searcp,20,30,0.5467000000,19
2026-05-26,mx,RM06B,TIKTOK,"1.3.4",79,splcp,30,49,0.9699000000,19
2026-05-26,mx,RM06B,TIKTOK,"1.3.4",79,xzcp,20,100,0.6790500000,41
2026-05-26,mx,RM06B,facebook,"1.3.4",6802,ALL,5776,39804,1106.7056000000,17600
2026-05-26,mx,RM06B,facebook,"1.3.4",6802,albcp,838,963,26.2142500000,424
2026-05-26,mx,RM06B,facebook,"1.3.4",6802,bkcp,1189,1413,21.1696500000,423
2026-05-26,mx,RM06B,facebook,"1.3.4",6802,cl_open,4310,5058,353.9277500000,3689
2026-05-26,mx,RM06B,facebook,"1.3.4",6802,cscp,326,428,4.7033000000,139
2026-05-26,mx,RM06B,facebook,"1.3.4",6802,ho_open,3689,10728,324.5890500000,4569
2026-05-26,mx,RM06B,facebook,"1.3.4",6802,jclcp,33,43,0.4169000000,14
2026-05-26,mx,RM06B,facebook,"1.3.4",6802,lkcp,56,58,0.6856500000,16
2026-05-26,mx,RM06B,facebook,"1.3.4",6802,ngdcp,2653,2702,101.2313000000,1551
2026-05-26,mx,RM06B,facebook,"1.3.4",6802,offlcp,318,369,3.7543500000,111
2026-05-26,mx,RM06B,facebook,"1.3.4",6802,rkgcp,72,73,2.3957500000,34
2026-05-26,mx,RM06B,facebook,"1.3.4",6802,searcp,1479,1980,41.1915500000,846
2026-05-26,mx,RM06B,facebook,"1.3.4",6802,secp,107,110,4.0503000000,51
2026-05-26,mx,RM06B,facebook,"1.3.4",6802,skpcp,720,2616,29.4461500000,1081
2026-05-26,mx,RM06B,facebook,"1.3.4",6802,splcp,2845,4708,109.5063000000,1638
2026-05-26,mx,RM06B,facebook,"1.3.4",6802,stccp,111,120,3.4892000000,60
2026-05-26,mx,RM06B,facebook,"1.3.4",6802,xzcp,1497,8435,79.9341500000,2954
2026-05-26,mx,RM06B,unknown,"1.3.4",599,ALL,520,888,40.5218000000,148
2026-05-26,mx,RM06B,unknown,"1.3.4",599,bkcp,22,25,0.3693500000,7
2026-05-26,mx,RM06B,unknown,"1.3.4",599,cl_open,490,518,35.8961500000,38
2026-05-26,mx,RM06B,unknown,"1.3.4",599,ho_open,40,111,1.6656500000,42
2026-05-26,mx,RM06B,unknown,"1.3.4",599,ngdcp,24,25,0.8472500000,4
2026-05-26,mx,RM06B,unknown,"1.3.4",599,searcp,21,30,0.4210000000,3
2026-05-26,mx,RM06B,unknown,"1.3.4",599,splcp,24,37,0.5243500000,7
2026-05-26,mx,RM06B,unknown,"1.3.4",599,xzcp,19,99,0.5805000000,33
2026-05-26,mx,RM08,Google Ads ACI,"1.2.4",68,ALL,57,917,5.5999238632,290
2026-05-26,mx,RM08,Google Ads ACI,"1.2.4",68,ccopen,42,61,1.0121258656,27
2026-05-26,mx,RM08,Google Ads ACI,"1.2.4",68,hhopen,35,113,0.8201468430,42
2026-05-26,mx,RM08,Google Ads ACI,"1.2.4",68,insback,25,36,0.2813503696,7
2026-05-26,mx,RM08,Google Ads ACI,"1.2.4",68,inscon,27,127,0.5492915794,36
2026-05-26,mx,RM08,Google Ads ACI,"1.2.4",68,insdown,30,345,1.2139906412,86
2026-05-26,mx,RM08,Google Ads ACI,"1.2.4",68,inshg,15,26,0.1368923817,8
2026-05-26,mx,RM08,Google Ads ACI,"1.2.4",68,insnewgd,35,37,0.5356400129,18
2026-05-26,mx,RM08,Google Ads ACI,"1.2.4",68,insplayn,12,73,0.2766128757,15
2026-05-26,mx,RM08,Google Ads ACI,"1.2.4",68,inssec,29,63,0.4837592195,34
2026-05-26,mx,RM08,Google Ads ACI,"1.2.4",68,inssp,12,24,0.0816348697,11
2026-05-26,mx,RM08,facebook,"1.2.4",1296,ALL,1048,5565,223.8897915492,2491
2026-05-26,mx,RM08,facebook,"1.2.4",1296,ccopen,753,897,63.9852690824,721
2026-05-26,mx,RM08,facebook,"1.2.4",1296,hhopen,613,1484,70.0900323104,616
2026-05-26,mx,RM08,facebook,"1.2.4",1296,insabb,197,218,10.3720576407,110
2026-05-26,mx,RM08,facebook,"1.2.4",1296,insatt,15,15,0.7185913496,6
2026-05-26,mx,RM08,facebook,"1.2.4",1296,insback,177,198,5.4483341543,45
2026-05-26,mx,RM08,facebook,"1.2.4",1296,inscon,167,351,6.8269084116,89
2026-05-26,mx,RM08,facebook,"1.2.4",1296,insdown,226,1065,15.9722264184,357
2026-05-26,mx,RM08,facebook,"1.2.4",1296,inshg,23,31,0.5644884665,5
2026-05-26,mx,RM08,facebook,"1.2.4",1296,insnewgd,358,364,22.2032039812,240
2026-05-26,mx,RM08,facebook,"1.2.4",1296,inspa,19,19,0.8343700214,12
2026-05-26,mx,RM08,facebook,"1.2.4",1296,insplayn,203,668,19.8472825294,210
2026-05-26,mx,RM08,facebook,"1.2.4",1296,insrrr,15,15,0.6291973879,10
2026-05-26,mx,RM08,facebook,"1.2.4",1296,inssec,140,176,5.5172041532,59
2026-05-26,mx,RM08,facebook,"1.2.4",1296,inssp,45,53,0.7361678186,11
2026-05-26,mx,RM08,unknown,"1.2.4",268,ALL,233,334,16.9286438210,42
2026-05-26,mx,RM08,unknown,"1.2.4",268,ccopen,214,224,15.0178577296,12
2026-05-26,mx,RM08,unknown,"1.2.4",268,hhopen,32,59,0.9823506866,12
2026-05-26,mx,RM08,unknown,"1.2.4",268,insnewgd,11,11,0.5897470271,2
2026-05-26,my,RM08,facebook,"1.2.4",58,ALL,47,198,6.5449090734,128
2026-05-26,my,RM08,facebook,"1.2.4",58,ccopen,32,41,1.6243051751,37
2026-05-26,my,RM08,facebook,"1.2.4",58,hhopen,30,70,2.1034720731,43
2026-05-26,my,RM08,facebook,"1.2.4",58,insabb,10,10,0.1916970543,3
2026-05-26,my,RM08,facebook,"1.2.4",58,inscon,10,10,0.2051066869,2
2026-05-26,my,RM08,facebook,"1.2.4",58,insdown,11,12,0.3045354442,11
2026-05-26,my,RM08,facebook,"1.2.4",58,insnewgd,22,23,0.9682092514,17
2026-05-26,mz,RM06B,facebook,"1.3.4",105,ALL,91,334,3.3828500000,212
2026-05-26,mz,RM06B,facebook,"1.3.4",105,bkcp,28,29,0.2485000000,10
2026-05-26,mz,RM06B,facebook,"1.3.4",105,cl_open,57,64,1.0262000000,65
2026-05-26,mz,RM06B,facebook,"1.3.4",105,ho_open,53,91,0.9940000000,56
2026-05-26,mz,RM06B,facebook,"1.3.4",105,ngdcp,33,33,0.3346000000,24
2026-05-26,mz,RM06B,facebook,"1.3.4",105,searcp,23,24,0.1584000000,16
2026-05-26,mz,RM06B,facebook,"1.3.4",105,splcp,35,37,0.3035500000,16
2026-05-26,mz,RM06B,facebook,"1.3.4",105,xzcp,13,24,0.1294000000,9
2026-05-26,ng,RM06B,Google Ads ACI,"1.3.4",62,ALL,31,228,1.9770000000,163
2026-05-26,ng,RM06B,Google Ads ACI,"1.3.4",62,cl_open,18,20,0.5274000000,11
2026-05-26,ng,RM06B,Google Ads ACI,"1.3.4",62,ho_open,20,63,0.6262500000,59
2026-05-26,ng,RM06B,Google Ads ACI,"1.3.4",62,ngdcp,13,13,0.2031500000,7
2026-05-26,ng,RM06B,Google Ads ACI,"1.3.4",62,splcp,17,43,0.1542500000,24
2026-05-26,ng,RM06B,facebook,"1.3.4",701,ALL,574,3063,43.7211000000,1687
2026-05-26,ng,RM06B,facebook,"1.3.4",701,albcp,106,114,1.6907500000,53
2026-05-26,ng,RM06B,facebook,"1.3.4",701,bkcp,114,127,1.4780500000,51
2026-05-26,ng,RM06B,facebook,"1.3.4",701,cl_open,299,343,10.7923500000,300
2026-05-26,ng,RM06B,facebook,"1.3.4",701,cscp,20,25,0.1953000000,16
2026-05-26,ng,RM06B,facebook,"1.3.4",701,ho_open,361,883,12.0516000000,425
2026-05-26,ng,RM06B,facebook,"1.3.4",701,ngdcp,227,230,5.5899000000,189
2026-05-26,ng,RM06B,facebook,"1.3.4",701,offlcp,14,15,0.1107500000,5
2026-05-26,ng,RM06B,facebook,"1.3.4",701,searcp,100,116,1.3450000000,67
2026-05-26,ng,RM06B,facebook,"1.3.4",701,skpcp,71,113,1.1956000000,68
2026-05-26,ng,RM06B,facebook,"1.3.4",701,splcp,243,421,4.6915500000,213
2026-05-26,ng,RM06B,facebook,"1.3.4",701,xzcp,146,660,4.3418000000,290
2026-05-26,ng,RM08,facebook,"1.2.4",80,ALL,65,386,6.1574406423,223
2026-05-26,ng,RM08,facebook,"1.2.4",80,ccopen,44,58,2.3905378670,35
2026-05-26,ng,RM08,facebook,"1.2.4",80,hhopen,31,78,1.6516243073,34
2026-05-26,ng,RM08,facebook,"1.2.4",80,insback,12,14,0.0482044283,17
2026-05-26,ng,RM08,facebook,"1.2.4",80,inscon,18,46,0.2782746028,30
2026-05-26,ng,RM08,facebook,"1.2.4",80,insdown,16,89,0.6754463100,55
2026-05-26,ng,RM08,facebook,"1.2.4",80,insnewgd,28,28,0.5311775589,15
2026-05-26,ng,RM08,facebook,"1.2.4",80,insplayn,11,27,0.2771923601,11
2026-05-26,ni,RM06B,facebook,"1.3.4",391,ALL,318,1909,15.1516500000,935
2026-05-26,ni,RM06B,facebook,"1.3.4",391,albcp,40,46,0.2847500000,11
2026-05-26,ni,RM06B,facebook,"1.3.4",391,bkcp,55,63,0.2138000000,18
2026-05-26,ni,RM06B,facebook,"1.3.4",391,cl_open,239,269,5.5625500000,250
2026-05-26,ni,RM06B,facebook,"1.3.4",391,cscp,20,26,0.0259000000,5
2026-05-26,ni,RM06B,facebook,"1.3.4",391,ho_open,195,557,4.4108000000,235
2026-05-26,ni,RM06B,facebook,"1.3.4",391,ngdcp,163,168,1.3259500000,118
2026-05-26,ni,RM06B,facebook,"1.3.4",391,offlcp,15,17,0.0326500000,7
2026-05-26,ni,RM06B,facebook,"1.3.4",391,searcp,77,106,0.4384000000,51
2026-05-26,ni,RM06B,facebook,"1.3.4",391,skpcp,44,140,0.2570000000,59
2026-05-26,ni,RM06B,facebook,"1.3.4",391,splcp,157,244,1.6857000000,90
2026-05-26,ni,RM06B,facebook,"1.3.4",391,xzcp,82,254,0.7721000000,82
2026-05-26,pa,RM06B,facebook,"1.3.4",114,ALL,99,748,12.8733500000,322
2026-05-26,pa,RM06B,facebook,"1.3.4",114,albcp,21,22,0.4072000000,12
2026-05-26,pa,RM06B,facebook,"1.3.4",114,bkcp,28,36,0.3174000000,10
2026-05-26,pa,RM06B,facebook,"1.3.4",114,cl_open,71,84,4.6379000000,86
2026-05-26,pa,RM06B,facebook,"1.3.4",114,ho_open,65,195,2.7260000000,72
2026-05-26,pa,RM06B,facebook,"1.3.4",114,ngdcp,52,53,1.2480500000,33
2026-05-26,pa,RM06B,facebook,"1.3.4",114,searcp,34,60,0.5736000000,30
2026-05-26,pa,RM06B,facebook,"1.3.4",114,skpcp,11,33,0.0793500000,4
2026-05-26,pa,RM06B,facebook,"1.3.4",114,splcp,54,128,1.9387500000,46
2026-05-26,pa,RM06B,facebook,"1.3.4",114,xzcp,24,114,0.7635500000,22
2026-05-26,pe,RM06B,Google Ads ACI,"1.3.4",158,ALL,94,817,15.5549000000,332
2026-05-26,pe,RM06B,Google Ads ACI,"1.3.4",158,bkcp,34,41,0.3553500000,10
2026-05-26,pe,RM06B,Google Ads ACI,"1.3.4",158,cl_open,70,82,5.7467000000,40
2026-05-26,pe,RM06B,Google Ads ACI,"1.3.4",158,ho_open,64,226,3.9873500000,98
2026-05-26,pe,RM06B,Google Ads ACI,"1.3.4",158,ngdcp,53,55,1.7930000000,28
2026-05-26,pe,RM06B,Google Ads ACI,"1.3.4",158,offlcp,12,14,0.0429000000,3
2026-05-26,pe,RM06B,Google Ads ACI,"1.3.4",158,searcp,51,71,0.9405500000,30
2026-05-26,pe,RM06B,Google Ads ACI,"1.3.4",158,skpcp,12,22,0.1769000000,13
2026-05-26,pe,RM06B,Google Ads ACI,"1.3.4",158,splcp,57,129,1.5999500000,55
2026-05-26,pe,RM06B,Google Ads ACI,"1.3.4",158,xzcp,37,155,0.8247000000,51
2026-05-26,pe,RM06B,TIKTOK,"1.3.4",163,ALL,151,1153,32.1805500000,470
2026-05-26,pe,RM06B,TIKTOK,"1.3.4",163,albcp,23,32,0.4185000000,5
2026-05-26,pe,RM06B,TIKTOK,"1.3.4",163,bkcp,41,55,0.2984000000,17
2026-05-26,pe,RM06B,TIKTOK,"1.3.4",163,cl_open,125,151,16.1270500000,111
2026-05-26,pe,RM06B,TIKTOK,"1.3.4",163,ho_open,90,263,5.3360000000,101
2026-05-26,pe,RM06B,TIKTOK,"1.3.4",163,ngdcp,93,95,2.9477500000,46
2026-05-26,pe,RM06B,TIKTOK,"1.3.4",163,offlcp,12,16,0.0354000000,2
2026-05-26,pe,RM06B,TIKTOK,"1.3.4",163,searcp,44,66,1.3956000000,27
2026-05-26,pe,RM06B,TIKTOK,"1.3.4",163,skpcp,19,132,0.7095000000,29
2026-05-26,pe,RM06B,TIKTOK,"1.3.4",163,splcp,90,156,3.0925500000,58
2026-05-26,pe,RM06B,TIKTOK,"1.3.4",163,xzcp,41,167,1.7228000000,70
2026-05-26,pe,RM06B,facebook,"1.3.4",1712,ALL,1485,9187,340.8284000000,4278
2026-05-26,pe,RM06B,facebook,"1.3.4",1712,albcp,173,189,4.5291500000,66
2026-05-26,pe,RM06B,facebook,"1.3.4",1712,bkcp,280,333,5.1606000000,84
2026-05-26,pe,RM06B,facebook,"1.3.4",1712,cl_open,1097,1308,133.0852000000,1113
2026-05-26,pe,RM06B,facebook,"1.3.4",1712,cscp,84,117,1.2224500000,43
2026-05-26,pe,RM06B,facebook,"1.3.4",1712,ho_open,935,2633,79.9387500000,1153
2026-05-26,pe,RM06B,facebook,"1.3.4",1712,lkcp,14,15,0.0393500000,2
2026-05-26,pe,RM06B,facebook,"1.3.4",1712,ngdcp,738,753,35.0983500000,466
2026-05-26,pe,RM06B,facebook,"1.3.4",1712,offlcp,55,69,1.1202500000,16
2026-05-26,pe,RM06B,facebook,"1.3.4",1712,rkgcp,17,17,0.5145000000,8
2026-05-26,pe,RM06B,facebook,"1.3.4",1712,searcp,410,547,16.7881000000,237
2026-05-26,pe,RM06B,facebook,"1.3.4",1712,secp,45,47,1.3209500000,14
2026-05-26,pe,RM06B,facebook,"1.3.4",1712,skpcp,157,484,5.7137000000,136
2026-05-26,pe,RM06B,facebook,"1.3.4",1712,splcp,778,1373,38.7058000000,454
2026-05-26,pe,RM06B,facebook,"1.3.4",1712,stccp,33,34,0.9956000000,14
2026-05-26,pe,RM06B,facebook,"1.3.4",1712,xzcp,337,1259,16.5844500000,465
2026-05-26,pe,RM06B,unknown,"1.3.4",144,ALL,128,150,15.8297000000,6
2026-05-26,pe,RM06B,unknown,"1.3.4",144,cl_open,122,125,14.7093500000,5
2026-05-26,pe,RM08,facebook,"1.2.4",307,ALL,261,1242,45.1520286909,701
2026-05-26,pe,RM08,facebook,"1.2.4",307,ccopen,187,211,15.2330267744,243
2026-05-26,pe,RM08,facebook,"1.2.4",307,hhopen,156,392,12.0584937954,162
2026-05-26,pe,RM08,facebook,"1.2.4",307,insabb,27,27,0.7320168654,16
2026-05-26,pe,RM08,facebook,"1.2.4",307,insback,40,40,0.7196014569,12
2026-05-26,pe,RM08,facebook,"1.2.4",307,inscon,53,92,1.3415118878,32
2026-05-26,pe,RM08,facebook,"1.2.4",307,insdown,57,132,3.7623759639,45
2026-05-26,pe,RM08,facebook,"1.2.4",307,insnewgd,117,120,5.4634673251,90
2026-05-26,pe,RM08,facebook,"1.2.4",307,insplayn,64,133,2.5316706312,49
2026-05-26,pe,RM08,facebook,"1.2.4",307,inssec,57,61,2.4515395473,28
2026-05-26,pe,RM08,facebook,"1.2.4",307,inssp,11,11,0.1075248307,6
2026-05-26,pe,RM08,unknown,"1.2.4",56,ALL,50,55,3.3224190587,3
2026-05-26,pe,RM08,unknown,"1.2.4",56,ccopen,44,44,3.0107723336,2
2026-05-26,ph,RM06B,Google Ads ACI,"1.3.4",160,ALL,137,1180,6.1090500000,647
2026-05-26,ph,RM06B,Google Ads ACI,"1.3.4",160,albcp,17,20,0.2049000000,16
2026-05-26,ph,RM06B,Google Ads ACI,"1.3.4",160,bkcp,41,61,0.1507500000,25
2026-05-26,ph,RM06B,Google Ads ACI,"1.3.4",160,cl_open,91,120,1.9760000000,96
2026-05-26,ph,RM06B,Google Ads ACI,"1.3.4",160,cscp,13,19,0.0425500000,15
2026-05-26,ph,RM06B,Google Ads ACI,"1.3.4",160,ho_open,76,230,1.4455500000,137
2026-05-26,ph,RM06B,Google Ads ACI,"1.3.4",160,ngdcp,58,63,0.5758000000,32
2026-05-26,ph,RM06B,Google Ads ACI,"1.3.4",160,offlcp,15,17,0.0179500000,13
2026-05-26,ph,RM06B,Google Ads ACI,"1.3.4",160,searcp,52,95,0.2869500000,50
2026-05-26,ph,RM06B,Google Ads ACI,"1.3.4",160,splcp,67,154,0.4788500000,77
2026-05-26,ph,RM06B,Google Ads ACI,"1.3.4",160,xzcp,56,375,0.8542000000,175
2026-05-26,ph,RM06B,facebook,"1.3.4",60,ALL,46,138,2.9821000000,67
2026-05-26,ph,RM06B,facebook,"1.3.4",60,cl_open,33,37,0.9837500000,22
2026-05-26,ph,RM06B,facebook,"1.3.4",60,ho_open,31,55,1.4610000000,28
2026-05-26,ph,RM06B,facebook,"1.3.4",60,ngdcp,12,12,0.1553000000,7
2026-05-26,ph,RM06B,facebook,"1.3.4",60,splcp,11,11,0.1471500000,0
2026-05-26,ph,RM08,Google Ads ACI,"1.2.4",74,ALL,61,687,2.3169698359,264
2026-05-26,ph,RM08,Google Ads ACI,"1.2.4",74,ccopen,44,55,0.4474940862,24
2026-05-26,ph,RM08,Google Ads ACI,"1.2.4",74,hhopen,36,76,0.3681972960,32
2026-05-26,ph,RM08,Google Ads ACI,"1.2.4",74,insback,26,29,0.0952048612,7
2026-05-26,ph,RM08,Google Ads ACI,"1.2.4",74,inscon,33,76,0.1570641359,16
2026-05-26,ph,RM08,Google Ads ACI,"1.2.4",74,insdown,37,296,0.5632705363,117
2026-05-26,ph,RM08,Google Ads ACI,"1.2.4",74,inshg,12,14,0.0228821044,4
2026-05-26,ph,RM08,Google Ads ACI,"1.2.4",74,insnewgd,33,37,0.3336735564,18
2026-05-26,ph,RM08,Google Ads ACI,"1.2.4",74,inssec,41,64,0.1919943473,20
2026-05-26,ph,RM08,facebook,"1.2.4",1211,ALL,1029,6636,76.6096954294,3211
2026-05-26,ph,RM08,facebook,"1.2.4",1211,ccopen,640,784,19.0750775177,629
2026-05-26,ph,RM08,facebook,"1.2.4",1211,hhopen,601,1394,20.8030730106,706
2026-05-26,ph,RM08,facebook,"1.2.4",1211,insabb,148,160,2.4402386756,69
2026-05-26,ph,RM08,facebook,"1.2.4",1211,insatt,34,36,0.7448945822,26
2026-05-26,ph,RM08,facebook,"1.2.4",1211,insback,226,262,2.3272209703,92
2026-05-26,ph,RM08,facebook,"1.2.4",1211,inscon,283,535,3.6668496244,187
2026-05-26,ph,RM08,facebook,"1.2.4",1211,insdown,406,2200,10.8598438089,822
2026-05-26,ph,RM08,facebook,"1.2.4",1211,inshg,65,72,0.4242761941,31
2026-05-26,ph,RM08,facebook,"1.2.4",1211,insnewgd,441,450,9.3925769056,307
2026-05-26,ph,RM08,facebook,"1.2.4",1211,inspa,11,11,0.2589900619,7
2026-05-26,ph,RM08,facebook,"1.2.4",1211,insplayn,115,225,2.9033290052,96
2026-05-26,ph,RM08,facebook,"1.2.4",1211,insred,10,10,0.0449839463,2
2026-05-26,ph,RM08,facebook,"1.2.4",1211,inssec,260,366,2.7286026471,153
2026-05-26,ph,RM08,facebook,"1.2.4",1211,inssp,89,114,0.7366866069,79
2026-05-26,ph,RM08,unknown,"1.2.4",197,ALL,169,275,4.8635460979,62
2026-05-26,ph,RM08,unknown,"1.2.4",197,ccopen,142,145,3.6799756912,13
2026-05-26,ph,RM08,unknown,"1.2.4",197,hhopen,43,91,0.9124724599,34
2026-05-26,ph,RM08,unknown,"1.2.4",197,insback,10,10,0.1600557988,5
2026-05-26,pr,RM06B,facebook,"1.3.4",132,ALL,109,392,22.8872500000,221
2026-05-26,pr,RM06B,facebook,"1.3.4",132,albcp,12,13,0.2314000000,3
2026-05-26,pr,RM06B,facebook,"1.3.4",132,cl_open,92,100,10.6839000000,97
2026-05-26,pr,RM06B,facebook,"1.3.4",132,ho_open,70,130,6.6783000000,56
2026-05-26,pr,RM06B,facebook,"1.3.4",132,ngdcp,37,38,2.0970000000,22
2026-05-26,pr,RM06B,facebook,"1.3.4",132,searcp,14,15,0.5377500000,4
2026-05-26,pr,RM06B,facebook,"1.3.4",132,splcp,31,46,2.0412500000,16
2026-05-26,pr,RM06B,facebook,"1.3.4",132,xzcp,11,27,0.3184500000,10
2026-05-26,pt,RM06B,facebook,"1.3.4",148,ALL,109,496,28.0520000000,230
2026-05-26,pt,RM06B,facebook,"1.3.4",148,albcp,11,14,0.5617000000,5
2026-05-26,pt,RM06B,facebook,"1.3.4",148,bkcp,12,13,0.6327500000,2
2026-05-26,pt,RM06B,facebook,"1.3.4",148,cl_open,73,83,9.0977500000,58
2026-05-26,pt,RM06B,facebook,"1.3.4",148,ho_open,71,184,9.1396500000,81
2026-05-26,pt,RM06B,facebook,"1.3.4",148,ngdcp,32,32,1.8625000000,18
2026-05-26,pt,RM06B,facebook,"1.3.4",148,searcp,17,18,1.3470000000,12
2026-05-26,pt,RM06B,facebook,"1.3.4",148,skpcp,13,57,1.1898500000,10
2026-05-26,pt,RM06B,facebook,"1.3.4",148,splcp,41,51,1.9327500000,25
2026-05-26,pt,RM06B,facebook,"1.3.4",148,xzcp,19,28,1.6845500000,14
2026-05-26,py,RM06B,facebook,"1.3.4",286,ALL,247,1359,21.4475500000,651
2026-05-26,py,RM06B,facebook,"1.3.4",286,albcp,31,33,0.3569500000,15
2026-05-26,py,RM06B,facebook,"1.3.4",286,bkcp,48,51,0.2444000000,10
2026-05-26,py,RM06B,facebook,"1.3.4",286,cl_open,191,225,8.2660500000,191
2026-05-26,py,RM06B,facebook,"1.3.4",286,cscp,13,16,0.1166000000,3
2026-05-26,py,RM06B,facebook,"1.3.4",286,ho_open,147,402,5.4576500000,179
2026-05-26,py,RM06B,facebook,"1.3.4",286,ngdcp,112,117,2.2706500000,84
2026-05-26,py,RM06B,facebook,"1.3.4",286,searcp,56,65,1.0106000000,29
2026-05-26,py,RM06B,facebook,"1.3.4",286,skpcp,33,70,0.5239500000,37
2026-05-26,py,RM06B,facebook,"1.3.4",286,splcp,116,193,2.1737500000,43
2026-05-26,py,RM06B,facebook,"1.3.4",286,xzcp,45,163,0.8450500000,53
2026-05-26,sl,RM06B,facebook,"1.3.4",92,ALL,77,258,2.5287500000,163
2026-05-26,sl,RM06B,facebook,"1.3.4",92,albcp,11,12,0.0911500000,8
2026-05-26,sl,RM06B,facebook,"1.3.4",92,bkcp,15,16,0.1014000000,8
2026-05-26,sl,RM06B,facebook,"1.3.4",92,cl_open,36,36,0.6150000000,36
2026-05-26,sl,RM06B,facebook,"1.3.4",92,ho_open,40,93,0.8630000000,48
2026-05-26,sl,RM06B,facebook,"1.3.4",92,ngdcp,25,25,0.1721500000,17
2026-05-26,sl,RM06B,facebook,"1.3.4",92,splcp,28,29,0.2509000000,19
2026-05-26,sl,RM06B,facebook,"1.3.4",92,xzcp,17,24,0.2033000000,15
2026-05-26,sv,RM06B,facebook,"1.3.4",499,ALL,448,3015,40.6662500000,1428
2026-05-26,sv,RM06B,facebook,"1.3.4",499,albcp,77,89,1.1047000000,36
2026-05-26,sv,RM06B,facebook,"1.3.4",499,bkcp,90,106,0.3444000000,32
2026-05-26,sv,RM06B,facebook,"1.3.4",499,cl_open,329,364,13.3615000000,342
2026-05-26,sv,RM06B,facebook,"1.3.4",499,cscp,30,32,0.3269000000,16
2026-05-26,sv,RM06B,facebook,"1.3.4",499,ho_open,293,875,12.9302000000,414
2026-05-26,sv,RM06B,facebook,"1.3.4",499,ngdcp,243,249,4.2539500000,169
2026-05-26,sv,RM06B,facebook,"1.3.4",499,offlcp,18,20,0.0496000000,5
2026-05-26,sv,RM06B,facebook,"1.3.4",499,searcp,114,196,1.9648500000,60
2026-05-26,sv,RM06B,facebook,"1.3.4",499,secp,20,20,0.2614000000,13
2026-05-26,sv,RM06B,facebook,"1.3.4",499,skpcp,82,222,0.7282500000,82
2026-05-26,sv,RM06B,facebook,"1.3.4",499,splcp,252,388,4.0037000000,149
2026-05-26,sv,RM06B,facebook,"1.3.4",499,xzcp,96,435,1.2652500000,101
2026-05-26,sv,RM06B,unknown,"1.3.4",53,ALL,49,49,1.8584500000,0
2026-05-26,sv,RM06B,unknown,"1.3.4",53,cl_open,48,48,1.8499000000,0
2026-05-26,tz,RM06B,facebook,"1.3.4",129,ALL,97,872,5.7505500000,404
2026-05-26,tz,RM06B,facebook,"1.3.4",129,albcp,31,35,0.1767000000,17
2026-05-26,tz,RM06B,facebook,"1.3.4",129,bkcp,30,32,0.1873000000,19
2026-05-26,tz,RM06B,facebook,"1.3.4",129,cl_open,43,47,1.0544500000,40
2026-05-26,tz,RM06B,facebook,"1.3.4",129,cscp,14,18,0.0513500000,4
2026-05-26,tz,RM06B,facebook,"1.3.4",129,ho_open,65,197,1.6041000000,84
2026-05-26,tz,RM06B,facebook,"1.3.4",129,ngdcp,40,40,0.5606500000,38
2026-05-26,tz,RM06B,facebook,"1.3.4",129,searcp,37,45,0.1880000000,18
2026-05-26,tz,RM06B,facebook,"1.3.4",129,skpcp,22,56,0.1863500000,13
2026-05-26,tz,RM06B,facebook,"1.3.4",129,splcp,64,121,0.7625500000,75
2026-05-26,tz,RM06B,facebook,"1.3.4",129,xzcp,52,262,0.8308000000,88
2026-05-26,us,RM06B,facebook,"1.3.4",1690,ALL,1450,6456,1049.9237000000,3180
2026-05-26,us,RM06B,facebook,"1.3.4",1690,albcp,213,258,34.9279500000,110
2026-05-26,us,RM06B,facebook,"1.3.4",1690,bkcp,135,164,14.4645000000,69
2026-05-26,us,RM06B,facebook,"1.3.4",1690,cl_open,1163,1320,357.8118000000,855
2026-05-26,us,RM06B,facebook,"1.3.4",1690,cscp,57,68,4.3120000000,26
2026-05-26,us,RM06B,facebook,"1.3.4",1690,ho_open,849,1924,307.0476500000,848
2026-05-26,us,RM06B,facebook,"1.3.4",1690,ngdcp,636,641,129.8055000000,360
2026-05-26,us,RM06B,facebook,"1.3.4",1690,offlcp,22,22,1.9456000000,10
2026-05-26,us,RM06B,facebook,"1.3.4",1690,rkgcp,16,16,2.6785000000,9
2026-05-26,us,RM06B,facebook,"1.3.4",1690,searcp,253,328,39.4020000000,148
2026-05-26,us,RM06B,facebook,"1.3.4",1690,secp,30,31,5.9978500000,4
2026-05-26,us,RM06B,facebook,"1.3.4",1690,skpcp,64,201,13.5537000000,87
2026-05-26,us,RM06B,facebook,"1.3.4",1690,splcp,494,732,93.5127500000,325
2026-05-26,us,RM06B,facebook,"1.3.4",1690,stccp,21,21,3.4613500000,8
2026-05-26,us,RM06B,facebook,"1.3.4",1690,xzcp,188,711,40.2642000000,313
2026-05-26,us,RM06B,unknown,"1.3.4",171,ALL,151,217,48.4166500000,31
2026-05-26,us,RM06B,unknown,"1.3.4",171,cl_open,146,149,40.4093500000,7
2026-05-26,us,RM08,facebook,"1.2.4",740,ALL,632,3057,461.5027780300,1460
2026-05-26,us,RM08,facebook,"1.2.4",740,ccopen,490,579,129.6220726303,441
2026-05-26,us,RM08,facebook,"1.2.4",740,hhopen,341,671,108.2837835167,263
2026-05-26,us,RM08,facebook,"1.2.4",740,insabb,109,122,20.2063708493,50
2026-05-26,us,RM08,facebook,"1.2.4",740,insatt,22,22,2.7159159551,9
2026-05-26,us,RM08,facebook,"1.2.4",740,insback,90,100,8.8445462059,22
2026-05-26,us,RM08,facebook,"1.2.4",740,inscon,113,211,22.3118534300,82
2026-05-26,us,RM08,facebook,"1.2.4",740,insdown,171,598,54.3790306660,241
2026-05-26,us,RM08,facebook,"1.2.4",740,inshg,17,19,2.1746269151,7
2026-05-26,us,RM08,facebook,"1.2.4",740,insnewgd,320,331,63.8114079479,181
2026-05-26,us,RM08,facebook,"1.2.4",740,inspa,21,21,3.8904119302,8
2026-05-26,us,RM08,facebook,"1.2.4",740,insplayn,57,167,16.9529650531,65
2026-05-26,us,RM08,facebook,"1.2.4",740,insrrr,13,13,2.9117038707,8
2026-05-26,us,RM08,facebook,"1.2.4",740,inssec,128,144,19.7223105590,63
2026-05-26,us,RM08,facebook,"1.2.4",740,inssp,40,49,4.4867191738,15
2026-05-26,us,RM08,unknown,"1.2.4",125,ALL,120,142,28.0690377516,9
2026-05-26,us,RM08,unknown,"1.2.4",125,ccopen,114,115,25.4431953670,1
2026-05-26,uy,RM06B,facebook,"1.3.4",98,ALL,80,364,9.2598500000,190
2026-05-26,uy,RM06B,facebook,"1.3.4",98,cl_open,68,78,4.5503000000,71
2026-05-26,uy,RM06B,facebook,"1.3.4",98,ho_open,48,124,2.4393500000,44
2026-05-26,uy,RM06B,facebook,"1.3.4",98,ngdcp,32,32,0.9602000000,24
2026-05-26,uy,RM06B,facebook,"1.3.4",98,searcp,13,14,0.2322000000,11
2026-05-26,uy,RM06B,facebook,"1.3.4",98,splcp,22,31,0.3962000000,6
2026-05-26,uy,RM06B,facebook,"1.3.4",98,xzcp,10,48,0.3813500000,23
2026-05-26,ve,RM06B,Google Ads ACI,"1.3.4",86,ALL,54,427,1.7713500000,136
2026-05-26,ve,RM06B,Google Ads ACI,"1.3.4",86,cl_open,41,50,0.5837000000,33
2026-05-26,ve,RM06B,Google Ads ACI,"1.3.4",86,ho_open,33,82,0.5163000000,38
2026-05-26,ve,RM06B,Google Ads ACI,"1.3.4",86,ngdcp,20,20,0.1676500000,12
2026-05-26,ve,RM06B,Google Ads ACI,"1.3.4",86,searcp,19,30,0.1088000000,11
2026-05-26,ve,RM06B,Google Ads ACI,"1.3.4",86,skpcp,10,33,0.1013000000,3
2026-05-26,ve,RM06B,Google Ads ACI,"1.3.4",86,splcp,20,43,0.1386500000,11
2026-05-26,ve,RM06B,Google Ads ACI,"1.3.4",86,xzcp,15,131,0.0706500000,23
2026-05-26,ve,RM06B,facebook,"1.3.4",555,ALL,465,2634,21.3256500000,1185
2026-05-26,ve,RM06B,facebook,"1.3.4",555,albcp,88,96,0.5684500000,50
2026-05-26,ve,RM06B,facebook,"1.3.4",555,bkcp,86,100,0.4966500000,28
2026-05-26,ve,RM06B,facebook,"1.3.4",555,cl_open,319,371,8.2869500000,337
2026-05-26,ve,RM06B,facebook,"1.3.4",555,cscp,23,26,0.0717000000,2
2026-05-26,ve,RM06B,facebook,"1.3.4",555,ho_open,258,597,5.1105500000,283
2026-05-26,ve,RM06B,facebook,"1.3.4",555,ngdcp,223,223,2.4687500000,127
2026-05-26,ve,RM06B,facebook,"1.3.4",555,offlcp,17,21,0.1681500000,6
2026-05-26,ve,RM06B,facebook,"1.3.4",555,searcp,102,118,0.5874000000,48
2026-05-26,ve,RM06B,facebook,"1.3.4",555,secp,17,17,0.0586000000,3
2026-05-26,ve,RM06B,facebook,"1.3.4",555,skpcp,51,167,0.4088500000,41
2026-05-26,ve,RM06B,facebook,"1.3.4",555,splcp,219,342,2.1989500000,133
2026-05-26,ve,RM06B,facebook,"1.3.4",555,xzcp,101,536,0.7519000000,117
2026-05-26,ve,RM06B,unknown,"1.3.4",50,ALL,39,58,0.7346500000,5
2026-05-26,ve,RM06B,unknown,"1.3.4",50,cl_open,36,38,0.7038000000,4
2026-05-26,ve,RM08,facebook,"1.2.4",55,ALL,40,296,2.2390219499,156
2026-05-26,ve,RM08,facebook,"1.2.4",55,ccopen,28,33,0.5813169052,37
2026-05-26,ve,RM08,facebook,"1.2.4",55,hhopen,21,52,0.5681463707,41
2026-05-26,ve,RM08,facebook,"1.2.4",55,insback,11,16,0.1498249635,9
2026-05-26,ve,RM08,facebook,"1.2.4",55,insdown,15,59,0.2096506069,10
2026-05-26,ve,RM08,facebook,"1.2.4",55,insnewgd,17,20,0.2597314039,14
2026-05-26,ve,RM08,facebook,"1.2.4",55,insplayn,12,55,0.1322001171,24
2026-05-26,ve,RM08,facebook,"1.2.4",55,inssec,11,16,0.1189942975,6
2026-05-26,za,RM06B,Google Ads ACI,"1.3.4",51,ALL,26,334,2.0464000000,96
2026-05-26,za,RM06B,Google Ads ACI,"1.3.4",51,cl_open,10,11,0.4633500000,6
2026-05-26,za,RM06B,Google Ads ACI,"1.3.4",51,ho_open,18,99,0.4383500000,35
2026-05-26,za,RM06B,Google Ads ACI,"1.3.4",51,searcp,15,22,0.1425000000,2
2026-05-26,za,RM06B,Google Ads ACI,"1.3.4",51,splcp,16,47,0.1318500000,13
2026-05-26,za,RM06B,Google Ads ACI,"1.3.4",51,xzcp,13,104,0.3155000000,24
2026-05-26,za,RM06B,facebook,"1.3.4",355,ALL,287,1650,36.6129500000,902
2026-05-26,za,RM06B,facebook,"1.3.4",355,albcp,29,34,0.5095500000,17
2026-05-26,za,RM06B,facebook,"1.3.4",355,bkcp,41,47,0.7186000000,17
2026-05-26,za,RM06B,facebook,"1.3.4",355,cl_open,170,192,10.5009000000,151
2026-05-26,za,RM06B,facebook,"1.3.4",355,cscp,11,16,0.1397000000,5
2026-05-26,za,RM06B,facebook,"1.3.4",355,ho_open,178,488,10.3356000000,221
2026-05-26,za,RM06B,facebook,"1.3.4",355,ngdcp,106,107,3.8418000000,80
2026-05-26,za,RM06B,facebook,"1.3.4",355,offlcp,13,13,0.1393000000,4
2026-05-26,za,RM06B,facebook,"1.3.4",355,searcp,72,109,1.8005000000,67
2026-05-26,za,RM06B,facebook,"1.3.4",355,skpcp,34,81,1.0027000000,47
2026-05-26,za,RM06B,facebook,"1.3.4",355,splcp,125,186,3.5969500000,90
2026-05-26,za,RM06B,facebook,"1.3.4",355,xzcp,76,358,3.6387000000,192
2026-05-26,za,RM08,Google Ads ACI,"1.2.4",56,ALL,42,490,2.3807290167,155
2026-05-26,za,RM08,Google Ads ACI,"1.2.4",56,ccopen,28,35,0.5566041761,18
2026-05-26,za,RM08,Google Ads ACI,"1.2.4",56,hhopen,22,81,0.2823964182,25
2026-05-26,za,RM08,Google Ads ACI,"1.2.4",56,insback,18,18,0.1128217343,7
2026-05-26,za,RM08,Google Ads ACI,"1.2.4",56,inscon,19,55,0.1122578204,13
2026-05-26,za,RM08,Google Ads ACI,"1.2.4",56,insdown,22,234,0.8665218111,71
2026-05-26,za,RM08,Google Ads ACI,"1.2.4",56,insnewgd,11,11,0.1040354545,1
2026-05-26,za,RM08,Google Ads ACI,"1.2.4",56,inssec,22,26,0.2531996415,8
2026-05-26,za,RM08,facebook,"1.2.4",81,ALL,67,527,6.6006900751,268
2026-05-26,za,RM08,facebook,"1.2.4",81,ccopen,38,51,1.5893053702,34
2026-05-26,za,RM08,facebook,"1.2.4",81,hhopen,41,129,2.0127469063,61
2026-05-26,za,RM08,facebook,"1.2.4",81,insabb,10,11,0.2503072604,3
2026-05-26,za,RM08,facebook,"1.2.4",81,insback,16,16,0.0603831131,3
2026-05-26,za,RM08,facebook,"1.2.4",81,inscon,17,30,0.2624615358,15
2026-05-26,za,RM08,facebook,"1.2.4",81,insdown,28,129,0.8648574360,73
2026-05-26,za,RM08,facebook,"1.2.4",81,insnewgd,22,22,0.4597795845,11
2026-05-26,za,RM08,facebook,"1.2.4",81,insplayn,19,107,0.7472775657,57
2026-05-26,za,RM08,facebook,"1.2.4",81,inssec,18,19,0.1928890403,5
2026-05-26,zm,RM06B,facebook,"1.3.4",56,ALL,49,129,3.0875000000,96
2026-05-26,zm,RM06B,facebook,"1.3.4",56,cl_open,29,29,1.3705500000,30
2026-05-26,zm,RM06B,facebook,"1.3.4",56,ho_open,26,43,0.7592000000,31
2026-05-26,zm,RM06B,facebook,"1.3.4",56,ngdcp,11,11,0.2384500000,8
2026-05-26,zm,RM06B,facebook,"1.3.4",56,splcp,12,12,0.2489000000,5
2026-05-26,zm,RM06B,facebook,"1.3.4",56,xzcp,10,13,0.2259000000,8
2026-05-26,zw,RM06B,facebook,"1.3.4",64,ALL,54,220,2.5026000000,155
2026-05-26,zw,RM06B,facebook,"1.3.4",64,cl_open,33,37,0.5867500000,26
2026-05-26,zw,RM06B,facebook,"1.3.4",64,ho_open,30,66,0.9320500000,47
2026-05-26,zw,RM06B,facebook,"1.3.4",64,ngdcp,19,19,0.3338500000,15
2026-05-26,zw,RM06B,facebook,"1.3.4",64,searcp,11,11,0.1182000000,4
2026-05-26,zw,RM06B,facebook,"1.3.4",64,splcp,30,32,0.2036500000,29
2026-05-26,zw,RM06B,facebook,"1.3.4",64,xzcp,17,33,0.1652000000,18
2026-05-25,ao,RM06B,facebook,"1.3.4",184,ALL,136,480,5.5030500000,321
2026-05-25,ao,RM06B,facebook,"1.3.4",184,albcp,14,15,0.1021500000,6
2026-05-25,ao,RM06B,facebook,"1.3.4",184,bkcp,36,37,0.3085500000,16
2026-05-25,ao,RM06B,facebook,"1.3.4",184,cl_open,80,86,1.5945000000,72
2026-05-25,ao,RM06B,facebook,"1.3.4",184,ho_open,75,147,1.4925500000,100
2026-05-25,ao,RM06B,facebook,"1.3.4",184,ngdcp,49,49,0.4812000000,36
2026-05-25,ao,RM06B,facebook,"1.3.4",184,searcp,30,31,0.2456000000,28
2026-05-25,ao,RM06B,facebook,"1.3.4",184,secp,10,10,0.1608000000,3
2026-05-25,ao,RM06B,facebook,"1.3.4",184,skpcp,11,12,0.1981000000,3
2026-05-25,ao,RM06B,facebook,"1.3.4",184,splcp,45,50,0.5326500000,32
2026-05-25,ao,RM06B,facebook,"1.3.4",184,xzcp,28,35,0.2653000000,23
2026-05-25,ar,RM06B,facebook,"1.3.3",238,ALL,196,814,15.7496500000,431
2026-05-25,ar,RM06B,facebook,"1.3.3",238,albcp,17,17,0.3492500000,10
2026-05-25,ar,RM06B,facebook,"1.3.3",238,bkcp,31,34,0.3177000000,5
2026-05-25,ar,RM06B,facebook,"1.3.3",238,cl_open,156,174,6.5802000000,134
2026-05-25,ar,RM06B,facebook,"1.3.3",238,ho_open,97,220,4.0829500000,108
2026-05-25,ar,RM06B,facebook,"1.3.3",238,ngdcp,85,86,1.8829500000,68
2026-05-25,ar,RM06B,facebook,"1.3.3",238,searcp,37,50,0.5624500000,24
2026-05-25,ar,RM06B,facebook,"1.3.3",238,skpcp,13,22,0.1684500000,10
2026-05-25,ar,RM06B,facebook,"1.3.3",238,splcp,75,108,1.2961500000,47
2026-05-25,ar,RM06B,facebook,"1.3.3",238,xzcp,32,85,0.2991500000,21
2026-05-25,ar,RM06B,Google Ads ACI,"1.3.4",62,ALL,36,436,2.4012000000,134
2026-05-25,ar,RM06B,Google Ads ACI,"1.3.4",62,bkcp,12,16,0.0315500000,4
2026-05-25,ar,RM06B,Google Ads ACI,"1.3.4",62,cl_open,24,33,0.8951500000,12
2026-05-25,ar,RM06B,Google Ads ACI,"1.3.4",62,ho_open,24,108,0.8465000000,45
2026-05-25,ar,RM06B,Google Ads ACI,"1.3.4",62,ngdcp,22,25,0.1603500000,7
2026-05-25,ar,RM06B,Google Ads ACI,"1.3.4",62,searcp,26,49,0.1930500000,14
2026-05-25,ar,RM06B,Google Ads ACI,"1.3.4",62,splcp,23,42,0.0803500000,20
2026-05-25,ar,RM06B,Google Ads ACI,"1.3.4",62,xzcp,15,134,0.1592000000,26
2026-05-25,ar,RM06B,facebook,"1.3.4",596,ALL,500,2754,51.8762500000,1420
2026-05-25,ar,RM06B,facebook,"1.3.4",596,albcp,53,70,1.0142000000,43
2026-05-25,ar,RM06B,facebook,"1.3.4",596,bkcp,69,88,0.7377500000,31
2026-05-25,ar,RM06B,facebook,"1.3.4",596,cl_open,403,469,20.9791500000,387
2026-05-25,ar,RM06B,facebook,"1.3.4",596,cscp,21,28,0.2525500000,9
2026-05-25,ar,RM06B,facebook,"1.3.4",596,ho_open,287,734,13.7791000000,377
2026-05-25,ar,RM06B,facebook,"1.3.4",596,ngdcp,223,231,5.4348500000,145
2026-05-25,ar,RM06B,facebook,"1.3.4",596,offlcp,19,20,0.1043500000,6
2026-05-25,ar,RM06B,facebook,"1.3.4",596,searcp,108,131,1.8848500000,90
2026-05-25,ar,RM06B,facebook,"1.3.4",596,skpcp,46,166,0.8898500000,55
2026-05-25,ar,RM06B,facebook,"1.3.4",596,splcp,200,319,4.5114500000,93
2026-05-25,ar,RM06B,facebook,"1.3.4",596,xzcp,82,472,1.8702000000,178
2026-05-25,ar,RM08,facebook,"1.2.4",138,ALL,108,354,9.7182759236,197
2026-05-25,ar,RM08,facebook,"1.2.4",138,ccopen,81,86,3.1096596971,79
2026-05-25,ar,RM08,facebook,"1.2.4",138,hhopen,60,128,3.0630090705,54
2026-05-25,ar,RM08,facebook,"1.2.4",138,insabb,16,16,0.4590910551,13
2026-05-25,ar,RM08,facebook,"1.2.4",138,insback,13,13,0.3571126659,2
2026-05-25,ar,RM08,facebook,"1.2.4",138,inscon,11,15,0.2715784764,6
2026-05-25,ar,RM08,facebook,"1.2.4",138,insdown,17,20,0.5484864412,8
2026-05-25,ar,RM08,facebook,"1.2.4",138,insnewgd,38,39,1.2212191191,18
2026-05-25,ar,RM08,facebook,"1.2.4",138,insplayn,12,18,0.2861622568,8
2026-05-25,ar,RM08,facebook,"1.2.4",138,inssec,10,10,0.1941111208,3
2026-05-25,bo,RM06B,facebook,"1.3.3",134,ALL,116,668,7.5139000000,272
2026-05-25,bo,RM06B,facebook,"1.3.3",134,albcp,18,21,0.2201500000,6
2026-05-25,bo,RM06B,facebook,"1.3.3",134,bkcp,27,32,0.1193500000,8
2026-05-25,bo,RM06B,facebook,"1.3.3",134,cl_open,84,95,3.4405500000,82
2026-05-25,bo,RM06B,facebook,"1.3.3",134,ho_open,71,175,1.6972500000,65
2026-05-25,bo,RM06B,facebook,"1.3.3",134,ngdcp,48,51,0.4270000000,30
2026-05-25,bo,RM06B,facebook,"1.3.3",134,searcp,37,47,0.3209500000,24
2026-05-25,bo,RM06B,facebook,"1.3.3",134,skpcp,13,47,0.1013500000,6
2026-05-25,bo,RM06B,facebook,"1.3.3",134,splcp,66,96,0.9901500000,25
2026-05-25,bo,RM06B,facebook,"1.3.3",134,xzcp,26,88,0.1317500000,23
2026-05-25,bo,RM06B,facebook,"1.3.4",324,ALL,274,1316,19.8619000000,631
2026-05-25,bo,RM06B,facebook,"1.3.4",324,albcp,32,33,0.3701000000,10
2026-05-25,bo,RM06B,facebook,"1.3.4",324,bkcp,45,46,0.2259500000,5
2026-05-25,bo,RM06B,facebook,"1.3.4",324,cl_open,181,193,7.7628500000,157
2026-05-25,bo,RM06B,facebook,"1.3.4",324,cscp,10,10,0.0161500000,6
2026-05-25,bo,RM06B,facebook,"1.3.4",324,ho_open,156,408,4.5586500000,173
2026-05-25,bo,RM06B,facebook,"1.3.4",324,ngdcp,129,133,2.5798000000,107
2026-05-25,bo,RM06B,facebook,"1.3.4",324,searcp,59,68,0.5472000000,23
2026-05-25,bo,RM06B,facebook,"1.3.4",324,skpcp,31,64,0.3386500000,12
2026-05-25,bo,RM06B,facebook,"1.3.4",324,splcp,141,231,2.7226500000,79
2026-05-25,bo,RM06B,facebook,"1.3.4",324,xzcp,51,106,0.6190000000,47
2026-05-25,bo,RM08,facebook,"1.2.4",67,ALL,57,246,4.2248956262,129
2026-05-25,bo,RM08,facebook,"1.2.4",67,ccopen,33,37,0.9671878487,37
2026-05-25,bo,RM08,facebook,"1.2.4",67,hhopen,35,80,1.3573171541,43
2026-05-25,bo,RM08,facebook,"1.2.4",67,insabb,11,11,0.2681254246,4
2026-05-25,bo,RM08,facebook,"1.2.4",67,inscon,10,14,0.1961592023,3
2026-05-25,bo,RM08,facebook,"1.2.4",67,insdown,12,31,0.2623217352,11
2026-05-25,bo,RM08,facebook,"1.2.4",67,insnewgd,29,29,0.7576095296,20
2026-05-25,bo,RM08,facebook,"1.2.4",67,insplayn,10,28,0.2410265469,4
2026-05-25,br,RM06B,Google Ads ACI,"1.3.3",1123,ALL,910,6090,107.4430500000,2963
2026-05-25,br,RM06B,Google Ads ACI,"1.3.3",1123,albcp,135,152,3.1077000000,82
2026-05-25,br,RM06B,Google Ads ACI,"1.3.3",1123,bkcp,191,250,2.2205000000,114
2026-05-25,br,RM06B,Google Ads ACI,"1.3.3",1123,cl_open,775,943,36.2847500000,586
2026-05-25,br,RM06B,Google Ads ACI,"1.3.3",1123,cscp,60,77,0.6233000000,26
2026-05-25,br,RM06B,Google Ads ACI,"1.3.3",1123,ho_open,512,1671,25.2942000000,843
2026-05-25,br,RM06B,Google Ads ACI,"1.3.3",1123,ngdcp,490,498,10.8642500000,265
2026-05-25,br,RM06B,Google Ads ACI,"1.3.3",1123,offlcp,41,52,0.5284000000,19
2026-05-25,br,RM06B,Google Ads ACI,"1.3.3",1123,searcp,325,394,7.1190000000,189
2026-05-25,br,RM06B,Google Ads ACI,"1.3.3",1123,secp,19,19,0.1938000000,12
2026-05-25,br,RM06B,Google Ads ACI,"1.3.3",1123,skpcp,105,268,3.9360000000,109
2026-05-25,br,RM06B,Google Ads ACI,"1.3.3",1123,splcp,455,725,8.8701000000,257
2026-05-25,br,RM06B,Google Ads ACI,"1.3.3",1123,stccp,23,24,0.3231000000,15
2026-05-25,br,RM06B,Google Ads ACI,"1.3.3",1123,xzcp,188,989,7.7293500000,441
2026-05-25,br,RM06B,facebook,"1.3.3",1322,ALL,1106,5402,201.7358500000,3055
2026-05-25,br,RM06B,facebook,"1.3.3",1322,albcp,150,189,5.6828500000,122
2026-05-25,br,RM06B,facebook,"1.3.3",1322,bkcp,151,195,3.6976000000,67
2026-05-25,br,RM06B,facebook,"1.3.3",1322,cl_open,887,1003,76.2976500000,889
2026-05-25,br,RM06B,facebook,"1.3.3",1322,cscp,34,61,1.2104500000,31
2026-05-25,br,RM06B,facebook,"1.3.3",1322,ho_open,665,1672,63.3520000000,882
2026-05-25,br,RM06B,facebook,"1.3.3",1322,ngdcp,405,410,17.7719500000,268
2026-05-25,br,RM06B,facebook,"1.3.3",1322,offlcp,22,33,0.2829500000,12
2026-05-25,br,RM06B,facebook,"1.3.3",1322,searcp,175,220,4.9941500000,111
2026-05-25,br,RM06B,facebook,"1.3.3",1322,secp,18,19,0.4172000000,17
2026-05-25,br,RM06B,facebook,"1.3.3",1322,skpcp,93,289,3.9918000000,117
2026-05-25,br,RM06B,facebook,"1.3.3",1322,splcp,405,707,18.1810500000,339
2026-05-25,br,RM06B,facebook,"1.3.3",1322,xzcp,123,582,5.3683000000,193
2026-05-25,br,RM06B,unknown,"1.3.3",189,ALL,143,396,9.1168000000,136
2026-05-25,br,RM06B,unknown,"1.3.3",189,bkcp,14,20,0.0989000000,7
2026-05-25,br,RM06B,unknown,"1.3.3",189,cl_open,129,139,6.6698500000,22
2026-05-25,br,RM06B,unknown,"1.3.3",189,ho_open,27,58,0.8033000000,30
2026-05-25,br,RM06B,unknown,"1.3.3",189,ngdcp,24,24,0.3377000000,13
2026-05-25,br,RM06B,unknown,"1.3.3",189,searcp,16,17,0.2946500000,9
2026-05-25,br,RM06B,unknown,"1.3.3",189,splcp,26,37,0.4339500000,11
2026-05-25,br,RM06B,Google Ads ACI,"1.3.4",1818,ALL,1500,9502,189.0873500000,4658
2026-05-25,br,RM06B,Google Ads ACI,"1.3.4",1818,albcp,232,247,4.5172500000,151
2026-05-25,br,RM06B,Google Ads ACI,"1.3.4",1818,bkcp,248,292,2.7745500000,135
2026-05-25,br,RM06B,Google Ads ACI,"1.3.4",1818,cl_open,1275,1512,68.0143000000,1117
2026-05-25,br,RM06B,Google Ads ACI,"1.3.4",1818,cscp,72,96,0.8250000000,34
2026-05-25,br,RM06B,Google Ads ACI,"1.3.4",1818,ho_open,890,2888,50.5583000000,1329
2026-05-25,br,RM06B,Google Ads ACI,"1.3.4",1818,jclcp,11,13,0.1829500000,5
2026-05-25,br,RM06B,Google Ads ACI,"1.3.4",1818,lkcp,12,14,0.0546000000,5
2026-05-25,br,RM06B,Google Ads ACI,"1.3.4",1818,ngdcp,769,787,19.3784500000,457
2026-05-25,br,RM06B,Google Ads ACI,"1.3.4",1818,offlcp,63,67,0.6092500000,15
2026-05-25,br,RM06B,Google Ads ACI,"1.3.4",1818,searcp,532,602,12.1920500000,294
2026-05-25,br,RM06B,Google Ads ACI,"1.3.4",1818,secp,26,26,0.5885000000,13
2026-05-25,br,RM06B,Google Ads ACI,"1.3.4",1818,skpcp,140,311,2.6116500000,120
2026-05-25,br,RM06B,Google Ads ACI,"1.3.4",1818,splcp,736,1072,16.2139000000,401
2026-05-25,br,RM06B,Google Ads ACI,"1.3.4",1818,stccp,39,40,0.7900500000,25
2026-05-25,br,RM06B,Google Ads ACI,"1.3.4",1818,xzcp,306,1527,9.6209500000,555
2026-05-25,br,RM06B,facebook,"1.3.4",3244,ALL,2798,11913,582.8506000000,7229
2026-05-25,br,RM06B,facebook,"1.3.4",3244,albcp,354,382,14.7730000000,233
2026-05-25,br,RM06B,facebook,"1.3.4",3244,bkcp,321,355,7.7941500000,146
2026-05-25,br,RM06B,facebook,"1.3.4",3244,cl_open,2340,2645,238.8385500000,2408
2026-05-25,br,RM06B,facebook,"1.3.4",3244,cscp,60,69,1.5840500000,30
2026-05-25,br,RM06B,facebook,"1.3.4",3244,ho_open,1636,3754,171.2244000000,2091
2026-05-25,br,RM06B,facebook,"1.3.4",3244,lkcp,11,11,0.2352500000,6
2026-05-25,br,RM06B,facebook,"1.3.4",3244,ngdcp,1045,1055,55.2000500000,769
2026-05-25,br,RM06B,facebook,"1.3.4",3244,offlcp,37,46,0.6867500000,10
2026-05-25,br,RM06B,facebook,"1.3.4",3244,rkgcp,22,22,0.8747000000,9
2026-05-25,br,RM06B,facebook,"1.3.4",3244,searcp,393,449,15.1234500000,253
2026-05-25,br,RM06B,facebook,"1.3.4",3244,secp,28,28,1.2086000000,13
2026-05-25,br,RM06B,facebook,"1.3.4",3244,skpcp,185,410,9.8638500000,173
2026-05-25,br,RM06B,facebook,"1.3.4",3244,splcp,983,1279,47.2753000000,541
2026-05-25,br,RM06B,facebook,"1.3.4",3244,stccp,26,26,0.9572000000,15
2026-05-25,br,RM06B,facebook,"1.3.4",3244,xzcp,298,1374,16.9996000000,529
2026-05-25,br,RM06B,unknown,"1.3.4",300,ALL,230,431,16.8017000000,121
2026-05-25,br,RM06B,unknown,"1.3.4",300,bkcp,15,17,0.2001000000,5
2026-05-25,br,RM06B,unknown,"1.3.4",300,cl_open,213,221,13.5415500000,28
2026-05-25,br,RM06B,unknown,"1.3.4",300,ho_open,37,88,1.8666000000,31
2026-05-25,br,RM06B,unknown,"1.3.4",300,ngdcp,28,28,0.3791000000,35
2026-05-25,br,RM06B,unknown,"1.3.4",300,searcp,17,17,0.1479500000,7
2026-05-25,br,RM06B,unknown,"1.3.4",300,splcp,32,36,0.4649000000,5
2026-05-25,br,RM08,facebook,"1.2.4",860,ALL,736,2806,136.6208520326,1879
2026-05-25,br,RM08,facebook,"1.2.4",860,ccopen,570,658,51.9283238169,652
2026-05-25,br,RM08,facebook,"1.2.4",860,hhopen,421,892,42.8762618165,487
2026-05-25,br,RM08,facebook,"1.2.4",860,insabb,87,94,3.7669002776,60
2026-05-25,br,RM08,facebook,"1.2.4",860,insback,84,88,1.8969456201,35
2026-05-25,br,RM08,facebook,"1.2.4",860,inscon,87,147,3.3048619947,75
2026-05-25,br,RM08,facebook,"1.2.4",860,insdown,112,272,5.1330694141,121
2026-05-25,br,RM08,facebook,"1.2.4",860,insnewgd,296,301,17.6747554040,256
2026-05-25,br,RM08,facebook,"1.2.4",860,insplayn,99,207,5.9575182780,115
2026-05-25,br,RM08,facebook,"1.2.4",860,insrrr,17,17,0.8435080609,9
2026-05-25,br,RM08,facebook,"1.2.4",860,inssec,77,83,2.2754804881,46
2026-05-25,br,RM08,facebook,"1.2.4",860,inssp,22,27,0.2898504265,13
2026-05-25,br,RM08,unknown,"1.2.4",161,ALL,151,243,10.4507088868,34
2026-05-25,br,RM08,unknown,"1.2.4",161,ccopen,148,156,9.6804860836,7
2026-05-25,br,RM08,unknown,"1.2.4",161,hhopen,13,54,0.5821800766,16
2026-05-25,ca,RM06B,facebook,"1.3.4",70,ALL,53,138,6.1217500000,83
2026-05-25,ca,RM06B,facebook,"1.3.4",70,cl_open,20,20,1.8305000000,11
2026-05-25,ca,RM06B,facebook,"1.3.4",70,ho_open,27,49,2.5884500000,27
2026-05-25,ca,RM06B,facebook,"1.3.4",70,ngdcp,10,10,0.5233000000,7
2026-05-25,ca,RM06B,facebook,"1.3.4",70,splcp,14,17,0.5971500000,17
2026-05-25,ca,RM06B,facebook,"1.3.4",70,xzcp,10,18,0.2732000000,8
2026-05-25,cd,RM08,Google Ads ACI,"1.2.4",52,ALL,39,129,1.2791407141,55
2026-05-25,cd,RM08,Google Ads ACI,"1.2.4",52,ccopen,30,32,0.5807751103,17
2026-05-25,cd,RM08,Google Ads ACI,"1.2.4",52,hhopen,16,30,0.1577860678,13
2026-05-25,cd,RM08,Google Ads ACI,"1.2.4",52,insback,10,10,0.0365617947,1
2026-05-25,cd,RM08,Google Ads ACI,"1.2.4",52,insnewgd,18,18,0.2449513152,7
2026-05-25,cd,RM08,Google Ads ACI,"1.2.4",52,inssec,15,15,0.0733580341,9
2026-05-25,cl,RM06B,facebook,"1.3.3",151,ALL,124,535,15.5172500000,232
2026-05-25,cl,RM06B,facebook,"1.3.3",151,albcp,18,18,0.4091000000,3
2026-05-25,cl,RM06B,facebook,"1.3.3",151,bkcp,16,16,0.1140500000,3
2026-05-25,cl,RM06B,facebook,"1.3.3",151,cl_open,102,121,6.3063500000,89
2026-05-25,cl,RM06B,facebook,"1.3.3",151,ho_open,68,119,3.1951500000,38
2026-05-25,cl,RM06B,facebook,"1.3.3",151,ngdcp,58,58,1.8947000000,29
2026-05-25,cl,RM06B,facebook,"1.3.3",151,searcp,23,27,0.7195500000,14
2026-05-25,cl,RM06B,facebook,"1.3.3",151,skpcp,16,30,0.2534000000,12
2026-05-25,cl,RM06B,facebook,"1.3.3",151,splcp,53,72,1.0926500000,27
2026-05-25,cl,RM06B,facebook,"1.3.3",151,xzcp,16,57,1.3049500000,10
2026-05-25,cl,RM06B,facebook,"1.3.4",253,ALL,231,1192,33.8715500000,562
2026-05-25,cl,RM06B,facebook,"1.3.4",253,albcp,32,38,0.6130000000,12
2026-05-25,cl,RM06B,facebook,"1.3.4",253,bkcp,42,48,0.6288000000,17
2026-05-25,cl,RM06B,facebook,"1.3.4",253,cl_open,194,223,14.6032500000,160
2026-05-25,cl,RM06B,facebook,"1.3.4",253,ho_open,128,341,8.2865500000,172
2026-05-25,cl,RM06B,facebook,"1.3.4",253,ngdcp,112,113,3.8723000000,73
2026-05-25,cl,RM06B,facebook,"1.3.4",253,searcp,56,63,1.0758500000,27
2026-05-25,cl,RM06B,facebook,"1.3.4",253,skpcp,26,42,0.3103000000,10
2026-05-25,cl,RM06B,facebook,"1.3.4",253,splcp,95,150,2.7960000000,50
2026-05-25,cl,RM06B,facebook,"1.3.4",253,xzcp,40,140,0.9977500000,33
2026-05-25,cl,RM08,facebook,"1.2.4",89,ALL,72,205,8.8368434101,126
2026-05-25,cl,RM08,facebook,"1.2.4",89,ccopen,58,66,3.3500685538,58
2026-05-25,cl,RM08,facebook,"1.2.4",89,hhopen,34,64,3.2916147777,16
2026-05-25,cl,RM08,facebook,"1.2.4",89,insabb,13,13,0.5218363641,9
2026-05-25,cl,RM08,facebook,"1.2.4",89,insnewgd,22,22,0.8515743644,15
2026-05-25,co,RM06B,Google Ads ACI,"1.3.3",71,ALL,44,540,4.1730500000,251
2026-05-25,co,RM06B,Google Ads ACI,"1.3.3",71,bkcp,14,21,0.0900000000,9
2026-05-25,co,RM06B,Google Ads ACI,"1.3.3",71,cl_open,30,36,0.9324000000,20
2026-05-25,co,RM06B,Google Ads ACI,"1.3.3",71,ho_open,26,136,1.3076000000,78
2026-05-25,co,RM06B,Google Ads ACI,"1.3.3",71,ngdcp,21,21,0.4679500000,16
2026-05-25,co,RM06B,Google Ads ACI,"1.3.3",71,searcp,21,33,0.2240500000,12
2026-05-25,co,RM06B,Google Ads ACI,"1.3.3",71,splcp,25,48,0.4090000000,14
2026-05-25,co,RM06B,Google Ads ACI,"1.3.3",71,xzcp,19,162,0.3609000000,57
2026-05-25,co,RM06B,TIKTOK,"1.3.3",56,ALL,51,324,4.4914500000,194
2026-05-25,co,RM06B,TIKTOK,"1.3.3",56,bkcp,12,16,0.1361000000,5
2026-05-25,co,RM06B,TIKTOK,"1.3.3",56,cl_open,39,43,2.3950500000,64
2026-05-25,co,RM06B,TIKTOK,"1.3.3",56,ho_open,33,73,0.7768500000,53
2026-05-25,co,RM06B,TIKTOK,"1.3.3",56,ngdcp,23,23,0.2748000000,11
2026-05-25,co,RM06B,TIKTOK,"1.3.3",56,searcp,17,23,0.1199000000,7
2026-05-25,co,RM06B,TIKTOK,"1.3.3",56,splcp,24,32,0.2274000000,16
2026-05-25,co,RM06B,TIKTOK,"1.3.3",56,xzcp,16,78,0.3365500000,32
2026-05-25,co,RM06B,facebook,"1.3.3",852,ALL,703,4179,71.5449000000,2370
2026-05-25,co,RM06B,facebook,"1.3.3",852,albcp,78,84,1.0582500000,48
2026-05-25,co,RM06B,facebook,"1.3.3",852,bkcp,125,143,1.0598000000,36
2026-05-25,co,RM06B,facebook,"1.3.3",852,cl_open,518,620,27.8569000000,517
2026-05-25,co,RM06B,facebook,"1.3.3",852,cscp,38,50,0.2653500000,22
2026-05-25,co,RM06B,facebook,"1.3.3",852,ho_open,404,1244,17.1241500000,675
2026-05-25,co,RM06B,facebook,"1.3.3",852,ngdcp,319,326,7.8221000000,252
2026-05-25,co,RM06B,facebook,"1.3.3",852,offlcp,28,29,0.0861000000,17
2026-05-25,co,RM06B,facebook,"1.3.3",852,searcp,178,237,2.5038500000,141
2026-05-25,co,RM06B,facebook,"1.3.3",852,skpcp,87,306,2.0366000000,136
2026-05-25,co,RM06B,facebook,"1.3.3",852,splcp,326,528,8.2908500000,281
2026-05-25,co,RM06B,facebook,"1.3.3",852,stccp,17,19,0.2292500000,7
2026-05-25,co,RM06B,facebook,"1.3.3",852,xzcp,142,568,2.9553500000,220
2026-05-25,co,RM06B,unknown,"1.3.3",69,ALL,45,114,2.7614000000,34
2026-05-25,co,RM06B,unknown,"1.3.3",69,cl_open,40,44,2.1391000000,8
2026-05-25,co,RM06B,Google Ads ACI,"1.3.4",134,ALL,73,904,7.4387000000,388
2026-05-25,co,RM06B,Google Ads ACI,"1.3.4",134,bkcp,25,39,0.3291000000,20
2026-05-25,co,RM06B,Google Ads ACI,"1.3.4",134,cl_open,58,72,2.5843000000,45
2026-05-25,co,RM06B,Google Ads ACI,"1.3.4",134,ho_open,38,154,1.2464500000,70
2026-05-25,co,RM06B,Google Ads ACI,"1.3.4",134,ngdcp,37,38,0.5154500000,24
2026-05-25,co,RM06B,Google Ads ACI,"1.3.4",134,searcp,38,53,0.5854500000,18
2026-05-25,co,RM06B,Google Ads ACI,"1.3.4",134,skpcp,11,76,0.2110500000,45
2026-05-25,co,RM06B,Google Ads ACI,"1.3.4",134,splcp,38,118,0.6509000000,37
2026-05-25,co,RM06B,Google Ads ACI,"1.3.4",134,xzcp,29,318,1.1019000000,119
2026-05-25,co,RM06B,TIKTOK,"1.3.4",72,ALL,62,554,7.4216000000,261
2026-05-25,co,RM06B,TIKTOK,"1.3.4",72,bkcp,17,28,0.1302000000,7
2026-05-25,co,RM06B,TIKTOK,"1.3.4",72,cl_open,57,70,2.9615000000,56
2026-05-25,co,RM06B,TIKTOK,"1.3.4",72,ho_open,41,169,2.1072500000,89
2026-05-25,co,RM06B,TIKTOK,"1.3.4",72,ngdcp,31,31,0.5768500000,20
2026-05-25,co,RM06B,TIKTOK,"1.3.4",72,searcp,20,32,0.3664000000,15
2026-05-25,co,RM06B,TIKTOK,"1.3.4",72,skpcp,10,17,0.2079500000,5
2026-05-25,co,RM06B,TIKTOK,"1.3.4",72,splcp,27,51,0.4687000000,21
2026-05-25,co,RM06B,TIKTOK,"1.3.4",72,xzcp,14,131,0.4008000000,40
2026-05-25,co,RM06B,facebook,"1.3.4",1542,ALL,1295,7694,171.9082000000,4139
2026-05-25,co,RM06B,facebook,"1.3.4",1542,albcp,155,180,3.2331000000,96
2026-05-25,co,RM06B,facebook,"1.3.4",1542,bkcp,219,256,2.3467000000,73
2026-05-25,co,RM06B,facebook,"1.3.4",1542,cl_open,950,1104,64.6641000000,1069
2026-05-25,co,RM06B,facebook,"1.3.4",1542,cscp,72,98,0.9059500000,57
2026-05-25,co,RM06B,facebook,"1.3.4",1542,ho_open,792,2217,45.9302000000,1153
2026-05-25,co,RM06B,facebook,"1.3.4",1542,ngdcp,596,604,16.8761000000,430
2026-05-25,co,RM06B,facebook,"1.3.4",1542,offlcp,46,49,0.4033000000,13
2026-05-25,co,RM06B,facebook,"1.3.4",1542,searcp,340,433,7.5489500000,178
2026-05-25,co,RM06B,facebook,"1.3.4",1542,secp,24,24,0.3598500000,8
2026-05-25,co,RM06B,facebook,"1.3.4",1542,skpcp,181,526,4.2922500000,219
2026-05-25,co,RM06B,facebook,"1.3.4",1542,splcp,605,927,15.9905500000,385
2026-05-25,co,RM06B,facebook,"1.3.4",1542,stccp,23,36,0.3925000000,17
2026-05-25,co,RM06B,facebook,"1.3.4",1542,xzcp,287,1223,8.8332000000,435
2026-05-25,co,RM06B,unknown,"1.3.4",83,ALL,63,81,3.3501500000,11
2026-05-25,co,RM06B,unknown,"1.3.4",83,cl_open,61,62,3.1086000000,5
2026-05-25,co,RM08,Google Ads ACI,"1.2.4",62,ALL,50,497,2.0965974907,141
2026-05-25,co,RM08,Google Ads ACI,"1.2.4",62,ccopen,34,52,0.6663112821,21
2026-05-25,co,RM08,Google Ads ACI,"1.2.4",62,hhopen,30,71,0.3254823843,20
2026-05-25,co,RM08,Google Ads ACI,"1.2.4",62,insback,16,17,0.0607571308,2
2026-05-25,co,RM08,Google Ads ACI,"1.2.4",62,inscon,19,45,0.1074238243,5
2026-05-25,co,RM08,Google Ads ACI,"1.2.4",62,insdown,24,163,0.3769024802,29
2026-05-25,co,RM08,Google Ads ACI,"1.2.4",62,insnewgd,27,31,0.1539931372,14
2026-05-25,co,RM08,Google Ads ACI,"1.2.4",62,inssec,27,35,0.2109488532,10
2026-05-25,co,RM08,facebook,"1.2.4",131,ALL,101,531,9.3308129133,268
2026-05-25,co,RM08,facebook,"1.2.4",131,ccopen,74,85,2.9464174130,74
2026-05-25,co,RM08,facebook,"1.2.4",131,hhopen,54,117,2.6273645199,59
2026-05-25,co,RM08,facebook,"1.2.4",131,insabb,16,21,0.3616228507,12
2026-05-25,co,RM08,facebook,"1.2.4",131,inscon,18,37,0.2689700640,15
2026-05-25,co,RM08,facebook,"1.2.4",131,insdown,26,122,0.8110631795,44
2026-05-25,co,RM08,facebook,"1.2.4",131,insnewgd,36,37,1.1558842302,29
2026-05-25,co,RM08,facebook,"1.2.4",131,insplayn,17,67,0.6965511358,20
2026-05-25,co,RM08,facebook,"1.2.4",131,inssec,13,16,0.2356450110,4
2026-05-25,co,RM08,unknown,"1.2.4",61,ALL,43,108,1.3037500395,32
2026-05-25,co,RM08,unknown,"1.2.4",61,ccopen,38,44,0.9196461196,8
2026-05-25,co,RM08,unknown,"1.2.4",61,hhopen,14,43,0.1457818180,17
2026-05-25,cr,RM06B,facebook,"1.3.3",154,ALL,127,697,17.8392500000,340
2026-05-25,cr,RM06B,facebook,"1.3.3",154,albcp,13,17,0.4958500000,7
2026-05-25,cr,RM06B,facebook,"1.3.3",154,bkcp,15,17,0.0693500000,8
2026-05-25,cr,RM06B,facebook,"1.3.3",154,cl_open,104,130,7.6880000000,123
2026-05-25,cr,RM06B,facebook,"1.3.3",154,ho_open,83,269,5.2720500000,115
2026-05-25,cr,RM06B,facebook,"1.3.3",154,ngdcp,61,63,1.8197000000,38
2026-05-25,cr,RM06B,facebook,"1.3.3",154,searcp,27,31,0.4929500000,11
2026-05-25,cr,RM06B,facebook,"1.3.3",154,splcp,53,76,1.4246500000,20
2026-05-25,cr,RM06B,facebook,"1.3.3",154,xzcp,22,54,0.4476000000,12
2026-05-25,cr,RM06B,facebook,"1.3.4",225,ALL,176,771,22.3646500000,459
2026-05-25,cr,RM06B,facebook,"1.3.4",225,albcp,22,28,0.3909000000,16
2026-05-25,cr,RM06B,facebook,"1.3.4",225,bkcp,15,17,0.1445500000,7
2026-05-25,cr,RM06B,facebook,"1.3.4",225,cl_open,142,166,9.8949000000,164
2026-05-25,cr,RM06B,facebook,"1.3.4",225,ho_open,84,201,4.9447000000,102
2026-05-25,cr,RM06B,facebook,"1.3.4",225,ngdcp,77,79,2.3543500000,57
2026-05-25,cr,RM06B,facebook,"1.3.4",225,searcp,32,41,0.7287000000,17
2026-05-25,cr,RM06B,facebook,"1.3.4",225,skpcp,21,61,0.9761500000,25
2026-05-25,cr,RM06B,facebook,"1.3.4",225,splcp,77,97,2.2154500000,42
2026-05-25,cr,RM06B,facebook,"1.3.4",225,xzcp,25,62,0.5003500000,23
2026-05-25,do,RM06B,facebook,"1.3.3",75,ALL,63,367,6.7099000000,214
2026-05-25,do,RM06B,facebook,"1.3.3",75,bkcp,10,11,0.0653500000,5
2026-05-25,do,RM06B,facebook,"1.3.3",75,cl_open,48,55,2.3835500000,65
2026-05-25,do,RM06B,facebook,"1.3.3",75,ho_open,40,119,2.0786500000,64
2026-05-25,do,RM06B,facebook,"1.3.3",75,ngdcp,30,30,0.9146000000,37
2026-05-25,do,RM06B,facebook,"1.3.3",75,searcp,13,17,0.1915500000,7
2026-05-25,do,RM06B,facebook,"1.3.3",75,skpcp,10,13,0.2165500000,5
2026-05-25,do,RM06B,facebook,"1.3.3",75,splcp,32,44,0.4141500000,12
2026-05-25,do,RM06B,facebook,"1.3.3",75,xzcp,17,58,0.3511000000,11
2026-05-25,do,RM06B,facebook,"1.3.4",162,ALL,131,645,16.9796500000,398
2026-05-25,do,RM06B,facebook,"1.3.4",162,albcp,19,19,0.3007500000,9
2026-05-25,do,RM06B,facebook,"1.3.4",162,bkcp,23,26,0.2545500000,12
2026-05-25,do,RM06B,facebook,"1.3.4",162,cl_open,98,112,5.8265000000,122
2026-05-25,do,RM06B,facebook,"1.3.4",162,ho_open,79,208,5.9542500000,123
2026-05-25,do,RM06B,facebook,"1.3.4",162,ngdcp,53,55,1.5151000000,43
2026-05-25,do,RM06B,facebook,"1.3.4",162,searcp,22,30,0.5872000000,8
2026-05-25,do,RM06B,facebook,"1.3.4",162,splcp,52,73,1.3727000000,34
2026-05-25,do,RM06B,facebook,"1.3.4",162,xzcp,27,73,0.5037500000,27
2026-05-25,ec,RM06B,facebook,"1.3.3",186,ALL,156,969,15.0656500000,496
2026-05-25,ec,RM06B,facebook,"1.3.3",186,albcp,15,17,0.0871500000,10
2026-05-25,ec,RM06B,facebook,"1.3.3",186,bkcp,33,35,0.2600500000,16
2026-05-25,ec,RM06B,facebook,"1.3.3",186,cl_open,127,151,6.3172500000,106
2026-05-25,ec,RM06B,facebook,"1.3.3",186,cscp,12,19,0.0383500000,12
2026-05-25,ec,RM06B,facebook,"1.3.3",186,ho_open,77,230,4.0590500000,96
2026-05-25,ec,RM06B,facebook,"1.3.3",186,ngdcp,69,71,1.0214500000,42
2026-05-25,ec,RM06B,facebook,"1.3.3",186,searcp,38,45,0.6215500000,22
2026-05-25,ec,RM06B,facebook,"1.3.3",186,skpcp,24,73,0.2578500000,30
2026-05-25,ec,RM06B,facebook,"1.3.3",186,splcp,70,156,1.7517000000,64
2026-05-25,ec,RM06B,facebook,"1.3.3",186,xzcp,32,161,0.6166000000,92
2026-05-25,ec,RM06B,facebook,"1.3.4",419,ALL,351,2262,34.8075000000,986
2026-05-25,ec,RM06B,facebook,"1.3.4",419,albcp,44,46,0.9319000000,26
2026-05-25,ec,RM06B,facebook,"1.3.4",419,bkcp,52,58,0.7363000000,16
2026-05-25,ec,RM06B,facebook,"1.3.4",419,cl_open,275,307,12.2176500000,246
2026-05-25,ec,RM06B,facebook,"1.3.4",419,cscp,15,17,0.0363500000,6
2026-05-25,ec,RM06B,facebook,"1.3.4",419,ho_open,218,542,9.8481500000,259
2026-05-25,ec,RM06B,facebook,"1.3.4",419,ngdcp,185,190,3.8659500000,124
2026-05-25,ec,RM06B,facebook,"1.3.4",419,offlcp,17,18,0.0559500000,3
2026-05-25,ec,RM06B,facebook,"1.3.4",419,searcp,75,106,1.0445000000,41
2026-05-25,ec,RM06B,facebook,"1.3.4",419,skpcp,37,171,0.7143000000,22
2026-05-25,ec,RM06B,facebook,"1.3.4",419,splcp,175,303,3.4005500000,105
2026-05-25,ec,RM06B,facebook,"1.3.4",419,xzcp,82,487,1.7990500000,133
2026-05-25,es,RM06B,facebook,"1.3.3",137,ALL,109,492,29.8776500000,225
2026-05-25,es,RM06B,facebook,"1.3.3",137,bkcp,21,24,1.4256000000,7
2026-05-25,es,RM06B,facebook,"1.3.3",137,cl_open,80,97,11.5122500000,66
2026-05-25,es,RM06B,facebook,"1.3.3",137,ho_open,49,132,7.7736500000,54
2026-05-25,es,RM06B,facebook,"1.3.3",137,ngdcp,46,48,2.7717000000,30
2026-05-25,es,RM06B,facebook,"1.3.3",137,searcp,29,36,1.9221000000,26
2026-05-25,es,RM06B,facebook,"1.3.3",137,splcp,46,58,2.3202000000,20
2026-05-25,es,RM06B,facebook,"1.3.3",137,xzcp,15,56,0.7787000000,7
2026-05-25,es,RM06B,Google Ads ACI,"1.3.4",58,ALL,47,564,6.3148500000,124
2026-05-25,es,RM06B,Google Ads ACI,"1.3.4",58,bkcp,21,30,0.1357000000,4
2026-05-25,es,RM06B,Google Ads ACI,"1.3.4",58,cl_open,36,44,1.4734000000,19
2026-05-25,es,RM06B,Google Ads ACI,"1.3.4",58,ho_open,31,98,1.2158000000,20
2026-05-25,es,RM06B,Google Ads ACI,"1.3.4",58,ngdcp,25,27,0.5161500000,9
2026-05-25,es,RM06B,Google Ads ACI,"1.3.4",58,searcp,35,64,0.7681000000,20
2026-05-25,es,RM06B,Google Ads ACI,"1.3.4",58,splcp,29,45,1.0104000000,7
2026-05-25,es,RM06B,Google Ads ACI,"1.3.4",58,xzcp,25,212,0.9489000000,38
2026-05-25,es,RM06B,facebook,"1.3.4",340,ALL,271,1282,71.5334000000,577
2026-05-25,es,RM06B,facebook,"1.3.4",340,albcp,28,30,1.6605000000,10
2026-05-25,es,RM06B,facebook,"1.3.4",340,bkcp,47,51,2.0006500000,16
2026-05-25,es,RM06B,facebook,"1.3.4",340,cl_open,189,225,26.4174500000,150
2026-05-25,es,RM06B,facebook,"1.3.4",340,ho_open,164,363,17.1913000000,152
2026-05-25,es,RM06B,facebook,"1.3.4",340,ngdcp,120,121,7.1780500000,68
2026-05-25,es,RM06B,facebook,"1.3.4",340,searcp,83,101,4.0838500000,43
2026-05-25,es,RM06B,facebook,"1.3.4",340,skpcp,22,37,0.9305000000,15
2026-05-25,es,RM06B,facebook,"1.3.4",340,splcp,121,182,7.4033000000,64
2026-05-25,es,RM06B,facebook,"1.3.4",340,stccp,13,13,0.5184500000,7
2026-05-25,es,RM06B,facebook,"1.3.4",340,xzcp,45,124,3.0981000000,36
2026-05-25,gh,RM06B,facebook,"1.3.3",78,ALL,65,493,5.8370000000,206
2026-05-25,gh,RM06B,facebook,"1.3.3",78,albcp,19,20,0.2370500000,11
2026-05-25,gh,RM06B,facebook,"1.3.3",78,bkcp,18,24,0.2333000000,7
2026-05-25,gh,RM06B,facebook,"1.3.3",78,cl_open,40,42,1.8019000000,54
2026-05-25,gh,RM06B,facebook,"1.3.3",78,ho_open,39,104,0.9512500000,39
2026-05-25,gh,RM06B,facebook,"1.3.3",78,ngdcp,26,26,0.5078000000,15
2026-05-25,gh,RM06B,facebook,"1.3.3",78,searcp,12,18,0.1068000000,4
2026-05-25,gh,RM06B,facebook,"1.3.3",78,skpcp,11,24,0.2643500000,8
2026-05-25,gh,RM06B,facebook,"1.3.3",78,splcp,38,74,1.0181500000,29
2026-05-25,gh,RM06B,facebook,"1.3.3",78,xzcp,24,135,0.5985000000,33
2026-05-25,gh,RM06B,facebook,"1.3.4",208,ALL,168,890,15.7584000000,593
2026-05-25,gh,RM06B,facebook,"1.3.4",208,albcp,42,46,0.8042000000,34
2026-05-25,gh,RM06B,facebook,"1.3.4",208,bkcp,29,31,0.3978500000,12
2026-05-25,gh,RM06B,facebook,"1.3.4",208,cl_open,108,112,4.3440000000,143
2026-05-25,gh,RM06B,facebook,"1.3.4",208,ho_open,104,299,4.7562500000,195
2026-05-25,gh,RM06B,facebook,"1.3.4",208,ngdcp,60,62,1.8657000000,50
2026-05-25,gh,RM06B,facebook,"1.3.4",208,searcp,34,39,0.4156500000,23
2026-05-25,gh,RM06B,facebook,"1.3.4",208,skpcp,21,39,0.4288000000,8
2026-05-25,gh,RM06B,facebook,"1.3.4",208,splcp,79,114,1.4871500000,57
2026-05-25,gh,RM06B,facebook,"1.3.4",208,xzcp,38,111,0.9049500000,47
2026-05-25,gt,RM06B,Google Ads ACI,"1.3.3",56,ALL,33,265,2.1396000000,105
2026-05-25,gt,RM06B,Google Ads ACI,"1.3.3",56,cl_open,23,28,0.7066000000,20
2026-05-25,gt,RM06B,Google Ads ACI,"1.3.3",56,ho_open,23,58,0.5631500000,25
2026-05-25,gt,RM06B,Google Ads ACI,"1.3.3",56,ngdcp,17,17,0.1928500000,13
2026-05-25,gt,RM06B,Google Ads ACI,"1.3.3",56,searcp,16,22,0.2449000000,6
2026-05-25,gt,RM06B,Google Ads ACI,"1.3.3",56,splcp,20,39,0.0733000000,11
2026-05-25,gt,RM06B,Google Ads ACI,"1.3.3",56,xzcp,15,56,0.2549000000,16
2026-05-25,gt,RM06B,facebook,"1.3.3",292,ALL,245,1581,17.2481000000,739
2026-05-25,gt,RM06B,facebook,"1.3.3",292,albcp,20,20,0.0893000000,10
2026-05-25,gt,RM06B,facebook,"1.3.3",292,bkcp,41,51,0.1833500000,14
2026-05-25,gt,RM06B,facebook,"1.3.3",292,cl_open,173,211,6.7149500000,165
2026-05-25,gt,RM06B,facebook,"1.3.3",292,cscp,16,25,0.0549500000,7
2026-05-25,gt,RM06B,facebook,"1.3.3",292,ho_open,159,508,4.6011000000,223
2026-05-25,gt,RM06B,facebook,"1.3.3",292,ngdcp,122,124,1.2550500000,68
2026-05-25,gt,RM06B,facebook,"1.3.3",292,offlcp,11,12,0.0499500000,3
2026-05-25,gt,RM06B,facebook,"1.3.3",292,searcp,84,112,0.8832000000,43
2026-05-25,gt,RM06B,facebook,"1.3.3",292,skpcp,27,67,0.2321000000,27
2026-05-25,gt,RM06B,facebook,"1.3.3",292,splcp,149,230,2.0775000000,101
2026-05-25,gt,RM06B,facebook,"1.3.3",292,xzcp,72,200,1.0274000000,67
2026-05-25,gt,RM06B,Google Ads ACI,"1.3.4",71,ALL,33,475,1.8990500000,153
2026-05-25,gt,RM06B,Google Ads ACI,"1.3.4",71,bkcp,13,22,0.0386500000,12
2026-05-25,gt,RM06B,Google Ads ACI,"1.3.4",71,cl_open,25,31,0.4801500000,17
2026-05-25,gt,RM06B,Google Ads ACI,"1.3.4",71,ho_open,27,134,0.4730500000,51
2026-05-25,gt,RM06B,Google Ads ACI,"1.3.4",71,ngdcp,15,15,0.1449500000,14
2026-05-25,gt,RM06B,Google Ads ACI,"1.3.4",71,searcp,18,24,0.0923000000,6
2026-05-25,gt,RM06B,Google Ads ACI,"1.3.4",71,skpcp,11,44,0.1131000000,3
2026-05-25,gt,RM06B,Google Ads ACI,"1.3.4",71,splcp,21,59,0.2897500000,24
2026-05-25,gt,RM06B,Google Ads ACI,"1.3.4",71,xzcp,14,123,0.1433000000,20
2026-05-25,gt,RM06B,TIKTOK,"1.3.4",79,ALL,72,495,6.0693500000,354
2026-05-25,gt,RM06B,TIKTOK,"1.3.4",79,albcp,13,15,0.2220500000,12
2026-05-25,gt,RM06B,TIKTOK,"1.3.4",79,bkcp,21,26,0.2729500000,14
2026-05-25,gt,RM06B,TIKTOK,"1.3.4",79,cl_open,54,62,2.2230000000,75
2026-05-25,gt,RM06B,TIKTOK,"1.3.4",79,ho_open,50,126,1.4262500000,88
2026-05-25,gt,RM06B,TIKTOK,"1.3.4",79,ngdcp,33,33,0.5744500000,26
2026-05-25,gt,RM06B,TIKTOK,"1.3.4",79,searcp,20,28,0.1708000000,17
2026-05-25,gt,RM06B,TIKTOK,"1.3.4",79,skpcp,21,74,0.4682500000,44
2026-05-25,gt,RM06B,TIKTOK,"1.3.4",79,splcp,40,74,0.3961000000,40
2026-05-25,gt,RM06B,TIKTOK,"1.3.4",79,xzcp,18,38,0.2000000000,29
2026-05-25,gt,RM06B,facebook,"1.3.4",516,ALL,445,2976,45.7054000000,1508
2026-05-25,gt,RM06B,facebook,"1.3.4",516,albcp,50,62,0.4879000000,32
2026-05-25,gt,RM06B,facebook,"1.3.4",516,bkcp,88,106,0.8070000000,29
2026-05-25,gt,RM06B,facebook,"1.3.4",516,cl_open,348,394,16.4195000000,377
2026-05-25,gt,RM06B,facebook,"1.3.4",516,cscp,30,50,0.3507500000,19
2026-05-25,gt,RM06B,facebook,"1.3.4",516,ho_open,277,896,13.0664500000,397
2026-05-25,gt,RM06B,facebook,"1.3.4",516,ngdcp,249,251,4.9222500000,193
2026-05-25,gt,RM06B,facebook,"1.3.4",516,offlcp,20,26,0.0953000000,7
2026-05-25,gt,RM06B,facebook,"1.3.4",516,searcp,122,164,1.5885000000,78
2026-05-25,gt,RM06B,facebook,"1.3.4",516,secp,11,11,0.0208500000,3
2026-05-25,gt,RM06B,facebook,"1.3.4",516,skpcp,70,208,1.2987000000,69
2026-05-25,gt,RM06B,facebook,"1.3.4",516,splcp,238,392,4.2818000000,156
2026-05-25,gt,RM06B,facebook,"1.3.4",516,xzcp,115,394,2.0587500000,139
2026-05-25,hk,RM08,facebook,"1.2.4",137,ALL,122,845,37.5920280302,303
2026-05-25,hk,RM08,facebook,"1.2.4",137,ccopen,96,115,12.4926463571,86
2026-05-25,hk,RM08,facebook,"1.2.4",137,hhopen,80,218,9.6682550259,78
2026-05-25,hk,RM08,facebook,"1.2.4",137,insabb,34,37,2.0260291909,18
2026-05-25,hk,RM08,facebook,"1.2.4",137,insback,24,33,0.8478135033,5
2026-05-25,hk,RM08,facebook,"1.2.4",137,inscon,26,58,0.8387008536,25
2026-05-25,hk,RM08,facebook,"1.2.4",137,insdown,45,204,3.2985942607,34
2026-05-25,hk,RM08,facebook,"1.2.4",137,insnewgd,72,73,5.4331796308,39
2026-05-25,hk,RM08,facebook,"1.2.4",137,inssec,32,65,1.5554877829,13
2026-05-25,hk,RM08,facebook,"1.2.4",137,inssp,14,16,0.3712196562,3
2026-05-25,hn,RM06B,facebook,"1.3.3",190,ALL,166,824,8.5092500000,435
2026-05-25,hn,RM06B,facebook,"1.3.3",190,albcp,19,20,0.1387500000,11
2026-05-25,hn,RM06B,facebook,"1.3.3",190,bkcp,21,25,0.1032000000,6
2026-05-25,hn,RM06B,facebook,"1.3.3",190,cl_open,127,143,3.7272500000,110
2026-05-25,hn,RM06B,facebook,"1.3.3",190,ho_open,95,250,2.0057500000,129
2026-05-25,hn,RM06B,facebook,"1.3.3",190,ngdcp,73,73,1.0122500000,62
2026-05-25,hn,RM06B,facebook,"1.3.3",190,searcp,33,44,0.2862000000,17
2026-05-25,hn,RM06B,facebook,"1.3.3",190,skpcp,18,43,0.1924500000,17
2026-05-25,hn,RM06B,facebook,"1.3.3",190,splcp,74,107,0.7697000000,47
2026-05-25,hn,RM06B,facebook,"1.3.3",190,xzcp,28,99,0.1519500000,26
2026-05-25,hn,RM06B,facebook,"1.3.4",319,ALL,268,1362,16.0722500000,772
2026-05-25,hn,RM06B,facebook,"1.3.4",319,albcp,30,31,0.3352000000,17
2026-05-25,hn,RM06B,facebook,"1.3.4",319,bkcp,47,52,0.2987500000,17
2026-05-25,hn,RM06B,facebook,"1.3.4",319,cl_open,201,220,5.4975000000,187
2026-05-25,hn,RM06B,facebook,"1.3.4",319,cscp,12,15,0.0696500000,8
2026-05-25,hn,RM06B,facebook,"1.3.4",319,ho_open,152,365,4.4972500000,204
2026-05-25,hn,RM06B,facebook,"1.3.4",319,ngdcp,120,122,1.8110000000,106
2026-05-25,hn,RM06B,facebook,"1.3.4",319,searcp,57,66,0.5653500000,34
2026-05-25,hn,RM06B,facebook,"1.3.4",319,skpcp,41,103,0.3840000000,32
2026-05-25,hn,RM06B,facebook,"1.3.4",319,splcp,132,180,1.7108500000,93
2026-05-25,hn,RM06B,facebook,"1.3.4",319,xzcp,67,186,0.7087000000,60
2026-05-25,id,RM06B,Google Ads ACI,"1.3.3",562,ALL,410,3252,23.3978000000,1730
2026-05-25,id,RM06B,Google Ads ACI,"1.3.3",562,albcp,61,66,0.3921000000,37
2026-05-25,id,RM06B,Google Ads ACI,"1.3.3",562,bkcp,116,148,0.7450000000,48
2026-05-25,id,RM06B,Google Ads ACI,"1.3.3",562,cl_open,279,349,6.5025500000,344
2026-05-25,id,RM06B,Google Ads ACI,"1.3.3",562,cscp,45,57,0.2209000000,22
2026-05-25,id,RM06B,Google Ads ACI,"1.3.3",562,ho_open,255,874,6.3105000000,513
2026-05-25,id,RM06B,Google Ads ACI,"1.3.3",562,ngdcp,178,182,2.2211000000,128
2026-05-25,id,RM06B,Google Ads ACI,"1.3.3",562,offlcp,44,50,0.2321000000,15
2026-05-25,id,RM06B,Google Ads ACI,"1.3.3",562,searcp,154,224,1.7876500000,100
2026-05-25,id,RM06B,Google Ads ACI,"1.3.3",562,secp,10,10,0.1597000000,11
2026-05-25,id,RM06B,Google Ads ACI,"1.3.3",562,skpcp,24,26,0.1038000000,7
2026-05-25,id,RM06B,Google Ads ACI,"1.3.3",562,splcp,219,454,2.2888500000,177
2026-05-25,id,RM06B,Google Ads ACI,"1.3.3",562,xzcp,138,788,2.2888500000,320
2026-05-25,id,RM06B,facebook,"1.3.3",97,ALL,77,395,5.4943500000,259
2026-05-25,id,RM06B,facebook,"1.3.3",97,albcp,15,15,0.1965000000,8
2026-05-25,id,RM06B,facebook,"1.3.3",97,bkcp,14,15,0.0892000000,9
2026-05-25,id,RM06B,facebook,"1.3.3",97,cl_open,51,56,1.7398000000,56
2026-05-25,id,RM06B,facebook,"1.3.3",97,ho_open,49,127,1.3404000000,69
2026-05-25,id,RM06B,facebook,"1.3.3",97,ngdcp,35,35,0.7710500000,28
2026-05-25,id,RM06B,facebook,"1.3.3",97,searcp,24,29,0.3192500000,24
2026-05-25,id,RM06B,facebook,"1.3.3",97,splcp,43,53,0.4743000000,39
2026-05-25,id,RM06B,facebook,"1.3.3",97,xzcp,20,46,0.4036500000,18
2026-05-25,id,RM06B,unknown,"1.3.3",112,ALL,50,203,0.5548500000,65
2026-05-25,id,RM06B,unknown,"1.3.3",112,cl_open,40,52,0.2613000000,14
2026-05-25,id,RM06B,unknown,"1.3.3",112,ho_open,22,49,0.1154500000,22
2026-05-25,id,RM06B,unknown,"1.3.3",112,ngdcp,10,11,0.0188000000,7
2026-05-25,id,RM06B,unknown,"1.3.3",112,searcp,11,16,0.0366000000,3
2026-05-25,id,RM06B,unknown,"1.3.3",112,splcp,15,22,0.0364000000,8
2026-05-25,id,RM06B,Google Ads ACI,"1.3.4",1487,ALL,1197,8949,53.0527000000,4557
2026-05-25,id,RM06B,Google Ads ACI,"1.3.4",1487,albcp,168,190,1.1952000000,113
2026-05-25,id,RM06B,Google Ads ACI,"1.3.4",1487,bkcp,380,467,1.4986500000,185
2026-05-25,id,RM06B,Google Ads ACI,"1.3.4",1487,cl_open,793,973,13.7136500000,851
2026-05-25,id,RM06B,Google Ads ACI,"1.3.4",1487,cscp,132,174,0.4838500000,73
2026-05-25,id,RM06B,Google Ads ACI,"1.3.4",1487,ho_open,753,2495,13.4340500000,1166
2026-05-25,id,RM06B,Google Ads ACI,"1.3.4",1487,lkcp,15,15,0.0401500000,3
2026-05-25,id,RM06B,Google Ads ACI,"1.3.4",1487,ngdcp,550,575,5.1315500000,414
2026-05-25,id,RM06B,Google Ads ACI,"1.3.4",1487,offlcp,104,114,0.3306000000,41
2026-05-25,id,RM06B,Google Ads ACI,"1.3.4",1487,rkgcp,12,13,0.1535500000,5
2026-05-25,id,RM06B,Google Ads ACI,"1.3.4",1487,searcp,494,644,4.1721000000,293
2026-05-25,id,RM06B,Google Ads ACI,"1.3.4",1487,secp,32,32,0.3160000000,20
2026-05-25,id,RM06B,Google Ads ACI,"1.3.4",1487,skpcp,115,208,0.9166000000,80
2026-05-25,id,RM06B,Google Ads ACI,"1.3.4",1487,splcp,691,1220,5.4816000000,564
2026-05-25,id,RM06B,Google Ads ACI,"1.3.4",1487,stccp,21,21,0.1032500000,10
2026-05-25,id,RM06B,Google Ads ACI,"1.3.4",1487,xzcp,415,1798,6.0622000000,735
2026-05-25,id,RM06B,facebook,"1.3.4",260,ALL,216,1288,23.8989500000,839
2026-05-25,id,RM06B,facebook,"1.3.4",260,albcp,44,48,0.8962500000,27
2026-05-25,id,RM06B,facebook,"1.3.4",260,bkcp,63,72,0.7963000000,33
2026-05-25,id,RM06B,facebook,"1.3.4",260,cl_open,133,149,6.0588500000,155
2026-05-25,id,RM06B,facebook,"1.3.4",260,ho_open,150,439,7.9785000000,271
2026-05-25,id,RM06B,facebook,"1.3.4",260,ngdcp,90,90,1.6711000000,74
2026-05-25,id,RM06B,facebook,"1.3.4",260,offlcp,11,12,0.0478500000,6
2026-05-25,id,RM06B,facebook,"1.3.4",260,searcp,67,81,1.2145000000,44
2026-05-25,id,RM06B,facebook,"1.3.4",260,skpcp,18,45,1.2723000000,22
2026-05-25,id,RM06B,facebook,"1.3.4",260,splcp,112,182,2.1769000000,111
2026-05-25,id,RM06B,facebook,"1.3.4",260,xzcp,43,153,1.5572000000,86
2026-05-25,id,RM06B,unknown,"1.3.4",324,ALL,145,666,1.5029000000,281
2026-05-25,id,RM06B,unknown,"1.3.4",324,bkcp,22,37,0.0469500000,14
2026-05-25,id,RM06B,unknown,"1.3.4",324,cl_open,119,142,0.6146000000,61
2026-05-25,id,RM06B,unknown,"1.3.4",324,cscp,10,15,0.0292500000,4
2026-05-25,id,RM06B,unknown,"1.3.4",324,ho_open,49,157,0.3090500000,72
2026-05-25,id,RM06B,unknown,"1.3.4",324,ngdcp,24,24,0.0920000000,11
2026-05-25,id,RM06B,unknown,"1.3.4",324,searcp,27,36,0.0698000000,12
2026-05-25,id,RM06B,unknown,"1.3.4",324,splcp,30,58,0.1003000000,21
2026-05-25,id,RM06B,unknown,"1.3.4",324,xzcp,24,166,0.1990000000,69
2026-05-25,id,RM08,Google Ads ACI,"1.2.4",57,ALL,46,552,2.7727926409,241
2026-05-25,id,RM08,Google Ads ACI,"1.2.4",57,ccopen,26,33,0.3577501028,15
2026-05-25,id,RM08,Google Ads ACI,"1.2.4",57,hhopen,31,104,0.6450704688,50
2026-05-25,id,RM08,Google Ads ACI,"1.2.4",57,insback,22,23,0.0980121288,5
2026-05-25,id,RM08,Google Ads ACI,"1.2.4",57,inscon,19,49,0.1539424683,16
2026-05-25,id,RM08,Google Ads ACI,"1.2.4",57,insdown,35,233,0.8178670123,103
2026-05-25,id,RM08,Google Ads ACI,"1.2.4",57,insnewgd,23,24,0.2519135995,16
2026-05-25,id,RM08,Google Ads ACI,"1.2.4",57,inssec,33,45,0.2062802292,21
2026-05-25,id,RM08,facebook,"1.2.4",313,ALL,285,1768,23.7864754005,942
2026-05-25,id,RM08,facebook,"1.2.4",313,ccopen,176,219,6.0193430469,209
2026-05-25,id,RM08,facebook,"1.2.4",313,hhopen,198,478,7.8358353320,267
2026-05-25,id,RM08,facebook,"1.2.4",313,insabb,76,90,1.1644039714,57
2026-05-25,id,RM08,facebook,"1.2.4",313,insback,64,79,0.6951642080,23
2026-05-25,id,RM08,facebook,"1.2.4",313,inscon,63,136,0.9080335883,39
2026-05-25,id,RM08,facebook,"1.2.4",313,insdown,83,419,2.3530434202,129
2026-05-25,id,RM08,facebook,"1.2.4",313,insnewgd,118,120,2.6458718169,101
2026-05-25,id,RM08,facebook,"1.2.4",313,insplayn,43,111,1.1139019145,65
2026-05-25,id,RM08,facebook,"1.2.4",313,inssec,46,58,0.4696092405,25
2026-05-25,id,RM08,facebook,"1.2.4",313,inssp,27,35,0.3504678445,11
2026-05-25,id,RM08,unknown,"1.2.4",53,ALL,47,183,1.0245523497,86
2026-05-25,id,RM08,unknown,"1.2.4",53,ccopen,37,41,0.6301015400,14
2026-05-25,id,RM08,unknown,"1.2.4",53,hhopen,17,33,0.2188945302,17
2026-05-25,iq,RM06B,Google Ads ACI,"1.3.4",85,ALL,69,551,0.4849000000,124
2026-05-25,iq,RM06B,Google Ads ACI,"1.3.4",85,bkcp,23,28,0.0338500000,11
2026-05-25,iq,RM06B,Google Ads ACI,"1.3.4",85,cl_open,37,39,0.0725500000,23
2026-05-25,iq,RM06B,Google Ads ACI,"1.3.4",85,ho_open,46,114,0.0913500000,19
2026-05-25,iq,RM06B,Google Ads ACI,"1.3.4",85,ngdcp,32,32,0.0300000000,17
2026-05-25,iq,RM06B,Google Ads ACI,"1.3.4",85,searcp,42,55,0.0547500000,13
2026-05-25,iq,RM06B,Google Ads ACI,"1.3.4",85,splcp,50,93,0.0908500000,14
2026-05-25,iq,RM06B,Google Ads ACI,"1.3.4",85,xzcp,34,150,0.0800500000,26
2026-05-25,ke,RM06B,facebook,"1.3.3",103,ALL,83,773,6.7725500000,339
2026-05-25,ke,RM06B,facebook,"1.3.3",103,albcp,16,21,0.2360500000,5
2026-05-25,ke,RM06B,facebook,"1.3.3",103,bkcp,21,21,0.0924000000,9
2026-05-25,ke,RM06B,facebook,"1.3.3",103,cl_open,51,57,2.5231500000,40
2026-05-25,ke,RM06B,facebook,"1.3.3",103,cscp,13,20,0.0733000000,9
2026-05-25,ke,RM06B,facebook,"1.3.3",103,ho_open,51,194,1.1671000000,86
2026-05-25,ke,RM06B,facebook,"1.3.3",103,ngdcp,33,33,0.7716500000,24
2026-05-25,ke,RM06B,facebook,"1.3.3",103,searcp,33,54,0.3744000000,21
2026-05-25,ke,RM06B,facebook,"1.3.3",103,skpcp,16,44,0.1535500000,18
2026-05-25,ke,RM06B,facebook,"1.3.3",103,splcp,44,99,0.5678500000,37
2026-05-25,ke,RM06B,facebook,"1.3.3",103,xzcp,41,220,0.7679000000,88
2026-05-25,ke,RM06B,facebook,"1.3.4",236,ALL,194,1509,17.8454000000,700
2026-05-25,ke,RM06B,facebook,"1.3.4",236,albcp,51,56,0.5747000000,33
2026-05-25,ke,RM06B,facebook,"1.3.4",236,bkcp,60,63,0.5648500000,14
2026-05-25,ke,RM06B,facebook,"1.3.4",236,cl_open,105,117,4.9013500000,91
2026-05-25,ke,RM06B,facebook,"1.3.4",236,cscp,16,17,0.0617500000,10
2026-05-25,ke,RM06B,facebook,"1.3.4",236,ho_open,121,337,4.2427000000,150
2026-05-25,ke,RM06B,facebook,"1.3.4",236,ngdcp,77,77,1.4133000000,59
2026-05-25,ke,RM06B,facebook,"1.3.4",236,searcp,58,76,0.7100500000,26
2026-05-25,ke,RM06B,facebook,"1.3.4",236,skpcp,22,107,0.3259500000,35
2026-05-25,ke,RM06B,facebook,"1.3.4",236,splcp,111,187,2.1239500000,91
2026-05-25,ke,RM06B,facebook,"1.3.4",236,xzcp,92,455,2.5979500000,188
2026-05-25,ke,RM08,Google Ads ACI,"1.2.4",67,ALL,55,564,3.6621302126,200
2026-05-25,ke,RM08,Google Ads ACI,"1.2.4",67,ccopen,29,38,0.7866311004,22
2026-05-25,ke,RM08,Google Ads ACI,"1.2.4",67,hhopen,33,98,0.6638155601,41
2026-05-25,ke,RM08,Google Ads ACI,"1.2.4",67,insback,23,23,0.1130615922,2
2026-05-25,ke,RM08,Google Ads ACI,"1.2.4",67,inscon,26,59,0.2673438667,23
2026-05-25,ke,RM08,Google Ads ACI,"1.2.4",67,insdown,35,233,0.9436560242,65
2026-05-25,ke,RM08,Google Ads ACI,"1.2.4",67,insnewgd,23,24,0.2133198467,10
2026-05-25,ke,RM08,Google Ads ACI,"1.2.4",67,inssec,28,45,0.3545468014,18
2026-05-25,ma,RM06B,Google Ads ACI,"1.3.4",103,ALL,83,793,1.2909000000,278
2026-05-25,ma,RM06B,Google Ads ACI,"1.3.4",103,albcp,16,18,0.0428000000,9
2026-05-25,ma,RM06B,Google Ads ACI,"1.3.4",103,bkcp,27,34,0.0354000000,6
2026-05-25,ma,RM06B,Google Ads ACI,"1.3.4",103,cl_open,43,49,0.2831500000,43
2026-05-25,ma,RM06B,Google Ads ACI,"1.3.4",103,ho_open,45,132,0.2002000000,51
2026-05-25,ma,RM06B,Google Ads ACI,"1.3.4",103,ngdcp,32,38,0.1330500000,24
2026-05-25,ma,RM06B,Google Ads ACI,"1.3.4",103,offlcp,14,16,0.0106500000,6
2026-05-25,ma,RM06B,Google Ads ACI,"1.3.4",103,searcp,41,68,0.0969000000,15
2026-05-25,ma,RM06B,Google Ads ACI,"1.3.4",103,splcp,48,135,0.1273000000,27
2026-05-25,ma,RM06B,Google Ads ACI,"1.3.4",103,xzcp,50,279,0.2792000000,90
2026-05-25,mg,RM08,facebook,"1.2.4",54,ALL,45,171,1.2635355135,111
2026-05-25,mg,RM08,facebook,"1.2.4",54,ccopen,36,40,0.4536218037,46
2026-05-25,mg,RM08,facebook,"1.2.4",54,hhopen,21,34,0.3181357976,29
2026-05-25,mg,RM08,facebook,"1.2.4",54,insabb,10,10,0.0273328732,1
2026-05-25,mg,RM08,facebook,"1.2.4",54,insback,12,12,0.0600106256,3
2026-05-25,mg,RM08,facebook,"1.2.4",54,inscon,11,11,0.0351902789,4
2026-05-25,mg,RM08,facebook,"1.2.4",54,insdown,15,20,0.1070971532,5
2026-05-25,mg,RM08,facebook,"1.2.4",54,insnewgd,19,19,0.1358698783,13
2026-05-25,mg,RM08,facebook,"1.2.4",54,inssec,12,12,0.0393261633,6
2026-05-25,mx,RM06B,Google Ads ACI,"1.3.3",387,ALL,221,3060,22.5672000000,1028
2026-05-25,mx,RM06B,Google Ads ACI,"1.3.3",387,albcp,32,42,0.2780000000,15
2026-05-25,mx,RM06B,Google Ads ACI,"1.3.3",387,bkcp,88,146,0.4901500000,45
2026-05-25,mx,RM06B,Google Ads ACI,"1.3.3",387,cl_open,151,184,5.5052500000,75
2026-05-25,mx,RM06B,Google Ads ACI,"1.3.3",387,cscp,35,60,0.1627500000,25
2026-05-25,mx,RM06B,Google Ads ACI,"1.3.3",387,ho_open,152,529,5.9971000000,221
2026-05-25,mx,RM06B,Google Ads ACI,"1.3.3",387,lkcp,10,14,0.0492500000,4
2026-05-25,mx,RM06B,Google Ads ACI,"1.3.3",387,ngdcp,109,118,2.0096000000,59
2026-05-25,mx,RM06B,Google Ads ACI,"1.3.3",387,offlcp,30,34,0.1277000000,8
2026-05-25,mx,RM06B,Google Ads ACI,"1.3.3",387,searcp,119,192,1.3503000000,61
2026-05-25,mx,RM06B,Google Ads ACI,"1.3.3",387,skpcp,32,287,1.0097000000,69
2026-05-25,mx,RM06B,Google Ads ACI,"1.3.3",387,splcp,125,343,1.7465000000,129
2026-05-25,mx,RM06B,Google Ads ACI,"1.3.3",387,xzcp,93,1090,3.4385000000,308
2026-05-25,mx,RM06B,facebook,"1.3.3",2734,ALL,2296,16243,400.1710500000,7547
2026-05-25,mx,RM06B,facebook,"1.3.3",2734,albcp,328,403,8.8758500000,220
2026-05-25,mx,RM06B,facebook,"1.3.3",2734,bkcp,474,598,7.9454000000,217
2026-05-25,mx,RM06B,facebook,"1.3.3",2734,cl_open,1714,2053,131.4565500000,1528
2026-05-25,mx,RM06B,facebook,"1.3.3",2734,cscp,138,181,1.9467000000,124
2026-05-25,mx,RM06B,facebook,"1.3.3",2734,ho_open,1477,4475,120.1849500000,2045
2026-05-25,mx,RM06B,facebook,"1.3.3",2734,jclcp,17,26,0.1807000000,14
2026-05-25,mx,RM06B,facebook,"1.3.3",2734,lkcp,20,23,0.2320500000,9
2026-05-25,mx,RM06B,facebook,"1.3.3",2734,ngdcp,1027,1059,35.9309500000,644
2026-05-25,mx,RM06B,facebook,"1.3.3",2734,offlcp,112,135,0.7759000000,48
2026-05-25,mx,RM06B,facebook,"1.3.3",2734,rkgcp,30,30,0.8214000000,9
2026-05-25,mx,RM06B,facebook,"1.3.3",2734,searcp,567,792,14.7549500000,306
2026-05-25,mx,RM06B,facebook,"1.3.3",2734,secp,50,51,1.6883000000,19
2026-05-25,mx,RM06B,facebook,"1.3.3",2734,skpcp,301,1061,9.7744500000,357
2026-05-25,mx,RM06B,facebook,"1.3.3",2734,splcp,1078,1986,38.6343000000,725
2026-05-25,mx,RM06B,facebook,"1.3.3",2734,stccp,39,42,1.0136500000,19
2026-05-25,mx,RM06B,facebook,"1.3.3",2734,xzcp,602,3328,25.9549500000,1263
2026-05-25,mx,RM06B,unknown,"1.3.3",236,ALL,173,509,10.9030500000,150
2026-05-25,mx,RM06B,unknown,"1.3.3",236,bkcp,13,14,0.1068500000,5
2026-05-25,mx,RM06B,unknown,"1.3.3",236,cl_open,159,171,8.1462500000,22
2026-05-25,mx,RM06B,unknown,"1.3.3",236,ho_open,27,78,1.3372500000,42
2026-05-25,mx,RM06B,unknown,"1.3.3",236,ngdcp,15,15,0.2439500000,7
2026-05-25,mx,RM06B,unknown,"1.3.3",236,searcp,13,25,0.1355500000,10
2026-05-25,mx,RM06B,unknown,"1.3.3",236,splcp,15,25,0.2045500000,6
2026-05-25,mx,RM06B,unknown,"1.3.3",236,xzcp,11,142,0.4628000000,42
2026-05-25,mx,RM06B,Google Ads ACI,"1.3.4",521,ALL,276,4027,28.9614500000,1391
2026-05-25,mx,RM06B,Google Ads ACI,"1.3.4",521,albcp,37,47,0.5027500000,18
2026-05-25,mx,RM06B,Google Ads ACI,"1.3.4",521,bkcp,108,160,0.6177000000,42
2026-05-25,mx,RM06B,Google Ads ACI,"1.3.4",521,cl_open,209,265,8.3485500000,131
2026-05-25,mx,RM06B,Google Ads ACI,"1.3.4",521,cscp,31,41,0.1834500000,15
2026-05-25,mx,RM06B,Google Ads ACI,"1.3.4",521,ho_open,189,712,5.8061000000,273
2026-05-25,mx,RM06B,Google Ads ACI,"1.3.4",521,ngdcp,151,157,2.5391500000,75
2026-05-25,mx,RM06B,Google Ads ACI,"1.3.4",521,offlcp,43,50,0.1899000000,18
2026-05-25,mx,RM06B,Google Ads ACI,"1.3.4",521,searcp,154,243,1.8424000000,96
2026-05-25,mx,RM06B,Google Ads ACI,"1.3.4",521,skpcp,45,346,1.1981000000,128
2026-05-25,mx,RM06B,Google Ads ACI,"1.3.4",521,splcp,175,465,2.6402500000,142
2026-05-25,mx,RM06B,Google Ads ACI,"1.3.4",521,xzcp,142,1506,4.7553000000,438
2026-05-25,mx,RM06B,TIKTOK,"1.3.4",56,ALL,48,255,6.1267500000,140
2026-05-25,mx,RM06B,TIKTOK,"1.3.4",56,cl_open,40,43,2.4321500000,37
2026-05-25,mx,RM06B,TIKTOK,"1.3.4",56,ho_open,25,67,0.9831500000,37
2026-05-25,mx,RM06B,TIKTOK,"1.3.4",56,ngdcp,18,18,0.5284000000,8
2026-05-25,mx,RM06B,TIKTOK,"1.3.4",56,searcp,11,12,0.1297000000,3
2026-05-25,mx,RM06B,TIKTOK,"1.3.4",56,splcp,23,33,0.7222500000,12
2026-05-25,mx,RM06B,TIKTOK,"1.3.4",56,xzcp,12,43,0.5635000000,27
2026-05-25,mx,RM06B,facebook,"1.3.4",4204,ALL,3536,22278,627.0837500000,10732
2026-05-25,mx,RM06B,facebook,"1.3.4",4204,albcp,474,531,11.6026000000,239
2026-05-25,mx,RM06B,facebook,"1.3.4",4204,bkcp,709,812,10.3001500000,303
2026-05-25,mx,RM06B,facebook,"1.3.4",4204,cl_open,2680,3127,213.9226500000,2345
2026-05-25,mx,RM06B,facebook,"1.3.4",4204,cscp,151,185,2.5956500000,103
2026-05-25,mx,RM06B,facebook,"1.3.4",4204,ho_open,2231,6003,185.0515500000,2792
2026-05-25,mx,RM06B,facebook,"1.3.4",4204,jclcp,16,17,0.1067500000,8
2026-05-25,mx,RM06B,facebook,"1.3.4",4204,lkcp,44,45,0.5085500000,38
2026-05-25,mx,RM06B,facebook,"1.3.4",4204,ngdcp,1607,1650,58.7536500000,1023
2026-05-25,mx,RM06B,facebook,"1.3.4",4204,offlcp,160,172,2.0618500000,57
2026-05-25,mx,RM06B,facebook,"1.3.4",4204,rkgcp,48,49,1.8065500000,33
2026-05-25,mx,RM06B,facebook,"1.3.4",4204,searcp,822,1067,20.7364000000,427
2026-05-25,mx,RM06B,facebook,"1.3.4",4204,secp,74,79,2.7807000000,34
2026-05-25,mx,RM06B,facebook,"1.3.4",4204,skpcp,396,1301,13.6070000000,632
2026-05-25,mx,RM06B,facebook,"1.3.4",4204,splcp,1724,2620,60.7045500000,960
2026-05-25,mx,RM06B,facebook,"1.3.4",4204,stccp,81,85,2.0977000000,44
2026-05-25,mx,RM06B,facebook,"1.3.4",4204,xzcp,845,4535,40.4474500000,1694
2026-05-25,mx,RM06B,unknown,"1.3.4",258,ALL,205,331,13.2515500000,66
2026-05-25,mx,RM06B,unknown,"1.3.4",258,cl_open,188,193,11.9043500000,21
2026-05-25,mx,RM06B,unknown,"1.3.4",258,ho_open,24,41,0.8129000000,11
2026-05-25,mx,RM06B,unknown,"1.3.4",258,splcp,11,25,0.2565500000,6
2026-05-25,mx,RM08,Google Ads ACI,"1.2.4",98,ALL,84,1434,8.4663581837,426
2026-05-25,mx,RM08,Google Ads ACI,"1.2.4",98,ccopen,63,87,1.3972751711,35
2026-05-25,mx,RM08,Google Ads ACI,"1.2.4",98,hhopen,50,231,1.5287098048,79
2026-05-25,mx,RM08,Google Ads ACI,"1.2.4",98,insabb,16,31,0.0815932955,16
2026-05-25,mx,RM08,Google Ads ACI,"1.2.4",98,insback,36,54,0.2156573284,22
2026-05-25,mx,RM08,Google Ads ACI,"1.2.4",98,inscon,36,171,0.4974980995,42
2026-05-25,mx,RM08,Google Ads ACI,"1.2.4",98,insdown,45,518,2.3257513958,143
2026-05-25,mx,RM08,Google Ads ACI,"1.2.4",98,inshg,10,11,0.0667910348,5
2026-05-25,mx,RM08,Google Ads ACI,"1.2.4",98,insnewgd,49,51,0.6634688455,17
2026-05-25,mx,RM08,Google Ads ACI,"1.2.4",98,insplayn,18,137,1.0104475036,21
2026-05-25,mx,RM08,Google Ads ACI,"1.2.4",98,inssec,47,91,0.5446851155,31
2026-05-25,mx,RM08,Google Ads ACI,"1.2.4",98,inssp,20,43,0.1187685587,12
2026-05-25,mx,RM08,facebook,"1.2.4",1235,ALL,962,4601,171.2636935460,2079
2026-05-25,mx,RM08,facebook,"1.2.4",1235,ccopen,680,805,52.5789162544,600
2026-05-25,mx,RM08,facebook,"1.2.4",1235,hhopen,565,1442,56.8256497682,548
2026-05-25,mx,RM08,facebook,"1.2.4",1235,insabb,169,177,7.0184969190,82
2026-05-25,mx,RM08,facebook,"1.2.4",1235,insatt,20,20,0.6129620871,11
2026-05-25,mx,RM08,facebook,"1.2.4",1235,insback,146,155,4.2023937539,47
2026-05-25,mx,RM08,facebook,"1.2.4",1235,inscon,141,248,4.9455209452,76
2026-05-25,mx,RM08,facebook,"1.2.4",1235,insdown,209,702,10.4189103295,261
2026-05-25,mx,RM08,facebook,"1.2.4",1235,inshg,18,19,0.4431356527,4
2026-05-25,mx,RM08,facebook,"1.2.4",1235,insnewgd,350,354,18.4241228755,200
2026-05-25,mx,RM08,facebook,"1.2.4",1235,inspa,17,17,0.4900515090,7
2026-05-25,mx,RM08,facebook,"1.2.4",1235,insplayn,165,447,10.8825061425,157
2026-05-25,mx,RM08,facebook,"1.2.4",1235,insrrr,13,13,0.5046069798,11
2026-05-25,mx,RM08,facebook,"1.2.4",1235,inssec,120,138,3.0497115866,58
2026-05-25,mx,RM08,facebook,"1.2.4",1235,inssp,42,54,0.7338317824,16
2026-05-25,mx,RM08,unknown,"1.2.4",224,ALL,185,403,10.9342323326,79
2026-05-25,mx,RM08,unknown,"1.2.4",224,ccopen,172,190,9.9766702568,17
2026-05-25,mx,RM08,unknown,"1.2.4",224,hhopen,32,84,0.5810531657,18
2026-05-25,my,RM08,facebook,"1.2.4",75,ALL,61,325,9.6878127151,178
2026-05-25,my,RM08,facebook,"1.2.4",75,ccopen,39,49,2.3765966850,37
2026-05-25,my,RM08,facebook,"1.2.4",75,hhopen,39,96,3.5053282005,57
2026-05-25,my,RM08,facebook,"1.2.4",75,insabb,10,11,0.4252811851,7
2026-05-25,my,RM08,facebook,"1.2.4",75,insback,17,17,0.3259622004,8
2026-05-25,my,RM08,facebook,"1.2.4",75,inscon,12,24,0.3886527139,10
2026-05-25,my,RM08,facebook,"1.2.4",75,insdown,17,58,0.8573209402,23
2026-05-25,my,RM08,facebook,"1.2.4",75,insnewgd,31,32,1.2128250945,24
2026-05-25,my,RM08,facebook,"1.2.4",75,inssec,12,13,0.2478394823,6
2026-05-25,ng,RM06B,facebook,"1.3.3",138,ALL,112,619,8.2411500000,304
2026-05-25,ng,RM06B,facebook,"1.3.3",138,albcp,23,25,0.3588000000,16
2026-05-25,ng,RM06B,facebook,"1.3.3",138,bkcp,20,21,0.1914000000,8
2026-05-25,ng,RM06B,facebook,"1.3.3",138,cl_open,48,64,1.9483000000,51
2026-05-25,ng,RM06B,facebook,"1.3.3",138,cscp,11,18,0.0752500000,5
2026-05-25,ng,RM06B,facebook,"1.3.3",138,ho_open,64,182,2.4058500000,96
2026-05-25,ng,RM06B,facebook,"1.3.3",138,ngdcp,32,33,0.4854000000,23
2026-05-25,ng,RM06B,facebook,"1.3.3",138,searcp,18,25,0.3428500000,6
2026-05-25,ng,RM06B,facebook,"1.3.3",138,skpcp,16,30,0.2665500000,5
2026-05-25,ng,RM06B,facebook,"1.3.3",138,splcp,55,92,1.1114500000,54
2026-05-25,ng,RM06B,facebook,"1.3.3",138,xzcp,31,122,0.9392500000,37
2026-05-25,ng,RM06B,facebook,"1.3.4",316,ALL,261,1401,18.3263000000,810
2026-05-25,ng,RM06B,facebook,"1.3.4",316,albcp,41,45,0.5380500000,33
2026-05-25,ng,RM06B,facebook,"1.3.4",316,bkcp,42,47,0.4285500000,12
2026-05-25,ng,RM06B,facebook,"1.3.4",316,cl_open,138,149,4.0789500000,153
2026-05-25,ng,RM06B,facebook,"1.3.4",316,ho_open,166,422,5.3648500000,224
2026-05-25,ng,RM06B,facebook,"1.3.4",316,ngdcp,106,107,2.1710500000,80
2026-05-25,ng,RM06B,facebook,"1.3.4",316,searcp,31,38,0.4363000000,26
2026-05-25,ng,RM06B,facebook,"1.3.4",316,skpcp,29,68,0.6531500000,44
2026-05-25,ng,RM06B,facebook,"1.3.4",316,splcp,113,189,2.1681500000,85
2026-05-25,ng,RM06B,facebook,"1.3.4",316,xzcp,62,305,2.1520000000,133
2026-05-25,ng,RM08,facebook,"1.2.4",101,ALL,78,494,5.0420222121,254
2026-05-25,ng,RM08,facebook,"1.2.4",101,ccopen,39,44,0.8846634777,37
2026-05-25,ng,RM08,facebook,"1.2.4",101,hhopen,44,103,1.2658012168,50
2026-05-25,ng,RM08,facebook,"1.2.4",101,insabb,15,15,0.1547936825,9
2026-05-25,ng,RM08,facebook,"1.2.4",101,insback,23,23,0.2376885570,3
2026-05-25,ng,RM08,facebook,"1.2.4",101,inscon,23,45,0.4850042072,27
2026-05-25,ng,RM08,facebook,"1.2.4",101,insdown,29,149,1.0046547861,76
2026-05-25,ng,RM08,facebook,"1.2.4",101,insnewgd,30,31,0.4794365722,15
2026-05-25,ng,RM08,facebook,"1.2.4",101,insplayn,14,55,0.2116130744,27
2026-05-25,ni,RM06B,facebook,"1.3.3",142,ALL,121,947,6.9371500000,432
2026-05-25,ni,RM06B,facebook,"1.3.3",142,albcp,25,28,0.3108000000,8
2026-05-25,ni,RM06B,facebook,"1.3.3",142,bkcp,27,31,0.0946000000,14
2026-05-25,ni,RM06B,facebook,"1.3.3",142,cl_open,90,98,2.1682000000,106
2026-05-25,ni,RM06B,facebook,"1.3.3",142,cscp,15,16,0.0477000000,6
2026-05-25,ni,RM06B,facebook,"1.3.3",142,ho_open,76,244,1.8323000000,94
2026-05-25,ni,RM06B,facebook,"1.3.3",142,ngdcp,63,64,0.5783000000,54
2026-05-25,ni,RM06B,facebook,"1.3.3",142,searcp,42,56,0.3818500000,29
2026-05-25,ni,RM06B,facebook,"1.3.3",142,skpcp,28,94,0.3689500000,25
2026-05-25,ni,RM06B,facebook,"1.3.3",142,splcp,73,119,0.4845500000,48
2026-05-25,ni,RM06B,facebook,"1.3.3",142,xzcp,40,182,0.6272000000,43
2026-05-25,ni,RM06B,facebook,"1.3.4",288,ALL,235,1359,11.5456500000,791
2026-05-25,ni,RM06B,facebook,"1.3.4",288,albcp,17,18,0.1222500000,17
2026-05-25,ni,RM06B,facebook,"1.3.4",288,bkcp,46,49,0.1496000000,21
2026-05-25,ni,RM06B,facebook,"1.3.4",288,cl_open,173,195,4.2367500000,212
2026-05-25,ni,RM06B,facebook,"1.3.4",288,cscp,19,22,0.0677000000,4
2026-05-25,ni,RM06B,facebook,"1.3.4",288,ho_open,142,378,3.3362000000,218
2026-05-25,ni,RM06B,facebook,"1.3.4",288,ngdcp,104,109,0.9950500000,88
2026-05-25,ni,RM06B,facebook,"1.3.4",288,offlcp,11,11,0.0221500000,4
2026-05-25,ni,RM06B,facebook,"1.3.4",288,searcp,57,67,0.3807000000,39
2026-05-25,ni,RM06B,facebook,"1.3.4",288,skpcp,31,76,0.2518500000,37
2026-05-25,ni,RM06B,facebook,"1.3.4",288,splcp,108,171,1.1953500000,61
2026-05-25,ni,RM06B,facebook,"1.3.4",288,xzcp,59,248,0.6945000000,85
2026-05-25,pa,RM06B,facebook,"1.3.4",71,ALL,60,220,5.3431000000,102
2026-05-25,pa,RM06B,facebook,"1.3.4",71,bkcp,10,10,0.0956000000,2
2026-05-25,pa,RM06B,facebook,"1.3.4",71,cl_open,41,52,2.2264000000,31
2026-05-25,pa,RM06B,facebook,"1.3.4",71,ho_open,31,58,0.9366000000,26
2026-05-25,pa,RM06B,facebook,"1.3.4",71,ngdcp,38,40,1.1920000000,28
2026-05-25,pa,RM06B,facebook,"1.3.4",71,searcp,14,14,0.2676000000,3
2026-05-25,pa,RM06B,facebook,"1.3.4",71,splcp,23,26,0.4152000000,8
2026-05-25,pe,RM06B,TIKTOK,"1.3.3",104,ALL,97,703,18.1695500000,384
2026-05-25,pe,RM06B,TIKTOK,"1.3.3",104,albcp,10,17,0.0716500000,6
2026-05-25,pe,RM06B,TIKTOK,"1.3.3",104,bkcp,18,27,0.6698500000,20
2026-05-25,pe,RM06B,TIKTOK,"1.3.3",104,cl_open,79,85,8.5114500000,82
2026-05-25,pe,RM06B,TIKTOK,"1.3.3",104,ho_open,53,157,3.7609000000,71
2026-05-25,pe,RM06B,TIKTOK,"1.3.3",104,ngdcp,56,56,1.2174000000,26
2026-05-25,pe,RM06B,TIKTOK,"1.3.3",104,searcp,30,45,0.9266500000,23
2026-05-25,pe,RM06B,TIKTOK,"1.3.3",104,skpcp,14,37,0.1120500000,20
2026-05-25,pe,RM06B,TIKTOK,"1.3.3",104,splcp,54,110,2.0959500000,45
2026-05-25,pe,RM06B,TIKTOK,"1.3.3",104,xzcp,17,151,0.7005500000,85
2026-05-25,pe,RM06B,facebook,"1.3.3",347,ALL,274,1522,46.9234500000,725
2026-05-25,pe,RM06B,facebook,"1.3.3",347,albcp,26,34,0.4960000000,11
2026-05-25,pe,RM06B,facebook,"1.3.3",347,bkcp,53,63,0.9046500000,15
2026-05-25,pe,RM06B,facebook,"1.3.3",347,cl_open,194,225,20.5823500000,194
2026-05-25,pe,RM06B,facebook,"1.3.3",347,cscp,16,16,0.1150000000,8
2026-05-25,pe,RM06B,facebook,"1.3.3",347,ho_open,152,473,9.7040000000,220
2026-05-25,pe,RM06B,facebook,"1.3.3",347,ngdcp,122,126,4.9663000000,86
2026-05-25,pe,RM06B,facebook,"1.3.3",347,searcp,70,100,2.3048500000,44
2026-05-25,pe,RM06B,facebook,"1.3.3",347,skpcp,34,97,0.6929500000,34
2026-05-25,pe,RM06B,facebook,"1.3.3",347,splcp,126,195,5.1220500000,56
2026-05-25,pe,RM06B,facebook,"1.3.3",347,xzcp,65,171,1.4527500000,50
2026-05-25,pe,RM06B,Google Ads ACI,"1.3.4",83,ALL,49,391,6.5794000000,149
2026-05-25,pe,RM06B,Google Ads ACI,"1.3.4",83,bkcp,17,19,0.1761000000,9
2026-05-25,pe,RM06B,Google Ads ACI,"1.3.4",83,cl_open,33,40,2.4715000000,23
2026-05-25,pe,RM06B,Google Ads ACI,"1.3.4",83,ho_open,28,96,1.2106500000,42
2026-05-25,pe,RM06B,Google Ads ACI,"1.3.4",83,ngdcp,26,26,1.1012000000,12
2026-05-25,pe,RM06B,Google Ads ACI,"1.3.4",83,searcp,27,35,0.5976500000,14
2026-05-25,pe,RM06B,Google Ads ACI,"1.3.4",83,splcp,30,53,0.3656500000,9
2026-05-25,pe,RM06B,Google Ads ACI,"1.3.4",83,xzcp,21,94,0.3177500000,27
2026-05-25,pe,RM06B,TIKTOK,"1.3.4",154,ALL,140,1023,30.1934000000,491
2026-05-25,pe,RM06B,TIKTOK,"1.3.4",154,albcp,17,20,0.6801000000,5
2026-05-25,pe,RM06B,TIKTOK,"1.3.4",154,bkcp,30,39,0.1709500000,19
2026-05-25,pe,RM06B,TIKTOK,"1.3.4",154,cl_open,119,135,14.9527500000,106
2026-05-25,pe,RM06B,TIKTOK,"1.3.4",154,ho_open,81,245,5.7437000000,115
2026-05-25,pe,RM06B,TIKTOK,"1.3.4",154,ngdcp,89,91,2.4152500000,52
2026-05-25,pe,RM06B,TIKTOK,"1.3.4",154,searcp,39,56,0.8920000000,16
2026-05-25,pe,RM06B,TIKTOK,"1.3.4",154,skpcp,20,36,0.3782000000,9
2026-05-25,pe,RM06B,TIKTOK,"1.3.4",154,splcp,86,144,3.6323500000,55
2026-05-25,pe,RM06B,TIKTOK,"1.3.4",154,xzcp,43,225,1.1845000000,105
2026-05-25,pe,RM06B,facebook,"1.3.4",793,ALL,687,3850,147.5405500000,1969
2026-05-25,pe,RM06B,facebook,"1.3.4",793,albcp,67,74,2.0491000000,24
2026-05-25,pe,RM06B,facebook,"1.3.4",793,bkcp,126,144,2.7384000000,51
2026-05-25,pe,RM06B,facebook,"1.3.4",793,cl_open,521,581,59.0262500000,474
2026-05-25,pe,RM06B,facebook,"1.3.4",793,cscp,36,46,0.6256000000,16
2026-05-25,pe,RM06B,facebook,"1.3.4",793,ho_open,407,1123,36.3608000000,550
2026-05-25,pe,RM06B,facebook,"1.3.4",793,ngdcp,302,303,14.9583000000,202
2026-05-25,pe,RM06B,facebook,"1.3.4",793,offlcp,28,30,0.5301000000,8
2026-05-25,pe,RM06B,facebook,"1.3.4",793,searcp,173,219,7.1363000000,114
2026-05-25,pe,RM06B,facebook,"1.3.4",793,secp,20,20,0.2395500000,7
2026-05-25,pe,RM06B,facebook,"1.3.4",793,skpcp,73,212,3.5459000000,94
2026-05-25,pe,RM06B,facebook,"1.3.4",793,splcp,318,489,14.4924000000,211
2026-05-25,pe,RM06B,facebook,"1.3.4",793,stccp,12,14,0.4639000000,11
2026-05-25,pe,RM06B,facebook,"1.3.4",793,xzcp,145,576,5.0831000000,202
2026-05-25,pe,RM08,facebook,"1.2.4",159,ALL,130,719,22.2951858844,417
2026-05-25,pe,RM08,facebook,"1.2.4",159,ccopen,92,116,7.1408641284,138
2026-05-25,pe,RM08,facebook,"1.2.4",159,hhopen,80,211,5.6813121962,98
2026-05-25,pe,RM08,facebook,"1.2.4",159,insabb,21,21,0.6273608432,9
2026-05-25,pe,RM08,facebook,"1.2.4",159,insback,18,21,0.2026867269,3
2026-05-25,pe,RM08,facebook,"1.2.4",159,inscon,24,41,0.5478686351,13
2026-05-25,pe,RM08,facebook,"1.2.4",159,insdown,33,117,1.7800921517,38
2026-05-25,pe,RM08,facebook,"1.2.4",159,insnewgd,65,66,3.4173230076,54
2026-05-25,pe,RM08,facebook,"1.2.4",159,insplayn,34,72,1.6372013265,30
2026-05-25,pe,RM08,facebook,"1.2.4",159,inssec,29,39,0.8750396815,24
2026-05-25,ph,RM06B,Google Ads ACI,"1.3.3",56,ALL,42,330,4.0818500000,115
2026-05-25,ph,RM06B,Google Ads ACI,"1.3.3",56,bkcp,11,14,0.0341500000,3
2026-05-25,ph,RM06B,Google Ads ACI,"1.3.3",56,cl_open,25,29,0.6599500000,11
2026-05-25,ph,RM06B,Google Ads ACI,"1.3.3",56,ho_open,28,68,1.4121500000,23
2026-05-25,ph,RM06B,Google Ads ACI,"1.3.3",56,ngdcp,17,17,0.3444500000,8
2026-05-25,ph,RM06B,Google Ads ACI,"1.3.3",56,searcp,16,25,0.2636500000,12
2026-05-25,ph,RM06B,Google Ads ACI,"1.3.3",56,splcp,20,28,0.3204500000,16
2026-05-25,ph,RM06B,Google Ads ACI,"1.3.3",56,xzcp,14,122,0.7989500000,29
2026-05-25,ph,RM06B,Google Ads ACI,"1.3.4",125,ALL,103,1007,5.1113500000,446
2026-05-25,ph,RM06B,Google Ads ACI,"1.3.4",125,albcp,14,16,0.3393500000,9
2026-05-25,ph,RM06B,Google Ads ACI,"1.3.4",125,bkcp,34,47,0.1012000000,28
2026-05-25,ph,RM06B,Google Ads ACI,"1.3.4",125,cl_open,79,92,1.6100000000,66
2026-05-25,ph,RM06B,Google Ads ACI,"1.3.4",125,cscp,11,12,0.0204500000,2
2026-05-25,ph,RM06B,Google Ads ACI,"1.3.4",125,ho_open,62,160,1.2394500000,77
2026-05-25,ph,RM06B,Google Ads ACI,"1.3.4",125,ngdcp,42,48,0.4578000000,31
2026-05-25,ph,RM06B,Google Ads ACI,"1.3.4",125,offlcp,14,19,0.0151000000,6
2026-05-25,ph,RM06B,Google Ads ACI,"1.3.4",125,searcp,39,70,0.1667000000,18
2026-05-25,ph,RM06B,Google Ads ACI,"1.3.4",125,splcp,49,105,0.4574500000,39
2026-05-25,ph,RM06B,Google Ads ACI,"1.3.4",125,xzcp,45,393,0.5760000000,142
2026-05-25,ph,RM08,Google Ads ACI,"1.2.4",80,ALL,57,869,2.6646066991,252
2026-05-25,ph,RM08,Google Ads ACI,"1.2.4",80,ccopen,34,51,0.4946834629,31
2026-05-25,ph,RM08,Google Ads ACI,"1.2.4",80,hhopen,36,94,0.4873441607,28
2026-05-25,ph,RM08,Google Ads ACI,"1.2.4",80,insabb,10,13,0.0789708192,3
2026-05-25,ph,RM08,Google Ads ACI,"1.2.4",80,insback,33,42,0.0836417591,11
2026-05-25,ph,RM08,Google Ads ACI,"1.2.4",80,inscon,31,112,0.2131265658,34
2026-05-25,ph,RM08,Google Ads ACI,"1.2.4",80,insdown,41,366,0.7248502859,84
2026-05-25,ph,RM08,Google Ads ACI,"1.2.4",80,inshg,19,22,0.0278237515,6
2026-05-25,ph,RM08,Google Ads ACI,"1.2.4",80,insnewgd,32,43,0.2389072722,18
2026-05-25,ph,RM08,Google Ads ACI,"1.2.4",80,insplayn,10,17,0.0497730346,6
2026-05-25,ph,RM08,Google Ads ACI,"1.2.4",80,inssec,40,83,0.1821782746,24
2026-05-25,ph,RM08,Google Ads ACI,"1.2.4",80,inssp,12,20,0.0618210720,6
2026-05-25,ph,RM08,facebook,"1.2.4",1498,ALL,1251,7385,89.3267765060,3759
2026-05-25,ph,RM08,facebook,"1.2.4",1498,ccopen,767,904,22.7641205351,775
2026-05-25,ph,RM08,facebook,"1.2.4",1498,hhopen,737,1545,23.3711637591,864
2026-05-25,ph,RM08,facebook,"1.2.4",1498,insabb,182,189,2.6630048253,93
2026-05-25,ph,RM08,facebook,"1.2.4",1498,insatt,23,23,0.4654300175,15
2026-05-25,ph,RM08,facebook,"1.2.4",1498,insback,258,274,2.1036349910,115
2026-05-25,ph,RM08,facebook,"1.2.4",1498,inscon,306,621,4.2249500573,229
2026-05-25,ph,RM08,facebook,"1.2.4",1498,insdown,457,2375,13.8766031493,886
2026-05-25,ph,RM08,facebook,"1.2.4",1498,inshg,79,87,0.7037115684,36
2026-05-25,ph,RM08,facebook,"1.2.4",1498,insnewgd,526,533,10.3345538132,370
2026-05-25,ph,RM08,facebook,"1.2.4",1498,inspa,10,11,0.0931706891,6
2026-05-25,ph,RM08,facebook,"1.2.4",1498,insplayn,154,257,3.3660588377,126
2026-05-25,ph,RM08,facebook,"1.2.4",1498,insrrr,17,17,0.4346268874,18
2026-05-25,ph,RM08,facebook,"1.2.4",1498,inssec,308,421,3.8445635249,179
2026-05-25,ph,RM08,facebook,"1.2.4",1498,inssp,90,119,0.9154877068,42
2026-05-25,ph,RM08,unknown,"1.2.4",205,ALL,168,415,5.2260801394,104
2026-05-25,ph,RM08,unknown,"1.2.4",205,ccopen,144,155,4.0785369548,18
2026-05-25,ph,RM08,unknown,"1.2.4",205,hhopen,43,93,0.5604114806,35
2026-05-25,pr,RM06B,facebook,"1.3.4",62,ALL,53,172,13.1486000000,137
2026-05-25,pr,RM06B,facebook,"1.3.4",62,cl_open,49,52,5.6978000000,54
2026-05-25,pr,RM06B,facebook,"1.3.4",62,ho_open,27,56,3.5703000000,39
2026-05-25,pr,RM06B,facebook,"1.3.4",62,ngdcp,22,22,1.6258000000,18
2026-05-25,pr,RM06B,facebook,"1.3.4",62,splcp,12,14,0.7195000000,7
2026-05-25,pt,RM06B,facebook,"1.3.4",87,ALL,70,310,20.5978000000,157
2026-05-25,pt,RM06B,facebook,"1.3.4",87,bkcp,12,13,0.7067500000,5
2026-05-25,pt,RM06B,facebook,"1.3.4",87,cl_open,47,59,8.1556500000,44
2026-05-25,pt,RM06B,facebook,"1.3.4",87,ho_open,39,96,4.5577000000,28
2026-05-25,pt,RM06B,facebook,"1.3.4",87,ngdcp,22,24,1.7149000000,21
2026-05-25,pt,RM06B,facebook,"1.3.4",87,searcp,14,15,0.6257500000,10
2026-05-25,pt,RM06B,facebook,"1.3.4",87,splcp,30,40,2.2332000000,12
2026-05-25,pt,RM06B,facebook,"1.3.4",87,xzcp,20,25,1.2672500000,14
2026-05-25,py,RM06B,facebook,"1.3.3",70,ALL,61,311,5.1894500000,164
2026-05-25,py,RM06B,facebook,"1.3.3",70,bkcp,13,15,0.2250500000,7
2026-05-25,py,RM06B,facebook,"1.3.3",70,cl_open,45,53,1.9003500000,47
2026-05-25,py,RM06B,facebook,"1.3.3",70,ho_open,47,98,1.6388500000,54
2026-05-25,py,RM06B,facebook,"1.3.3",70,ngdcp,31,31,0.5101500000,15
2026-05-25,py,RM06B,facebook,"1.3.3",70,searcp,12,16,0.0689500000,4
2026-05-25,py,RM06B,facebook,"1.3.3",70,splcp,30,48,0.4608000000,11
2026-05-25,py,RM06B,facebook,"1.3.3",70,xzcp,12,26,0.1686500000,12
2026-05-25,py,RM06B,facebook,"1.3.4",151,ALL,131,851,11.4196500000,456
2026-05-25,py,RM06B,facebook,"1.3.4",151,albcp,20,29,0.2213500000,15
2026-05-25,py,RM06B,facebook,"1.3.4",151,bkcp,24,34,0.0673500000,10
2026-05-25,py,RM06B,facebook,"1.3.4",151,cl_open,93,108,4.3278000000,107
2026-05-25,py,RM06B,facebook,"1.3.4",151,cscp,10,13,0.0653000000,4
2026-05-25,py,RM06B,facebook,"1.3.4",151,ho_open,79,242,3.0234000000,118
2026-05-25,py,RM06B,facebook,"1.3.4",151,ngdcp,53,53,1.1536000000,48
2026-05-25,py,RM06B,facebook,"1.3.4",151,searcp,38,42,0.4916500000,28
2026-05-25,py,RM06B,facebook,"1.3.4",151,skpcp,19,61,0.2755500000,28
2026-05-25,py,RM06B,facebook,"1.3.4",151,splcp,56,95,0.9816000000,25
2026-05-25,py,RM06B,facebook,"1.3.4",151,xzcp,31,154,0.7049000000,66
2026-05-25,sv,RM06B,facebook,"1.3.3",207,ALL,163,906,12.7743000000,395
2026-05-25,sv,RM06B,facebook,"1.3.3",207,albcp,15,17,0.1080500000,11
2026-05-25,sv,RM06B,facebook,"1.3.3",207,bkcp,30,32,0.3352000000,9
2026-05-25,sv,RM06B,facebook,"1.3.3",207,cl_open,123,148,4.5794000000,113
2026-05-25,sv,RM06B,facebook,"1.3.3",207,ho_open,102,298,3.5574500000,116
2026-05-25,sv,RM06B,facebook,"1.3.3",207,ngdcp,71,71,0.9667500000,60
2026-05-25,sv,RM06B,facebook,"1.3.3",207,searcp,47,52,0.5810000000,13
2026-05-25,sv,RM06B,facebook,"1.3.3",207,skpcp,21,60,0.3544000000,12
2026-05-25,sv,RM06B,facebook,"1.3.3",207,splcp,79,112,1.4888500000,34
2026-05-25,sv,RM06B,facebook,"1.3.3",207,xzcp,32,94,0.5785000000,21
2026-05-25,sv,RM06B,facebook,"1.3.4",329,ALL,292,1505,23.8476500000,765
2026-05-25,sv,RM06B,facebook,"1.3.4",329,albcp,32,33,0.4094500000,19
2026-05-25,sv,RM06B,facebook,"1.3.4",329,bkcp,47,53,0.5840500000,12
2026-05-25,sv,RM06B,facebook,"1.3.4",329,cl_open,234,270,9.4302000000,205
2026-05-25,sv,RM06B,facebook,"1.3.4",329,cscp,17,25,0.0445500000,10
2026-05-25,sv,RM06B,facebook,"1.3.4",329,ho_open,167,422,5.7459500000,196
2026-05-25,sv,RM06B,facebook,"1.3.4",329,ngdcp,138,139,2.4150500000,76
2026-05-25,sv,RM06B,facebook,"1.3.4",329,searcp,70,96,0.8004000000,45
2026-05-25,sv,RM06B,facebook,"1.3.4",329,skpcp,32,60,0.7078500000,36
2026-05-25,sv,RM06B,facebook,"1.3.4",329,splcp,142,230,2.1857000000,88
2026-05-25,sv,RM06B,facebook,"1.3.4",329,xzcp,61,144,1.0402500000,60
2026-05-25,tz,RM06B,facebook,"1.3.4",81,ALL,53,361,2.6899500000,148
2026-05-25,tz,RM06B,facebook,"1.3.4",81,albcp,14,18,0.1036000000,10
2026-05-25,tz,RM06B,facebook,"1.3.4",81,cl_open,28,28,0.8572000000,29
2026-05-25,tz,RM06B,facebook,"1.3.4",81,ho_open,39,104,0.6583500000,46
2026-05-25,tz,RM06B,facebook,"1.3.4",81,ngdcp,23,23,0.2185500000,16
2026-05-25,tz,RM06B,facebook,"1.3.4",81,searcp,11,14,0.1443000000,6
2026-05-25,tz,RM06B,facebook,"1.3.4",81,splcp,30,43,0.3097000000,11
2026-05-25,tz,RM06B,facebook,"1.3.4",81,xzcp,20,94,0.2216000000,14
2026-05-25,us,RM06B,facebook,"1.3.3",682,ALL,559,2777,401.3710000000,1291
2026-05-25,us,RM06B,facebook,"1.3.3",682,albcp,90,108,15.2986000000,41
2026-05-25,us,RM06B,facebook,"1.3.3",682,bkcp,62,69,7.2988000000,31
2026-05-25,us,RM06B,facebook,"1.3.3",682,cl_open,451,513,133.3921500000,363
2026-05-25,us,RM06B,facebook,"1.3.3",682,cscp,24,34,1.9128000000,9
2026-05-25,us,RM06B,facebook,"1.3.3",682,ho_open,326,816,114.9838500000,351
2026-05-25,us,RM06B,facebook,"1.3.3",682,ngdcp,250,252,49.0180000000,153
2026-05-25,us,RM06B,facebook,"1.3.3",682,searcp,104,140,15.7799500000,74
2026-05-25,us,RM06B,facebook,"1.3.3",682,secp,17,17,3.0861500000,10
2026-05-25,us,RM06B,facebook,"1.3.3",682,skpcp,33,113,4.6018500000,25
2026-05-25,us,RM06B,facebook,"1.3.3",682,splcp,220,332,34.2757000000,106
2026-05-25,us,RM06B,facebook,"1.3.3",682,stccp,20,24,2.6201000000,15
2026-05-25,us,RM06B,facebook,"1.3.3",682,xzcp,74,337,17.1618000000,106
2026-05-25,us,RM06B,unknown,"1.3.3",74,ALL,56,67,15.3883500000,11
2026-05-25,us,RM06B,unknown,"1.3.3",74,cl_open,53,55,13.1103500000,9
2026-05-25,us,RM06B,facebook,"1.3.4",1050,ALL,894,4283,730.2577500000,1848
2026-05-25,us,RM06B,facebook,"1.3.4",1050,albcp,151,189,29.6393500000,84
2026-05-25,us,RM06B,facebook,"1.3.4",1050,bkcp,91,107,11.4453000000,36
2026-05-25,us,RM06B,facebook,"1.3.4",1050,cl_open,736,809,230.6869500000,463
2026-05-25,us,RM06B,facebook,"1.3.4",1050,cscp,34,36,4.4717000000,15
2026-05-25,us,RM06B,facebook,"1.3.4",1050,ho_open,518,1278,225.8880000000,529
2026-05-25,us,RM06B,facebook,"1.3.4",1050,ngdcp,411,415,84.0334500000,230
2026-05-25,us,RM06B,facebook,"1.3.4",1050,offlcp,12,13,1.4881500000,5
2026-05-25,us,RM06B,facebook,"1.3.4",1050,searcp,158,191,24.8670000000,73
2026-05-25,us,RM06B,facebook,"1.3.4",1050,secp,20,20,2.9868000000,7
2026-05-25,us,RM06B,facebook,"1.3.4",1050,skpcp,43,105,6.7703000000,41
2026-05-25,us,RM06B,facebook,"1.3.4",1050,splcp,350,516,72.9187000000,193
2026-05-25,us,RM06B,facebook,"1.3.4",1050,stccp,14,15,3.3518500000,8
2026-05-25,us,RM06B,facebook,"1.3.4",1050,xzcp,132,571,30.0631000000,154
2026-05-25,us,RM06B,unknown,"1.3.4",87,ALL,65,70,16.2756000000,2
2026-05-25,us,RM06B,unknown,"1.3.4",87,cl_open,64,64,15.3740000000,0
2026-05-25,us,RM08,facebook,"1.2.4",634,ALL,560,3145,433.4858550286,1411
2026-05-25,us,RM08,facebook,"1.2.4",634,ccopen,441,513,128.3338629251,357
2026-05-25,us,RM08,facebook,"1.2.4",634,hhopen,297,645,102.4792002807,245
2026-05-25,us,RM08,facebook,"1.2.4",634,insabb,94,117,15.7045049157,50
2026-05-25,us,RM08,facebook,"1.2.4",634,insatt,20,20,3.9665124107,8
2026-05-25,us,RM08,facebook,"1.2.4",634,insback,69,77,7.0230316614,22
2026-05-25,us,RM08,facebook,"1.2.4",634,inscon,106,193,17.9865167815,81
2026-05-25,us,RM08,facebook,"1.2.4",634,insdown,161,830,54.5547288012,275
2026-05-25,us,RM08,facebook,"1.2.4",634,inshg,12,12,1.0921154595,6
2026-05-25,us,RM08,facebook,"1.2.4",634,insnewgd,288,291,55.8454092801,170
2026-05-25,us,RM08,facebook,"1.2.4",634,inspa,30,34,4.6375249966,18
2026-05-25,us,RM08,facebook,"1.2.4",634,insplayn,56,209,16.8117183049,100
2026-05-25,us,RM08,facebook,"1.2.4",634,insrrr,10,10,1.6287393071,4
2026-05-25,us,RM08,facebook,"1.2.4",634,inssec,95,116,16.6256728295,47
2026-05-25,us,RM08,facebook,"1.2.4",634,inssp,46,66,5.2323210863,24
2026-05-25,us,RM08,unknown,"1.2.4",104,ALL,95,181,28.3677593234,46
2026-05-25,us,RM08,unknown,"1.2.4",104,ccopen,89,91,23.4529617663,3
2026-05-25,us,RM08,unknown,"1.2.4",104,hhopen,15,33,2.5015061469,9
2026-05-25,uy,RM06B,facebook,"1.3.4",71,ALL,58,262,7.0196500000,139
2026-05-25,uy,RM06B,facebook,"1.3.4",71,bkcp,11,13,0.1162500000,3
2026-05-25,uy,RM06B,facebook,"1.3.4",71,cl_open,46,51,2.7564500000,35
2026-05-25,uy,RM06B,facebook,"1.3.4",71,ho_open,35,79,2.1198000000,42
2026-05-25,uy,RM06B,facebook,"1.3.4",71,ngdcp,34,34,0.8763000000,21
2026-05-25,uy,RM06B,facebook,"1.3.4",71,searcp,14,17,0.3783500000,7
2026-05-25,uy,RM06B,facebook,"1.3.4",71,splcp,23,30,0.4363000000,20
2026-05-25,ve,RM06B,facebook,"1.3.3",167,ALL,129,628,4.7856500000,327
2026-05-25,ve,RM06B,facebook,"1.3.3",167,albcp,16,16,0.1896000000,12
2026-05-25,ve,RM06B,facebook,"1.3.3",167,bkcp,22,24,0.1139500000,7
2026-05-25,ve,RM06B,facebook,"1.3.3",167,cl_open,84,101,1.8809500000,100
2026-05-25,ve,RM06B,facebook,"1.3.3",167,ho_open,73,167,1.1428000000,61
2026-05-25,ve,RM06B,facebook,"1.3.3",167,ngdcp,57,59,0.4381000000,50
2026-05-25,ve,RM06B,facebook,"1.3.3",167,searcp,31,39,0.1754500000,25
2026-05-25,ve,RM06B,facebook,"1.3.3",167,skpcp,19,54,0.1161500000,11
2026-05-25,ve,RM06B,facebook,"1.3.3",167,splcp,52,66,0.4315000000,31
2026-05-25,ve,RM06B,facebook,"1.3.3",167,xzcp,31,71,0.2100000000,21
2026-05-25,ve,RM06B,Google Ads ACI,"1.3.4",51,ALL,28,260,0.7731000000,177
2026-05-25,ve,RM06B,Google Ads ACI,"1.3.4",51,cl_open,25,30,0.3148000000,33
2026-05-25,ve,RM06B,Google Ads ACI,"1.3.4",51,ho_open,17,84,0.2059500000,73
2026-05-25,ve,RM06B,Google Ads ACI,"1.3.4",51,ngdcp,14,14,0.0831000000,9
2026-05-25,ve,RM06B,Google Ads ACI,"1.3.4",51,splcp,11,38,0.0459500000,17
2026-05-25,ve,RM06B,facebook,"1.3.4",292,ALL,229,1031,13.1628500000,555
2026-05-25,ve,RM06B,facebook,"1.3.4",292,albcp,33,39,0.3162500000,21
2026-05-25,ve,RM06B,facebook,"1.3.4",292,bkcp,38,41,0.1357500000,10
2026-05-25,ve,RM06B,facebook,"1.3.4",292,cl_open,166,194,5.6705000000,163
2026-05-25,ve,RM06B,facebook,"1.3.4",292,cscp,12,12,0.0405500000,3
2026-05-25,ve,RM06B,facebook,"1.3.4",292,ho_open,129,256,3.7434000000,149
2026-05-25,ve,RM06B,facebook,"1.3.4",292,ngdcp,106,107,1.6023500000,93
2026-05-25,ve,RM06B,facebook,"1.3.4",292,searcp,51,59,0.3787000000,35
2026-05-25,ve,RM06B,facebook,"1.3.4",292,secp,10,10,0.1091000000,0
2026-05-25,ve,RM06B,facebook,"1.3.4",292,skpcp,21,31,0.0738500000,8
2026-05-25,ve,RM06B,facebook,"1.3.4",292,splcp,85,135,0.7528000000,39
2026-05-25,ve,RM06B,facebook,"1.3.4",292,xzcp,42,132,0.2894500000,28
2026-05-25,za,RM06B,facebook,"1.3.4",199,ALL,152,967,19.3706500000,480
2026-05-25,za,RM06B,facebook,"1.3.4",199,albcp,19,34,0.4200000000,21
2026-05-25,za,RM06B,facebook,"1.3.4",199,bkcp,21,32,0.2735000000,6
2026-05-25,za,RM06B,facebook,"1.3.4",199,cl_open,78,85,5.4360500000,64
2026-05-25,za,RM06B,facebook,"1.3.4",199,ho_open,102,296,5.6216500000,138
2026-05-25,za,RM06B,facebook,"1.3.4",199,ngdcp,52,53,1.4321500000,37
2026-05-25,za,RM06B,facebook,"1.3.4",199,searcp,36,46,1.3135000000,26
2026-05-25,za,RM06B,facebook,"1.3.4",199,skpcp,18,52,0.4021500000,8
2026-05-25,za,RM06B,facebook,"1.3.4",199,splcp,65,116,1.8252000000,74
2026-05-25,za,RM06B,facebook,"1.3.4",199,xzcp,47,228,2.3576000000,95
2026-05-25,za,RM08,facebook,"1.2.4",67,ALL,50,288,5.8436089358,125
2026-05-25,za,RM08,facebook,"1.2.4",67,ccopen,28,33,1.4303967864,24
2026-05-25,za,RM08,facebook,"1.2.4",67,hhopen,32,66,2.2013212162,28
2026-05-25,za,RM08,facebook,"1.2.4",67,insback,13,13,0.1202458025,6
2026-05-25,za,RM08,facebook,"1.2.4",67,inscon,10,23,0.0614611161,6
2026-05-25,za,RM08,facebook,"1.2.4",67,insdown,21,80,0.5518246470,32
2026-05-25,za,RM08,facebook,"1.2.4",67,insnewgd,21,21,0.5093436090,13
2026-05-25,za,RM08,facebook,"1.2.4",67,insplayn,10,25,0.3908834178,3
2026-05-25,za,RM08,facebook,"1.2.4",67,inssec,13,13,0.1930396691,5
